Date,Open,High,Low,Close,Volume,Dividends,Stock Splits
2021-09-29 00:00:00-04:00,273.6183282247758,275.2210568191589,271.6125011755757,272.5626220703125,26353700,0.0,0.0
2021-09-30 00:00:00-04:00,274.20369075422246,276.23830803362955,270.27840943903544,270.56634521484375,32343600,0.0,0.0
2021-10-01 00:00:00-04:00,270.75821680304153,278.301687374449,269.9616561615891,277.4571228027344,30086300,0.0,0.0
2021-10-04 00:00:00-04:00,275.8256741827499,276.1615846612485,268.9636285015287,271.70843505859375,31350700,0.0,0.0
2021-10-05 00:00:00-04:00,272.61052278816857,278.7047968877301,272.61052278816857,277.130859375,24993000,0.0,0.0
2021-10-06 00:00:00-04:00,274.270845855537,281.80471044780717,274.0117300480355,281.3056335449219,28002600,0.0,0.0
2021-10-07 00:00:00-04:00,283.29234414696924,284.69356732402304,282.0831074655801,282.97564697265625,20430500,0.0,0.0
2021-10-08 00:00:00-04:00,284.2904689045215,284.69356732402304,281.9295475576061,282.97564697265625,17685700,0.0,0.0
2021-10-11 00:00:00-04:00,281.1232834858587,285.9698937714107,280.96011698698385,282.3805236816406,19298600,0.0,0.0
2021-10-12 00:00:00-04:00,283.44582055374815,283.541799129027,280.5762456707699,281.08489990234375,17974100,0.0,0.0
2021-10-13 00:00:00-04:00,283.0331577701654,285.307706593833,281.67033223174053,284.37677001953125,23416300,0.0,0.0
2021-10-14 00:00:00-04:00,287.16005163079296,291.0565428638463,285.83562301972944,290.5574951171875,27262900,0.0,0.0
2021-10-15 00:00:00-04:00,290.1639632249141,292.1890031616516,288.4172524202229,291.9586486816406,25384800,0.0,0.0
2021-10-18 00:00:00-04:00,291.3444853657865,295.79760575348956,290.49992047624994,294.9146728515625,22729300,0.0,0.0
2021-10-19 00:00:00-04:00,295.9319350570906,296.84365846900545,294.8474384623916,295.8167724609375,17682100,0.0,0.0
2021-10-20 00:00:00-04:00,296.75725195686545,297.2275382211196,293.7820916523756,295.0297546386719,16537100,0.0,0.0
2021-10-21 00:00:00-04:00,294.79951579299063,298.4944433215081,294.02210955476625,298.24493408203125,16918100,0.0,0.0
2021-10-22 00:00:00-04:00,297.8993420062516,298.56155617287357,295.40404521926826,296.70928955078125,17449300,0.0,0.0
2021-10-25 00:00:00-04:00,296.9011793012965,296.93957658837917,294.1179764030474,295.7207336425781,17554500,0.0,0.0
2021-10-26 00:00:00-04:00,298.475142899543,299.81875504845516,296.171803603044,297.6209716796875,28107300,0.0,0.0
2021-10-27 00:00:00-04:00,303.27383257307736,312.9670843453073,303.27383257307736,310.15509033203125,52588700,0.0,0.0
2021-10-28 00:00:00-04:00,311.2683538472866,311.78661480927093,308.41796248920383,311.2875671386719,26297900,0.0,0.0
2021-10-29 00:00:00-04:00,311.07645205149026,318.62950212965984,310.8557042019177,318.2648010253906,34766000,0.0,0.0
2021-11-01 00:00:00-04:00,318.0152251584686,318.1399943940643,313.2261952874065,316.1053771972656,27073200,0.0,0.0
2021-11-02 00:00:00-04:00,317.00752073679007,320.02107850414706,316.71000761817237,319.7139587402344,26487100,0.0,0.0
2021-11-03 00:00:00-04:00,320.4528800727002,321.4126071943846,317.333766927226,320.5488586425781,21500100,0.0,0.0
2021-11-04 00:00:00-04:00,319.48366550974254,322.98666463204586,316.2397822393411,322.89068603515625,23992200,0.0,0.0
2021-11-05 00:00:00-04:00,324.8772219585156,325.1459443683277,320.9519417312207,322.52587890625,22570100,0.0,0.0
2021-11-08 00:00:00-05:00,323.71603120896236,324.0519416472353,320.97122498059144,323.41851806640625,20897000,0.0,0.0
2021-11-09 00:00:00-05:00,323.5336680917774,325.07884433236194,321.0575844525398,322.42041015625,21307400,0.0,0.0
2021-11-10 00:00:00-05:00,321.09588131914967,321.1534625982001,316.6331564614686,317.4776916503906,25500900,0.0,0.0
2021-11-11 00:00:00-05:00,317.90961275273645,320.32811458361215,317.1994240467713,319.0420837402344,16849800,0.0,0.0
2021-11-12 00:00:00-05:00,320.47216845555636,323.6488636296379,320.34739921433277,323.1593933105469,23831000,0.0,0.0
2021-11-15 00:00:00-05:00,323.9464145492368,324.2727183705063,320.5777617974973,322.5356140136719,16723000,0.0,0.0
2021-11-16 00:00:00-05:00,322.16126404658087,326.95032335349225,321.99812680159425,325.8370361328125,20886800,0.0,0.0
2021-11-17 00:00:00-05:00,325.8851370775491,329.0099576589885,324.9813404697,326.0581970214844,19053400,0.62,0.0
2021-11-18 00:00:00-05:00,325.15438659772514,329.2599387046323,324.1352167372241,328.1253662109375,22463500,0.0,0.0
2021-11-19 00:00:00-05:00,329.4425098745019,331.8077495563362,329.0194550576367,329.8943786621094,21963400,0.0,0.0
2021-11-22 00:00:00-05:00,331.34626493417426,336.20177166262135,326.4715391090011,326.7407531738281,31031100,0.0,0.0
2021-11-23 00:00:00-05:00,324.067875438659,326.3754584116151,320.7123087229874,324.6736145019531,30427600,0.0,0.0
2021-11-24 00:00:00-05:00,323.32755315823283,325.1351461786082,321.0488427828943,324.894775390625,21661300,0.0,0.0
2021-11-26 00:00:00-05:00,321.4719515047793,324.9140488540787,315.48189990283305,316.9818115234375,24217200,0.0,0.0
2021-11-29 00:00:00-05:00,322.0391233399611,325.97158534962614,321.8468150001387,323.6640319824219,28563500,0.0,0.0
2021-11-30 00:00:00-05:00,322.40448405275345,324.7697239982536,316.31828027928486,317.8566589355469,42885600,0.0,0.0
2021-12-01 00:00:00-05:00,322.22180934894953,326.21195801552415,316.70290620086416,317.3663024902344,33337600,0.0,0.0
2021-12-02 00:00:00-05:00,317.577871266218,320.64500484816296,315.17416340213174,316.799072265625,30766000,0.0,0.0
2021-12-03 00:00:00-05:00,319.2027326168605,319.8854066749846,305.78043811748984,310.5686340332031,41779300,0.0,0.0
2021-12-06 00:00:00-05:00,311.47244701692887,314.83763770524575,306.9342458292847,313.62615966796875,30032600,0.0,0.0
2021-12-07 00:00:00-05:00,318.8663250684686,322.8660696420731,317.38563262002015,322.0199890136719,31021900,0.0,0.0
2021-12-08 00:00:00-05:00,322.394924443513,322.5776085960502,318.05862588929494,322.0680236816406,24761000,0.0,0.0
2021-12-09 00:00:00-05:00,321.5295600175577,323.5294319116375,319.3277555505204,320.27001953125,22214200,0.0,0.0
2021-12-10 00:00:00-05:00,322.0776255201496,329.7887095654795,321.894941380308,329.346435546875,38095700,0.0,0.0
2021-12-13 00:00:00-05:00,327.55805926915104,330.54828700278097,326.0196804228618,326.3273620605469,28899400,0.0,0.0
2021-12-14 00:00:00-05:00,320.38530871166824,321.75062723622483,311.6261849018413,315.6932678222656,44438700,0.0,0.0
2021-12-15 00:00:00-05:00,315.95300870998227,322.2795851671007,312.0013264864769,321.7603759765625,35381100,0.0,0.0
2021-12-16 00:00:00-05:00,322.77946305235776,323.7890378493558,310.57824093079836,312.3858337402344,35034800,0.0,0.0
2021-12-17 00:00:00-05:00,308.5207023277349,312.405102273891,305.03051397428044,311.3282165527344,47750300,0.0,0.0
2021-12-20 00:00:00-05:00,307.72260504980915,310.36668315061627,305.3381461233178,307.5880126953125,28326500,0.0,0.0
2021-12-21 00:00:00-05:00,310.83793531898675,315.10692339538815,307.48233874598975,314.6838684082031,24740600,0.0,0.0
2021-12-22 00:00:00-05:00,315.6548897596977,320.760362669551,313.2031195933652,320.3661804199219,24831500,0.0,0.0
2021-12-23 00:00:00-05:00,319.9334876096026,323.4333000256045,319.91426851160736,321.79876708984375,19617800,0.0,0.0
2021-12-27 00:00:00-05:00,322.539101111183,329.28873101360773,322.51025779288784,329.2598876953125,19947000,0.0,0.0
2021-12-28 00:00:00-05:00,329.93289096293216,330.5674732743384,327.21190693909,328.1060791015625,15661500,0.0,0.0
2021-12-29 00:00:00-05:00,328.1541263644873,331.0385752783578,326.59652864573826,328.77911376953125,15042000,0.0,0.0
2021-12-30 00:00:00-05:00,328.7407262620481,329.91373694625986,325.7697466785753,326.25048828125,15994500,0.0,0.0
2021-12-31 00:00:00-05:00,325.47164761227714,326.288884758608,322.9140990920403,323.3659973144531,18000800,0.0,0.0
2022-01-03 00:00:00-05:00,322.4333715730328,324.9812959837682,317.0779035290574,321.8564758300781,28865100,0.0,0.0
2022-01-04 00:00:00-05:00,321.9333951684874,322.2891685868689,313.5588850186426,316.33758544921875,32674300,0.0,0.0
2022-01-05 00:00:00-05:00,313.308871857317,313.5108044365724,303.8094433864934,304.19403076171875,40054300,0.0,0.0
2022-01-06 00:00:00-05:00,301.08842050942394,306.42466920650463,299.49235507622586,301.7903137207031,39646100,0.0,0.0
2022-01-07 00:00:00-05:00,302.049962942499,304.30945449198936,298.14634321960966,301.9442138671875,32720000,0.0,0.0
2022-01-10 00:00:00-05:00,297.56933505306506,302.59790121232373,292.9542288432168,302.16522216796875,44289500,0.0,0.0
2022-01-11 00:00:00-05:00,301.3095218517947,304.4150929012101,297.9539558539571,302.847900390625,29386800,0.0,0.0
2022-01-12 00:00:00-05:00,307.3573916511805,310.9533299467762,304.8671239840089,306.01129150390625,34372200,0.0,0.0
2022-01-13 00:00:00-05:00,308.1264806975711,308.5206922774309,292.2908533568236,293.0600280761719,45366000,0.0,0.0
2022-01-14 00:00:00-05:00,292.53120896925554,298.84815945566663,292.0504674590349,298.2520446777344,39846400,0.0,0.0
2022-01-18 00:00:00-05:00,292.3581164990314,297.8673948134617,290.1178448793746,290.9927978515625,42333200,0.0,0.0
2022-01-19 00:00:00-05:00,294.4926786966677,301.8191755170397,291.04095775062984,291.64666748046875,45933900,0.0,0.0
2022-01-20 00:00:00-05:00,297.1655554938759,299.64616870365205,289.5410024064944,289.9832763671875,35380700,0.0,0.0
2022-01-21 00:00:00-05:00,291.0313502433303,292.39663994676283,284.22403280045586,284.62786865234375,57984400,0.0,0.0
2022-01-24 00:00:00-05:00,280.9453743252705,285.6662305381032,265.4173987440913,284.9547424316406,85731500,0.0,0.0
2022-01-25 00:00:00-05:00,280.2915581603582,283.6279058744891,274.1861636133682,277.3782653808594,72848600,0.0,0.0
2022-01-26 00:00:00-05:00,296.1271434101873,296.61750913568017,281.7433657696805,285.2816162109375,90428900,0.0,0.0
2022-01-27 00:00:00-05:00,291.00240431729713,295.4636695050872,286.4545798515134,288.291015625,53481300,0.0,0.0
2022-01-28 00:00:00-05:00,288.6661016492175,296.59833777305556,283.10873012038377,296.3868103027344,49743700,0.0,0.0
2022-01-31 00:00:00-05:00,297.05023502997614,300.34811523788875,294.5695920371354,299.0020446777344,46444500,0.0,0.0
2022-02-01 00:00:00-05:00,298.45396439636784,298.6654918462446,293.37733494145994,296.8675231933594,40950400,0.0,0.0
2022-02-02 00:00:00-05:00,297.7040073654435,302.9825400250582,296.98289506365415,301.386474609375,36636000,0.0,0.0
2022-02-03 00:00:00-05:00,297.5694324128608,299.2424331685659,288.4064984985747,289.6468200683594,43730000,0.0,0.0
2022-02-04 00:00:00-05:00,288.64681946632084,296.9059553802916,288.4160729228112,294.1561279296875,35096500,0.0,0.0
2022-02-07 00:00:00-05:00,294.37731117460294,295.98297161566165,288.3487929994967,289.3583679199219,28533300,0.0,0.0
2022-02-08 00:00:00-05:00,289.64680820459523,293.79079836630905,288.3968918064597,292.8293151855469,32421200,0.0,0.0
2022-02-09 00:00:00-05:00,297.9347910965561,299.91544411863055,295.55033156667764,299.2231750488281,31284700,0.0,0.0
2022-02-10 00:00:00-05:00,292.3293725846551,297.2136945346378,289.11802208324127,290.7333068847656,45386200,0.0,0.0
2022-02-11 00:00:00-05:00,291.51201390296524,292.56965100167986,282.88751078774607,283.6759338378906,39175600,0.0,0.0
2022-02-14 00:00:00-05:00,282.45490783075724,285.3297625384846,280.12813492881736,283.6375427246094,36359500,0.0,0.0
2022-02-15 00:00:00-05:00,288.4545460706531,289.2140965718555,285.57969173022536,288.8968200683594,27058300,0.0,0.0
2022-02-16 00:00:00-05:00,287.47084335612135,289.8795209046397,282.95216192287677,288.5595703125,29982100,0.62,0.0
2022-02-17 00:00:00-05:00,285.53430336959343,285.958233038907,279.40664080865434,280.1099853515625,32461600,0.0,0.0
2022-02-18 00:00:00-05:00,282.34519885606585,283.1256081080043,275.8514129414356,277.4122314453125,34264000,0.0,0.0
2022-02-22 00:00:00-05:00,274.5893178506724,280.8904283246642,274.10758220532034,277.2099609375,41736100,0.0,0.0
2022-02-23 00:00:00-05:00,279.58010909240227,281.04460436118626,269.8683308283759,270.0321044921875,37811200,0.0,0.0
2022-02-24 00:00:00-05:00,262.5556046280653,284.3782262903966,261.6017479336013,283.82904052734375,56989700,0.0,0.0
2022-02-25 00:00:00-05:00,284.3588691791243,286.75790276376836,280.9963351099328,286.4495849609375,32546700,0.0,0.0
2022-02-28 00:00:00-05:00,283.5592481567503,288.2128312016405,282.29710305164537,287.8756103515625,34627500,0.0,0.0
2022-03-01 00:00:00-05:00,285.5728578838848,289.01245712557574,281.47810528267394,284.17584228515625,31217800,0.0,0.0
2022-03-02 00:00:00-05:00,284.57087386389,290.4576988958387,282.97153735333467,289.2244567871094,31873000,0.0,0.0
2022-03-03 00:00:00-05:00,291.8258393249391,292.0570630305392,283.3087270663971,285.1104431152344,27314500,0.0,0.0
2022-03-04 00:00:00-05:00,283.53992798121607,284.8598787290603,276.68001821827283,279.271728515625,32356500,0.0,0.0
2022-03-07 00:00:00-05:00,277.9903600081898,279.1079901922431,268.35564745891236,268.7217712402344,43157200,0.0,0.0
2022-03-08 00:00:00-05:00,267.6522494658014,273.5872347405663,260.13718693761393,265.77349853515625,48159500,0.0,0.0
2022-03-09 00:00:00-05:00,273.0862341495731,279.02121928908525,270.5233976527745,277.9613952636719,35204500,0.0,0.0
2022-03-10 00:00:00-05:00,272.68158699777644,276.13083008813146,270.33071510240313,275.15771484375,30628000,0.0,0.0
2022-03-11 00:00:00-05:00,277.44118984064033,278.9345880109205,269.2227807529442,269.83941650390625,27209300,0.0,0.0
2022-03-14 00:00:00-04:00,270.0996046115667,274.97476819066725,265.7447238903373,266.3420715332031,30660700,0.0,0.0
2022-03-15 00:00:00-04:00,270.1091737905865,277.3063052834026,268.54835505285934,276.6607666015625,34245100,0.0,0.0
2022-03-16 00:00:00-04:00,278.54916547604324,283.80973979385806,272.8550761301039,283.6363220214844,37826300,0.0,0.0
2022-03-17 00:00:00-04:00,282.5764817272433,284.81171260660994,278.7996616158856,284.43597412109375,30816600,0.0,0.0
2022-03-18 00:00:00-04:00,284.58055583753804,290.0049047741427,282.0370065137004,289.4557189941406,43390600,0.0,0.0
2022-03-21 00:00:00-04:00,287.9719290179041,289.17626805109586,284.1276588300462,288.2320556640625,28351200,0.0,0.0
2022-03-22 00:00:00-04:00,288.8486068783485,293.85866806216893,287.856232880349,292.9530029296875,27599700,0.0,0.0
2022-03-23 00:00:00-04:00,289.5326860173236,292.1533283713497,286.84459363513463,288.5499267578125,25715400,0.0,0.0
2022-03-24 00:00:00-04:00,288.21276856606795,293.08793014220737,287.42271518108265,292.9915771484375,24484500,0.0,0.0
2022-03-25 00:00:00-04:00,294.0803733450445,294.34050002683153,288.3573511232307,292.58697509765625,22566500,0.0,0.0
2022-03-28 00:00:00-04:00,293.2131286444829,299.44678744893827,293.2131286444829,299.3504638671875,29578200,0.0,0.0
2022-03-29 00:00:00-04:00,302.44322106271255,304.2834544196327,297.7607361570676,303.888427734375,30393400,0.0,0.0
2022-03-30 00:00:00-04:00,302.2987264531988,304.40873068688376,300.1983369373926,302.3950500488281,28163600,0.0,0.0
2022-03-31 00:00:00-04:00,302.4335907750661,303.6283150055242,296.643149106342,297.04779052734375,33422100,0.0,0.0
2022-04-01 00:00:00-04:00,298.0690573372068,298.8013048013512,294.37897586444814,298.11724853515625,27110500,0.0,0.0
2022-04-04 00:00:00-04:00,298.76279420407815,303.59940925877385,298.3966704273003,303.46453857421875,24289600,0.0,0.0
2022-04-05 00:00:00-04:00,301.82666812128076,303.36822820725746,298.55087131533844,299.52398681640625,23156700,0.0,0.0
2022-04-06 00:00:00-04:00,294.041722765152,295.7856029580551,285.8714779355689,288.5595703125,40110400,0.0,0.0
2022-04-07 00:00:00-04:00,285.82344681690086,292.5581029125743,285.52477301656273,290.36138916015625,31411200,0.0,0.0
2022-04-08 00:00:00-04:00,289.4652859924413,290.1204393434208,285.4572423231668,286.1220397949219,24361900,0.0,0.0
2022-04-11 00:00:00-04:00,281.13124798929533,281.921271966205,274.5892708132743,274.83978271484375,34569300,0.0,0.0
2022-04-12 00:00:00-04:00,278.6743994842394,280.1196062790801,270.2440265143357,271.7566833496094,30966700,0.0,0.0
2022-04-13 00:00:00-04:00,272.4022274692682,278.0385105603026,271.02444128433206,277.11358642578125,21907200,0.0,0.0
2022-04-14 00:00:00-04:00,277.56646786602556,277.7784327469066,269.1168344018573,269.6081848144531,28221600,0.0,0.0
2022-04-18 00:00:00-04:00,268.72171390745734,272.14202437159116,268.1725283526451,270.27288818359375,20778000,0.0,0.0
2022-04-19 00:00:00-04:00,269.17462316196963,275.7166016837058,268.2400548017216,274.87835693359375,22297700,0.0,0.0
2022-04-20 00:00:00-04:00,278.8285886738467,279.11764770587973,274.94580050630236,275.8996276855469,22906700,0.0,0.0
2022-04-21 00:00:00-04:00,278.03846671115735,282.5860513093376,269.82970383090816,270.55230712890625,29454600,0.0,0.0
2022-04-22 00:00:00-04:00,271.39053717811265,272.8550320937384,263.393738668187,264.0199890136719,29405800,0.0,0.0
2022-04-25 00:00:00-04:00,263.30702351755633,270.8413451266627,260.8790575428307,270.4656066894531,35678900,0.0,0.0
2022-04-26 00:00:00-04:00,267.36328244773966,268.19185364215673,260.13724778699,260.3492126464844,46518400,0.0,0.0
2022-04-27 00:00:00-04:00,271.7951847238902,280.3411680957989,268.96257753012264,272.874267578125,63477700,0.0,0.0
2022-04-28 00:00:00-04:00,274.77235637930573,280.35086291082894,271.1785981856094,279.0501708984375,33646600,0.0,0.0
2022-04-29 00:00:00-04:00,278.0674307607547,279.29105809866707,266.3998077256145,267.3825378417969,37073900,0.0,0.0
2022-05-02 00:00:00-04:00,267.56562889178645,274.5315375590096,266.13006594349525,274.0787048339844,35151100,0.0,0.0
2022-05-03 00:00:00-04:00,273.5872373213016,273.7510403407447,269.91641488989063,271.48687744140625,25978600,0.0,0.0
2022-05-04 00:00:00-04:00,272.26732383050563,280.25450833918546,266.62139669213593,279.38739013671875,33599300,0.0,0.0
2022-05-05 00:00:00-04:00,275.1095502622621,275.8899595127689,264.3186620189304,267.2187194824219,43260400,0.0,0.0
2022-05-06 00:00:00-04:00,264.77152276793004,269.04933732325316,261.36082642726797,264.6944580078125,37780300,0.0,0.0
2022-05-09 00:00:00-04:00,260.19500872248045,262.4109805408289,253.70122277240785,254.91517639160156,47726000,0.0,0.0
2022-05-10 00:00:00-04:00,261.76549132988686,263.7502396394238,255.3873167232384,259.6554870605469,39336400,0.0,0.0
2022-05-11 00:00:00-04:00,255.97500607449467,261.44751510704526,249.82805548109343,251.0323944091797,48975900,0.0,0.0
2022-05-12 00:00:00-04:00,248.27690379509,250.38690814257984,240.88708121967693,246.0223846435547,51033800,0.0,0.0
2022-05-13 00:00:00-04:00,247.94937315095052,253.43152782401694,246.02243033167414,251.58164978027344,34925100,0.0,0.0
2022-05-16 00:00:00-04:00,250.46392397407843,256.1098795725535,246.4366220731242,251.9476776123047,32550900,0.0,0.0
2022-05-17 00:00:00-04:00,256.3893090476885,258.5282163055622,252.87264501904795,257.0733947753906,28828800,0.0,0.0
2022-05-18 00:00:00-04:00,253.98310507106706,254.56254010236933,244.10384241044304,245.36892700195312,31356000,0.62,0.0
2022-05-19 00:00:00-04:00,245.19508938818183,248.83585464293373,243.24435524609143,244.46115112304688,32692300,0.0,0.0
2022-05-20 00:00:00-04:00,248.4205560699694,249.67600344933274,237.9908442252686,243.90101623535156,39199300,0.0,0.0
2022-05-23 00:00:00-04:00,246.7306193486093,252.53456328015793,244.7412333555336,251.7136993408203,33175400,0.0,0.0
2022-05-24 00:00:00-04:00,249.04834073920725,252.3703743626756,244.80883629191553,250.71900939941406,29043900,0.0,0.0
2022-05-25 00:00:00-04:00,249.28970863330227,255.50888672812104,248.31432695707377,253.51951599121094,28547900,0.0,0.0
2022-05-26 00:00:00-04:00,253.27807996316005,257.9521373499767,252.46688284359203,256.78363037109375,25002100,0.0,0.0
2022-05-27 00:00:00-04:00,259.2752849819585,263.96864774816714,258.38681383363456,263.8720703125,26910800,0.0,0.0
2022-05-31 00:00:00-04:00,263.1863868585538,265.3495796777819,259.709805919586,262.54901123046875,37827700,0.0,0.0
2022-06-01 00:00:00-04:00,265.76485697863757,268.1694785962378,260.7817625947678,263.0801696777344,25292200,0.0,0.0
2022-06-02 00:00:00-04:00,255.38340607068776,265.2336837998182,252.63111175251524,265.16607666015625,44008200,0.0,0.0
2022-06-03 00:00:00-04:00,261.0424863281772,264.074846353105,259.20763325124227,260.7624206542969,28059000,0.0,0.0
2022-06-06 00:00:00-04:00,262.7324336411163,264.779744827782,258.0583763446399,259.5359191894531,22400300,0.0,0.0
2022-06-07 00:00:00-04:00,257.49827263962237,263.76575382395623,256.82226032251066,263.1573486328125,22860700,0.0,0.0
2022-06-08 00:00:00-04:00,262.3944559964506,263.64023679590827,260.36644828068603,261.1390380859375,17372300,0.0,0.0
2022-06-09 00:00:00-04:00,258.5992562098676,263.36022583003654,255.55725874026618,255.71177673339844,26439700,0.0,0.0
2022-06-10 00:00:00-04:00,251.6460754214227,251.6460754214227,243.8720791834992,244.31631469726562,31422800,0.0,0.0
2022-06-13 00:00:00-04:00,236.70645685368288,240.4824068795414,233.24919461693813,233.95416259765625,46135800,0.0,0.0
2022-06-14 00:00:00-04:00,235.49933694664017,237.31488645148173,233.2299000655882,236.1077423095703,28651500,0.0,0.0
2022-06-15 00:00:00-04:00,239.79670396205796,246.54705752984734,237.97150308982546,243.12841796875,33111700,0.0,0.0
2022-06-16 00:00:00-04:00,237.54665625537092,238.93728870881043,234.68814708832016,236.5712890625,33169200,0.0,0.0
2022-06-17 00:00:00-04:00,236.3105209841857,241.9116724347951,235.66349352878527,239.1593780517578,43084800,0.0,0.0
2022-06-21 00:00:00-04:00,241.67987371090587,246.0159401392919,240.95558733169304,245.0405731201172,29928300,0.0,0.0
2022-06-22 00:00:00-04:00,243.253984977507,248.35297445153836,241.78609384504884,244.45147705078125,25939900,0.0,0.0
2022-06-23 00:00:00-04:00,246.8078191002136,250.47752474998597,244.93432941875366,249.98500061035156,25861400,0.0,0.0
2022-06-24 00:00:00-04:00,252.83386609569553,258.7923411858124,252.74695527389528,258.5219421386719,33923200,0.0,0.0
2022-06-27 00:00:00-04:00,259.01447122802466,259.1013820613785,254.25350226058262,255.80831909179688,24615100,0.0,0.0
2022-06-28 00:00:00-04:00,254.92949381458487,257.7590321077553,247.53211228973697,247.68663024902344,27295500,0.0,0.0
2022-06-29 00:00:00-04:00,248.75859390135693,252.98843151702386,246.99133318160082,251.33706665039062,20069800,0.0,0.0
2022-06-30 00:00:00-04:00,248.23704039781902,250.6320243178183,244.2293288574395,248.0245819091797,31730900,0.0,0.0
2022-07-01 00:00:00-04:00,247.59973919232516,250.86383187727745,245.88075254538774,250.6803436279297,22837700,0.0,0.0
2022-07-05 00:00:00-04:00,247.37763439031926,253.96381979893323,246.0063204347822,253.83827209472656,22941000,0.0,0.0
2022-07-06 00:00:00-04:00,254.70741739613206,258.8020409501888,253.40369581093594,257.08306884765625,23824400,0.0,0.0
2022-07-07 00:00:00-04:00,256.0304226841945,259.8353431316474,255.9338452648158,259.1979675292969,20859900,0.0,0.0
2022-07-08 00:00:00-04:00,255.71173945693104,258.9082544536916,254.26316663768768,258.48333740234375,19658800,0.0,0.0
2022-07-11 00:00:00-04:00,256.5422452532518,257.3920793720454,253.1912122224075,255.44134521484375,19455200,0.0,0.0
2022-07-12 00:00:00-04:00,256.76436593684815,256.82230649201273,243.39885616958918,244.9729766845703,35868500,0.0,0.0
2022-07-13 00:00:00-04:00,241.61229886642806,244.85710267048802,239.60360939385333,244.05555725097656,29497400,0.0,0.0
2022-07-14 00:00:00-04:00,241.9792718550764,246.39258278636146,237.50800563214514,245.36892700195312,25102800,0.0,0.0
2022-07-15 00:00:00-04:00,246.9526960395664,251.44326589652985,246.03526953214475,247.9184112548828,29774100,0.0,0.0
2022-07-18 00:00:00-04:00,250.8444988809621,251.89712481035676,244.6156393919706,245.53306579589844,20975000,0.0,0.0
2022-07-19 00:00:00-04:00,248.74889324561178,250.8155377951831,244.9826100870289,250.63204956054688,25012600,0.0,0.0
2022-07-20 00:00:00-04:00,250.98935133409913,255.78895661231545,250.0333028054799,253.27809143066406,22788300,0.0,0.0
2022-07-21 00:00:00-04:00,250.88318973487608,255.80834373168997,248.2178060367972,255.76004028320312,22404700,0.0,0.0
2022-07-22 00:00:00-04:00,256.1462886118709,256.23319944277154,250.1878423691355,251.43359375,21881300,0.0,0.0
2022-07-25 00:00:00-04:00,252.05168504603222,252.53454268022003,248.00533571383517,249.95606994628906,21056000,0.0,0.0
2022-07-26 00:00:00-04:00,250.95075721193598,250.97009037906219,241.01356825164817,243.263671875,39348000,0.0,0.0
2022-07-27 00:00:00-04:00,252.2061678876976,260.79136010238045,249.97536828625238,259.5262756347656,45994000,0.0,0.0
2022-07-28 00:00:00-04:00,260.5016826567174,268.31431531179504,258.68613331334205,266.933349609375,33459300,0.0,0.0
2022-07-29 00:00:00-04:00,268.1791152582621,272.33167871252647,267.1457929503217,271.1148681640625,32152800,0.0,0.0
2022-08-01 00:00:00-04:00,268.29496636983305,271.6363322420064,266.38283993190936,268.47845458984375,21539600,0.0,0.0
2022-08-02 00:00:00-04:00,266.53736387741355,268.362579537139,263.04147997964446,265.3978271484375,22754200,0.0,0.0
2022-08-03 00:00:00-04:00,267.2713876591738,273.7802996377368,267.12650678074345,272.7856140136719,23518900,0.0,0.0
2022-08-04 00:00:00-04:00,272.13853085373546,274.0699612486414,270.56443983776984,273.92510986328125,18098700,0.0,0.0
2022-08-05 00:00:00-04:00,269.5794114121241,273.9251301220604,269.1255240569013,273.21051025390625,16774600,0.0,0.0
2022-08-08 00:00:00-04:00,274.3114502007027,276.1173627718341,269.7436351767165,270.7093505859375,18739200,0.0,0.0
2022-08-09 00:00:00-04:00,270.0526525666318,273.37468623177955,268.0922221285978,272.6214294433594,23405200,0.0,0.0
2022-08-10 00:00:00-04:00,278.29016718582943,279.8739248174104,277.1023268586765,279.2462158203125,24687800,0.0,0.0
2022-08-11 00:00:00-04:00,280.8783020655473,281.2259454287706,276.6871011826993,277.1795959472656,20065900,0.0,0.0
2022-08-12 00:00:00-04:00,278.58949041203584,281.9018859863281,277.1022809714472,281.9018859863281,22619700,0.0,0.0
2022-08-15 00:00:00-04:00,281.02315975011504,284.09412741241835,280.1636589641089,283.4084777832031,18085700,0.0,0.0
2022-08-16 00:00:00-04:00,281.97918336040345,283.9589172842201,280.46303283251734,282.67449951171875,18102900,0.0,0.0
2022-08-17 00:00:00-04:00,280.4002359720042,283.8938831580585,280.1389500408416,281.9293212890625,18253400,0.62,0.0
2022-08-18 00:00:00-04:00,280.8357203997343,282.50027733774294,279.76148592010856,280.8163757324219,17186200,0.0,0.0
2022-08-19 00:00:00-04:00,279.5873798762718,279.92610362667006,276.3550474268576,276.926025390625,20570000,0.0,0.0
2022-08-22 00:00:00-04:00,272.98719375507784,273.3549492553272,268.2838690742468,268.7967834472656,25061100,0.0,0.0
2022-08-23 00:00:00-04:00,267.5290222167969,269.87099753157673,266.5225381093492,267.5290222167969,17527400,0.0,0.0
2022-08-24 00:00:00-04:00,266.5321774149117,268.29351690361904,266.24183017802443,266.8999328613281,18137000,0.0,0.0
2022-08-25 00:00:00-04:00,268.39033649128544,270.02586220390765,265.6709183727757,269.8613586425781,16583400,0.0,0.0
2022-08-26 00:00:00-04:00,270.0838799821935,271.3032734990673,259.3417106465169,259.4481506347656,27549300,0.0,0.0
2022-08-29 00:00:00-04:00,257.28036854850586,258.78039270297364,255.34483826720634,256.68035888671875,20338500,0.0,0.0
2022-08-30 00:00:00-04:00,258.07392186121353,258.44164777603345,252.25764439265836,254.49317932128906,22767100,0.0,0.0
2022-08-31 00:00:00-04:00,256.835186498961,258.4997140694314,252.90603313757336,253.04153442382812,24791800,0.0,0.0
2022-09-01 00:00:00-04:00,250.52530228623345,252.48020634323478,247.17684390348873,252.0059814453125,23263400,0.0,0.0
2022-09-02 00:00:00-04:00,253.26416386678451,256.2061488012733,246.26721086033425,247.8059539794922,22855400,0.0,0.0
2022-09-06 00:00:00-04:00,247.94138995000887,249.5188219970164,243.81870184632467,245.0864715576172,21328200,0.0,0.0
2022-09-07 00:00:00-04:00,246.48973931975843,250.4865986759276,245.057451273247,249.7704620361328,24126700,0.0,0.0
2022-09-08 00:00:00-04:00,249.20917715444372,252.03503444444726,246.57684037919475,250.1865997314453,20319900,0.0,0.0
2022-09-09 00:00:00-04:00,252.10282364921977,256.68036347856776,251.89960123552532,255.93516540527344,22084700,0.0,0.0
2022-09-12 00:00:00-04:00,257.21261449388913,258.828795252262,256.61260484004885,258.0545654296875,18747700,0.0,0.0
2022-09-13 00:00:00-04:00,250.49629269213037,252.00600375133774,243.47999634028216,243.8671112060547,33353300,0.0,0.0
2022-09-14 00:00:00-04:00,245.3574762961727,246.03490888980133,241.80578027171973,244.08970642089844,23913000,0.0,0.0
2022-09-15 00:00:00-04:00,241.71867215528192,243.29611908968658,236.15402331387534,237.47018432617188,31530900,0.0,0.0
2022-09-16 00:00:00-04:00,236.38627698047728,237.3927608644155,234.25719690326952,236.85081481933594,39791800,0.0,0.0
2022-09-19 00:00:00-04:00,234.65400280433187,237.23793382536144,233.0862280822725,236.63792419433594,26826900,0.0,0.0
2022-09-20 00:00:00-04:00,234.26685715668725,235.66042621279018,231.91518076360506,234.6345977783203,26660300,0.0,0.0
2022-09-21 00:00:00-04:00,236.39595324962926,239.67667590576733,231.19904532157508,231.2474365234375,28625600,0.0,0.0
2022-09-22 00:00:00-04:00,230.20227093577722,235.99918898239684,229.91195323025747,233.21202087402344,31061200,0.0,0.0
2022-09-23 00:00:00-04:00,231.81844612716222,233.35720386281167,227.61834912688556,230.25067138671875,34176000,0.0,0.0
2022-09-26 00:00:00-04:00,229.40870677369827,233.66686706312993,229.263533156856,229.79580688476562,27694200,0.0,0.0
2022-09-27 00:00:00-04:00,232.24426616908045,234.00560575138226,226.94091751914982,228.7893524169922,27018700,0.0,0.0
2022-09-28 00:00:00-04:00,229.1764146595356,234.5184812999227,227.16346179841986,233.29910278320312,29029700,0.0,0.0
2022-09-29 00:00:00-04:00,231.18938529349765,232.21521385312766,226.853802133828,229.8441925048828,27484200,0.0,0.0
2022-09-30 00:00:00-04:00,230.60870866268925,232.7861798495217,225.22793778149074,225.3924560546875,35694800,0.0,0.0
2022-10-03 00:00:00-04:00,227.82159220301807,233.82173303998002,227.0957683574116,232.9797821044922,28880400,0.0,0.0
2022-10-04 00:00:00-04:00,237.18950814956145,242.28963357290925,237.08305341434055,240.8573455810547,34888400,0.0,0.0
2022-10-05 00:00:00-04:00,238.0605356080036,242.50257374872547,236.23146021082852,241.16705322265625,20347100,0.0,0.0
2022-10-06 00:00:00-04:00,239.93798363059574,242.2703009633561,238.1476271342794,238.83473205566406,20239900,0.0,0.0
2022-10-07 00:00:00-04:00,233.13458913635256,233.54106344265196,225.65376961113512,226.6892852783203,37769600,0.0,0.0
2022-10-10 00:00:00-04:00,225.53766359831536,226.99898360972267,219.4213809672786,221.8601531982422,29743600,0.0,0.0
2022-10-11 00:00:00-04:00,220.28265795591057,221.67624187674608,216.8858082240652,218.14390563964844,30474000,0.0,0.0
2022-10-12 00:00:00-04:00,218.1342072790965,220.51491548211942,216.7406381971181,218.47293090820312,21903900,0.0,0.0
2022-10-13 00:00:00-04:00,212.76314712814823,228.48932881951694,212.0663551272384,226.6892852783203,42551800,0.0,0.0
2022-10-14 00:00:00-04:00,227.9473631652827,229.5925754900993,220.97945807089755,221.19236755371094,30198600,0.0,0.0
2022-10-17 00:00:00-04:00,228.21839032071048,231.25717237506072,227.5603023238783,229.87326049804688,28142300,0.0,0.0
2022-10-18 00:00:00-04:00,235.39916206358598,236.06690750411659,227.7828415320167,230.81195068359375,26329600,0.0,0.0
2022-10-19 00:00:00-04:00,229.39901697875123,231.88618020226818,226.7376631373762,228.85707092285156,19985700,0.0,0.0
2022-10-20 00:00:00-04:00,228.16994856599382,233.5313599425322,227.29895124255845,228.53768920898438,21811000,0.0,0.0
2022-10-21 00:00:00-04:00,227.17315124335872,235.16688446931025,226.94088233766772,234.31524658203125,26299700,0.0,0.0
2022-10-24 00:00:00-04:00,235.90240190553322,239.85088505869388,233.52170816579923,239.2799072265625,24911200,0.0,0.0
2022-10-25 00:00:00-04:00,239.2896067054904,242.9477578069221,237.90570962314226,242.58001708984375,34775500,0.0,0.0
2022-10-26 00:00:00-04:00,223.718229712473,230.61839877791698,222.64400998891642,223.8634033203125,82543200,0.0,0.0
2022-10-27 00:00:00-04:00,223.592409520333,226.15699552057893,218.50197115457948,219.44070434570312,40424600,0.0,0.0
2022-10-28 00:00:00-04:00,218.94718608542487,228.97323332024203,218.7633083498998,228.26675415039062,40647700,0.0,0.0
2022-10-31 00:00:00-04:00,226.22475535763192,227.3473663725247,223.69888795758465,224.64730834960938,28357300,0.0,0.0
2022-11-01 00:00:00-04:00,227.03767812320683,228.1409296481597,220.0020223387947,220.81494140625,30592300,0.0,0.0
2022-11-02 00:00:00-04:00,222.06334620744084,223.84403012553616,212.94698761825015,213.00506591796875,38407000,0.0,0.0
2022-11-03 00:00:00-04:00,212.9954026993864,213.3050945982589,207.08235775345725,207.34365844726562,36633900,0.0,0.0
2022-11-04 00:00:00-04:00,210.5372801806807,214.447044310669,206.5500783111964,214.2534942626953,36789100,0.0,0.0
2022-11-07 00:00:00-05:00,214.83414923285227,221.04719851693054,214.14702961237924,220.52459716796875,33498000,0.0,0.0
2022-11-08 00:00:00-05:00,221.32785232766216,224.18275612145348,218.5600438397234,221.49237060546875,28192500,0.0,0.0
2022-11-09 00:00:00-05:00,220.04074269428185,221.26013615245242,217.09874333274988,217.27293395996094,27852900,0.0,0.0
2022-11-10 00:00:00-05:00,227.84093804560814,235.48629145215207,227.4248061267763,235.14756774902344,46268000,0.0,0.0
2022-11-11 00:00:00-05:00,235.15720711007216,239.99603178997629,234.13136387371884,239.14439392089844,34620200,0.0,0.0
2022-11-14 00:00:00-05:00,234.18942975179561,236.04753655828725,231.49904455383083,233.76361083984375,31123300,0.0,0.0
2022-11-15 00:00:00-05:00,237.74116029609917,239.03796188941354,232.29263846364998,234.17010498046875,31390100,0.0,0.0
2022-11-16 00:00:00-05:00,235.6258570860806,236.60606394497793,233.32579470204732,234.59713745117188,24093300,0.68,0.0
2022-11-17 00:00:00-05:00,230.76368475624398,236.0722794395261,230.6181168177236,234.54859924316406,23123500,0.0,0.0
2022-11-18 00:00:00-05:00,236.32457848011174,236.547802374884,231.97677705188883,234.10215759277344,27613500,0.0,0.0
2022-11-21 00:00:00-05:00,234.30593853934627,237.45033878363537,234.07302987509001,234.90765380859375,26394700,0.0,0.0
2022-11-22 00:00:00-05:00,236.40223227361014,238.07148033059326,233.6072243246812,237.79974365234375,19665700,0.0,0.0
2022-11-23 00:00:00-05:00,237.87735803486538,240.95381671678922,237.0621480919058,240.27447509765625,19508500,0.0,0.0
2022-11-25 00:00:00-05:00,240.01246797791015,241.3614517929226,239.44958062083853,240.18716430664062,9200800,0.0,0.0
2022-11-28 00:00:00-05:00,238.81875468278062,239.37192761122702,233.69455635778226,234.626220703125,24778200,0.0,0.0
2022-11-29 00:00:00-05:00,234.27683765009397,235.62582136830417,231.1809796211648,233.23841857910156,17956300,0.0,0.0
2022-11-30 00:00:00-05:00,233.47133933183883,247.79580032500542,232.78228328422537,247.6114044189453,47594200,0.0,0.0
2022-12-01 00:00:00-05:00,246.37890225412923,248.56251016658027,243.51595261951238,247.17471313476562,26041500,0.0,0.0
2022-12-02 00:00:00-05:00,242.44842226131698,248.5042854543991,242.32225350861475,247.49497985839844,21528500,0.0,0.0
2022-12-05 00:00:00-05:00,244.57380398114145,246.33040780500264,240.74036165582413,242.8172149658203,23435300,0.0,0.0
2022-12-06 00:00:00-05:00,243.41891892957702,244.42822454321265,236.58664391475048,237.88710021972656,22463700,0.0,0.0
2022-12-07 00:00:00-05:00,237.60568906319455,238.89644591145503,235.06300336084703,237.1592559814453,20481500,0.0,0.0
2022-12-08 00:00:00-05:00,237.61531942592248,241.40024809384906,235.8878444020433,240.0997772216797,22611800,0.0,0.0
2022-12-09 00:00:00-05:00,237.4794974313884,240.98297573692605,236.95543802882835,238.17825317382812,20609700,0.0,0.0
2022-12-12 00:00:00-05:00,240.14830210772652,245.08810406106682,239.87656546489097,245.05899047851562,30665100,0.0,0.0
2022-12-13 00:00:00-05:00,253.96815091092603,256.13235956018696,245.60251141247596,249.3389129638672,42196900,0.0,0.0
2022-12-14 00:00:00-05:00,249.54270989920707,254.84158999041878,246.8059142850901,249.6300506591797,35410900,0.0,0.0
2022-12-15 00:00:00-05:00,246.2333334693487,246.69916567601095,240.04158720461845,241.6623077392578,35560400,0.0,0.0
2022-12-16 00:00:00-05:00,241.21587335248572,242.4678019516118,236.3245836806278,237.4697723388672,86102000,0.0,0.0
2022-12-19 00:00:00-05:00,237.6347483108368,237.9744265437408,231.6662265103739,233.35487365722656,29696400,0.0,0.0
2022-12-20 00:00:00-05:00,232.33586378495446,235.74230142731602,231.38478542376703,234.66505432128906,25150800,0.0,0.0
2022-12-21 00:00:00-05:00,234.55829818550004,238.37232600874938,233.02491849714485,237.21743774414062,23690600,0.0,0.0
2022-12-22 00:00:00-05:00,234.14096367729437,234.84943370848737,226.9690262734001,231.16156005859375,28651700,0.0,0.0
2022-12-23 00:00:00-05:00,229.1429380757911,231.82149149891836,227.03697155694044,231.6856231689453,21207000,0.0,0.0
2022-12-27 00:00:00-05:00,231.65654287895535,231.87975199416192,228.87123430992634,229.9678955078125,16688600,0.0,0.0
2022-12-28 00:00:00-05:00,229.89993593986588,232.64643111207874,227.26019552023155,227.6095733642578,17457100,0.0,0.0
2022-12-29 00:00:00-05:00,228.69650658121392,234.7814975020751,228.69650658121392,233.89834594726562,19770700,0.0,0.0
2022-12-30 00:00:00-05:00,231.18097605137052,232.87933756720665,229.67671003277965,232.74346923828125,21938500,0.0,0.0
2023-01-03 00:00:00-05:00,235.90723586326587,238.49844815161217,230.39483269791953,232.51051330566406,25740000,0.0,0.0
2023-01-04 00:00:00-05:00,225.4259409938991,225.9985278733158,219.2924376104367,222.33978271484375,50623400,0.0,0.0
2023-01-05 00:00:00-05:00,220.49584400645332,220.83552222933494,215.21636361108918,215.75013732910156,39585600,0.0,0.0
2023-01-06 00:00:00-05:00,216.4197883428899,219.09834182718123,212.8774972822173,218.29283142089844,43613600,0.0,0.0
2023-01-09 00:00:00-05:00,219.76798480761224,224.41665135349578,219.7291716302323,220.418212890625,27369800,0.0,0.0
2023-01-10 00:00:00-05:00,221.0393201111181,224.48457072526574,220.62201553173728,222.09716796875,27033900,0.0,0.0
2023-01-11 00:00:00-05:00,224.4651718383663,228.98766979827053,224.2904903213458,228.81298828125,28669300,0.0,0.0
2023-01-12 00:00:00-05:00,228.31800704319014,232.82109060207105,226.6681731391479,231.47210693359375,27269500,0.0,0.0
2023-01-13 00:00:00-05:00,230.00668936190732,232.30675151679418,227.98806347571494,232.17088317871094,21333300,0.0,0.0
2023-01-17 00:00:00-05:00,230.94806647820474,233.80131636600996,230.09402846864725,233.25784301757812,29831300,0.0,0.0
2023-01-18 00:00:00-05:00,234.4418522484385,235.22794870990262,228.57037036509706,228.851806640625,30028700,0.0,0.0
2023-01-19 00:00:00-05:00,226.88172064205048,228.57038281279662,223.87318816519613,225.0863037109375,28623000,0.0,0.0
2023-01-20 00:00:00-05:00,227.92984354153225,233.63634353931783,227.59016528126836,233.13168334960938,35389800,0.0,0.0
2023-01-23 00:00:00-05:00,233.98573343923675,237.9356299735096,232.578507553011,235.42205810546875,31934000,0.0,0.0
2023-01-24 00:00:00-05:00,235.34441276702486,236.75162381980027,233.34520074340116,234.89797973632812,40234400,0.0,0.0
2023-01-25 00:00:00-05:00,227.5610395748184,236.1207891156233,224.08667522306712,233.51016235351562,66526600,0.0,0.0
2023-01-26 00:00:00-05:00,236.4604658112775,240.98296392015405,234.85915928502237,240.68211364746094,33454500,0.0,0.0
2023-01-27 00:00:00-05:00,241.6428822092,242.45809218411858,239.54661529494882,240.83737182617188,26498900,0.0,0.0
2023-01-30 00:00:00-05:00,237.2950768809861,238.35292478678218,235.05324194345323,235.54820251464844,25867400,0.0,0.0
2023-01-31 00:00:00-05:00,236.26637885801222,240.63359478813643,235.78113264355397,240.4977264404297,26541100,0.0,0.0
2023-02-01 00:00:00-05:00,240.68207771157887,247.6502049501311,238.22673350670416,245.2919158935547,31259900,0.0,0.0
2023-02-02 00:00:00-05:00,251.18282257259764,256.8796075980904,249.65914256333582,256.7922668457031,39940400,0.0,0.0
2023-02-03 00:00:00-05:00,251.88160340231477,256.4041014975154,249.51359959938435,250.72671508789062,29077300,0.0,0.0
2023-02-06 00:00:00-05:00,249.8435718125182,250.67818108032117,247.2620584126065,249.19332885742188,22518000,0.0,0.0
2023-02-07 00:00:00-05:00,252.84229788758566,260.83914306930143,252.4055646091288,259.66485595703125,50841400,0.0,0.0
2023-02-08 00:00:00-05:00,265.13858526081,268.5935364835142,258.3548219727172,258.8594970703125,54686000,0.0,0.0
2023-02-09 00:00:00-05:00,265.72087069950044,265.8955818821822,255.0454517513278,255.8412628173828,42375100,0.0,0.0
2023-02-10 00:00:00-05:00,253.81283739078765,256.29729518565995,252.96851387057905,255.33651733398438,25818500,0.0,0.0
2023-02-13 00:00:00-05:00,259.7426206728503,266.49724001770915,259.26705921966635,263.31402587890625,44630900,0.0,0.0
2023-02-14 00:00:00-05:00,264.62416219078045,266.856282749665,261.33417890703004,264.138916015625,37047900,0.0,0.0
2023-02-15 00:00:00-05:00,261.0547258535999,263.3994740205076,258.972656227329,262.02764892578125,28922400,0.68,0.0
2023-02-16 00:00:00-05:00,256.87118053744996,259.51753291113,254.80858804011677,255.05181884765625,29603600,0.0,0.0
2023-02-17 00:00:00-05:00,252.36654467181947,253.04757304733442,249.06832101285343,251.07254028320312,30000100,0.0,0.0
2023-02-21 00:00:00-05:00,247.58947974202172,248.5721416274502,244.77773242454728,245.8284912109375,28397400,0.0,0.0
2023-02-22 00:00:00-05:00,247.21003358389876,247.45326436545926,243.56157186049097,244.69989013671875,22491100,0.0,0.0
2023-02-23 00:00:00-05:00,248.64024584758673,249.88558633204974,243.69779430491118,247.87164306640625,29219100,0.0,0.0
2023-02-24 00:00:00-05:00,243.19187704458037,244.2037105882477,241.38223939221282,242.47190856933594,24990900,0.0,0.0
2023-02-27 00:00:00-05:00,245.6242163682384,245.97446934082075,242.6373347901569,243.38648986816406,21190000,0.0,0.0
2023-02-28 00:00:00-05:00,242.3259744546454,244.68044668021838,241.99516930320846,242.66648864746094,22491000,0.0,0.0
2023-03-01 00:00:00-05:00,243.9701913432016,244.13558648881542,239.1347623459425,239.60177612304688,27565300,0.0,0.0
2023-03-02 00:00:00-05:00,239.8742028427946,244.592871158647,238.95965271701235,244.31072998046875,24808200,0.0,0.0
2023-03-03 00:00:00-05:00,245.3614953141732,248.69861464364337,244.58315381318207,248.37754821777344,30760100,0.0,0.0
2023-03-06 00:00:00-05:00,249.48666061100502,253.07674918507004,249.04884819003743,249.9147491455078,24109800,0.0,0.0
2023-03-07 00:00:00-05:00,249.36018084473946,250.71255821742662,246.528985881538,247.26840209960938,21473200,0.0,0.0
2023-03-08 00:00:00-05:00,247.16138722750551,247.64784879607657,244.0188496513126,246.83059692382812,17340200,0.0,0.0
2023-03-09 00:00:00-05:00,248.8931916251687,252.53191447494493,244.76799238551584,245.4879608154297,26653400,0.0,0.0
2023-03-10 00:00:00-05:00,244.2815470078051,245.9452372856859,240.89577859254197,241.8589630126953,28333900,0.0,0.0
2023-03-13 00:00:00-04:00,240.7011840514009,250.92661597294014,239.0764041542882,247.04464721679688,33339700,0.0,0.0
2023-03-14 00:00:00-04:00,249.79800481641536,254.0010397156642,248.93210385508328,253.72862243652344,33620300,0.0,0.0
2023-03-15 00:00:00-04:00,252.9405641280701,259.26456442561187,252.19139432118732,258.2527160644531,46028000,0.0,0.0
2023-03-16 00:00:00-04:00,258.0289586598438,269.07164313641664,256.1512239726221,268.7214050292969,54768800,0.0,0.0
2023-03-17 00:00:00-04:00,270.72555782486927,275.6582547664565,268.8380848690044,271.8638610839844,69527400,0.0,0.0
2023-03-20 00:00:00-04:00,269.4802718017387,269.96673338942173,262.5433248107774,264.85888671875,43466600,0.0,0.0
2023-03-21 00:00:00-04:00,267.4370730210024,267.5538190277959,262.22219041795455,266.3668518066406,34558700,0.0,0.0
2023-03-22 00:00:00-04:00,265.99725863151093,273.4304078552026,264.8102908645804,264.9173278808594,34873300,0.0,0.0
2023-03-23 00:00:00-04:00,270.41426299778846,273.44977847868375,267.7484630649204,270.141845703125,36610900,0.0,0.0
2023-03-24 00:00:00-04:00,269.7332022897182,273.03142599171395,267.8262812456373,272.9730529785156,28172000,0.0,0.0
2023-03-27 00:00:00-04:00,272.90486075071607,273.8388583777035,268.0596942453296,268.89642333984375,26840200,0.0,0.0
2023-03-28 00:00:00-04:00,268.32248351379377,268.6630125541161,264.68373074732534,267.77764892578125,21878600,0.0,0.0
2023-03-29 00:00:00-04:00,271.4066545555062,273.5276497515444,270.87155865821495,272.9147033691406,25087000,0.0,0.0
2023-03-30 00:00:00-04:00,276.53391335276035,276.7576666390423,273.85837511849326,276.3587646484375,25053400,0.0,0.0
2023-03-31 00:00:00-04:00,276.0474474143603,281.4374193382453,275.3372029511124,280.4936828613281,32766000,0.0,0.0
2023-04-03 00:00:00-04:00,278.761931454292,280.46454697415277,276.26154151333856,279.4527282714844,24883300,0.0,0.0
2023-04-04 00:00:00-04:00,279.45268618193273,282.5854994542806,277.9349286652677,279.4040222167969,25824300,0.0,0.0
2023-04-05 00:00:00-04:00,278.11008412867955,279.3748723279069,275.25942646851195,276.6409606933594,22064800,0.0,0.0
2023-04-06 00:00:00-04:00,275.5415076837403,284.1713297291427,274.3934656981096,283.704345703125,29770300,0.0,0.0
2023-04-10 00:00:00-04:00,281.3791115118309,281.75856581319096,277.00095709388467,281.55426025390625,23103000,0.0,0.0
2023-04-11 00:00:00-04:00,278.0127931758795,278.2365761916983,274.0140932371224,275.1718444824219,27276600,0.0,0.0
2023-04-12 00:00:00-04:00,277.0788133677007,279.23870411334195,274.32542401576865,275.8139953613281,27403400,0.0,0.0
2023-04-13 00:00:00-04:00,275.9113251014926,282.05046897208393,275.50271392776443,281.9920959472656,24222700,0.0,0.0
2023-04-14 00:00:00-04:00,279.22891147364464,280.6688482565068,276.00853859815146,278.3922119140625,20987900,0.0,0.0
2023-04-17 00:00:00-04:00,282.0795713658837,283.7043659155023,278.41166217437114,280.98016357421875,23836200,0.0,0.0
2023-04-18 00:00:00-04:00,283.67513268641727,283.85999040985496,279.2386067064134,280.561767578125,20161800,0.0,0.0
2023-04-19 00:00:00-04:00,278.2462667608946,281.22340905975057,276.8355460862607,280.6396789550781,17150300,0.0,0.0
2023-04-20 00:00:00-04:00,277.52630699953454,281.2039550334732,277.3608970127179,278.3630065917969,23244400,0.0,0.0
2023-04-21 00:00:00-04:00,277.2928296281938,278.51869257683563,275.3956176560884,278.02252197265625,21676400,0.0,0.0
2023-04-24 00:00:00-04:00,274.45190651995864,277.234482358,271.173160031667,274.14056396484375,26611000,0.0,0.0
2023-04-25 00:00:00-04:00,271.94171485112884,273.97512034038175,267.91379941457996,267.96246337890625,45772200,0.0,0.0
2023-04-26 00:00:00-04:00,288.6663495624961,291.4586346304273,284.80384294642164,287.3723449707031,64599200,0.0,0.0
2023-04-27 00:00:00-04:00,287.9560567732343,296.936147852177,287.2555509397699,296.5761413574219,46462600,0.0,0.0
2023-04-28 00:00:00-04:00,295.7784590829419,300.5652256930358,295.0974008108982,298.9404602050781,36469600,0.0,0.0
2023-05-01 00:00:00-04:00,298.65820207273595,300.2440714597597,296.887474923344,297.286376953125,21294100,0.0,0.0
2023-05-02 00:00:00-04:00,299.42687857918656,300.8084130116415,295.6811180076152,297.1405029296875,26404400,0.0,0.0
2023-05-03 00:00:00-04:00,298.3177584973502,300.2538664994506,295.85626356270836,296.1578674316406,22360800,0.0,0.0
2023-05-04 00:00:00-04:00,297.9480161890788,299.42687857918656,295.1849176329067,297.1405029296875,22519900,0.0,0.0
2023-05-05 00:00:00-04:00,297.44199207137683,303.52276023513224,296.0312419808853,302.2384948730469,28197100,0.0,0.0
2023-05-08 00:00:00-04:00,301.7326922255804,301.8008039789724,297.80207398264633,300.2927551269531,21318600,0.0,0.0
2023-05-09 00:00:00-04:00,299.66033160181695,301.6451031506541,298.0160890953245,298.6874084472656,21340800,0.0,0.0
2023-05-10 00:00:00-04:00,300.2635487654328,304.52495706862396,299.33928955394174,303.8536376953125,30078000,0.0,0.0
2023-05-11 00:00:00-04:00,301.7034562423544,302.6958271056149,297.9674351385275,301.7131652832031,31680200,0.0,0.0
2023-05-12 00:00:00-04:00,302.1412090972546,302.23850733013506,298.2981812741171,300.60400390625,19774700,0.0,0.0
2023-05-15 00:00:00-04:00,300.7306029224894,301.50892969880647,299.261479214083,301.0808410644531,16336500,0.0,0.0
2023-05-16 00:00:00-04:00,301.4407853698495,305.21573217875385,301.4407853698495,303.299072265625,26730300,0.0,0.0
2023-05-17 00:00:00-04:00,304.49841357542465,306.5850053814175,302.9870680194989,306.1657409667969,24315000,0.68,0.0
2023-05-18 00:00:00-04:00,306.6824666262682,311.07995152372933,305.8926785291236,310.5729064941406,27276000,0.0,0.0
2023-05-19 00:00:00-04:00,308.8373747474863,310.79723506942764,308.47661095325554,310.3974609375,27546700,0.0,0.0
2023-05-22 00:00:00-04:00,310.65094892902596,314.5413890695808,310.0756729757329,313.16656494140625,24115700,0.0,0.0
2023-05-23 00:00:00-04:00,312.04526511786804,314.66815212283035,307.3845270869392,307.394287109375,30797200,0.0,0.0
2023-05-24 00:00:00-04:00,306.87751903685313,308.60334694737196,304.81038789466385,306.01947021484375,23384900,0.0,0.0
2023-05-25 00:00:00-04:00,315.1752035575117,318.74389070661766,312.01605056749,317.7883605957031,43301700,0.0,0.0
2023-05-26 00:00:00-04:00,315.9356633458704,325.0816363269195,315.7991718307155,324.5843811035156,36630600,0.0,0.0
2023-05-30 00:00:00-04:00,326.866039835357,327.3632951279749,322.2735326633113,322.9463195800781,29503100,0.0,0.0
2023-05-31 00:00:00-04:00,323.9993131036145,327.5582389963064,319.16304457072476,320.1966247558594,45950600,0.0,0.0
2023-06-01 00:00:00-04:00,317.798117893789,325.2085056763002,316.6183154339586,324.2821960449219,26773900,0.0,0.0
2023-06-02 00:00:00-04:00,325.9104976467162,329.07941048845686,324.2529005654924,327.03179931640625,25873800,0.0,0.0
2023-06-05 00:00:00-04:00,326.8562818593042,330.11294548453895,326.31025620693947,327.5583190917969,21307100,0.0,0.0
2023-06-06 00:00:00-04:00,326.9634711655118,327.0024814933911,323.8823396547661,325.3546447753906,20396200,0.0,0.0
2023-06-07 00:00:00-04:00,323.37536016910263,326.14449888626166,314.45365769277373,315.31170654296875,40717100,0.0,0.0
2023-06-08 00:00:00-04:00,315.85770223750364,318.4903491637824,315.28242630303987,317.144775390625,23277700,0.0,0.0
2023-06-09 00:00:00-04:00,316.8815191818162,321.7567696311191,316.3160032224107,318.6366271972656,22529000,0.0,0.0
2023-06-12 00:00:00-04:00,320.3819105271756,323.81410551348466,317.0472562466259,323.5703430175781,24260300,0.0,0.0
2023-06-13 00:00:00-04:00,326.12502581181246,328.5724112174238,322.1468342809254,325.94952392578125,22951300,0.0,0.0
2023-06-14 00:00:00-04:00,325.9982807920447,330.58102864146844,324.5064551740273,328.9234313964844,26003800,0.0,0.0
2023-06-15 00:00:00-04:00,329.0599201554074,341.11152517053205,328.78690731624766,339.4149475097656,38899100,0.0,0.0
2023-06-16 00:00:00-04:00,342.5545998111812,342.70085137133475,333.41838536086453,333.78887939453125,46552000,0.0,0.0
2023-06-20 00:00:00-04:00,330.8441729587754,333.54505041870027,327.48023896465304,329.6156005859375,26375400,0.0,0.0
2023-06-21 00:00:00-04:00,327.97752820350655,329.3036115330344,323.78482556024073,325.2376403808594,25117800,0.0,0.0
2023-06-22 00:00:00-04:00,325.78366654570755,331.63396592269834,325.0231288169452,331.23419189453125,23556800,0.0,0.0
2023-06-23 00:00:00-04:00,326.01771828331994,329.5279043913859,325.13044892910204,326.6612548828125,23146900,0.0,0.0
2023-06-26 00:00:00-04:00,325.3937723204885,327.7241269569555,320.29424877412055,320.4015197753906,21520600,0.0,0.0
2023-06-27 00:00:00-04:00,323.5800965917035,327.7630696544983,321.08397083431,326.2225036621094,24354100,0.0,0.0
2023-06-28 00:00:00-04:00,326.31020823977883,329.54738110019997,325.481409860504,327.47052001953125,20259500,0.0,0.0
2023-06-29 00:00:00-04:00,326.358946806659,327.72401072843235,324.32109606698276,326.6904602050781,16997000,0.0,0.0
2023-06-30 00:00:00-04:00,329.32315064368396,334.17891054970244,328.78688502474677,332.0435485839844,26832800,0.0,0.0
2023-07-03 00:00:00-04:00,330.7272007694062,332.3945278816647,328.17257461621756,329.55712890625,12508700,0.0,0.0
2023-07-05 00:00:00-04:00,326.7295447808277,333.1258712588089,326.37854101667716,329.71319580078125,18172400,0.0,0.0
2023-07-06 00:00:00-04:00,328.88436028376566,334.43239728548525,327.1292821478824,332.75531005859375,28161200,0.0,0.0
2023-07-07 00:00:00-04:00,330.85400764917136,333.2623825906087,328.591884271755,328.806396484375,21214800,0.0,0.0
2023-07-10 00:00:00-04:00,326.25171917261997,326.86600540201454,319.4166095021663,323.5508117675781,32791400,0.0,0.0
2023-07-11 00:00:00-04:00,322.80001130179477,324.5550891855568,318.8413111644658,324.1748352050781,26698200,0.0,0.0
2023-07-12 00:00:00-04:00,328.20182929500714,333.1258197926784,327.29503995487715,328.786865234375,29995300,0.0,0.0
2023-07-13 00:00:00-04:00,331.08790488012767,335.1636058678445,330.56136966089974,334.1105651855469,20567200,0.0,0.0
2023-07-14 00:00:00-04:00,338.91765538868515,342.661844143398,335.7194923009407,336.62628173828125,28352700,0.0,0.0
2023-07-17 00:00:00-04:00,337.05526407197954,338.33257714303016,333.6621092446477,337.1040344238281,20363900,0.0,0.0
2023-07-18 00:00:00-04:00,337.20150526147,357.62881326178683,333.63284869185065,350.52069091796875,64738600,0.0,0.0
2023-07-19 00:00:00-04:00,352.72436118966306,353.4166384044317,343.6466474604791,346.22076416015625,39732900,0.0,0.0
2023-07-20 00:00:00-04:00,344.74845393864297,349.0386682151087,336.7530316118285,338.2156066894531,33778400,0.0,0.0
2023-07-21 00:00:00-04:00,340.4386749626526,341.55997642385313,331.35120253084744,335.1929016113281,69405400,0.0,0.0
2023-07-24 00:00:00-04:00,337.2210384138867,338.2643490243122,333.76935318489967,336.4994812011719,26678100,0.0,0.0
2023-07-25 00:00:00-04:00,338.4495845575855,343.11035203179654,336.46050402116185,342.2230529785156,41637700,0.0,0.0
2023-07-26 00:00:00-04:00,332.92109821610006,336.0705206538034,324.79891447113727,329.3426513671875,58383700,0.0,0.0
2023-07-27 00:00:00-04:00,331.9850338749244,332.8138025679025,320.8401897883476,322.4685363769531,39635300,0.0,0.0
2023-07-28 00:00:00-04:00,325.34498615387326,331.5268003348271,324.8574610945914,329.9277038574219,28484900,0.0,0.0
2023-07-31 00:00:00-04:00,328.51383777853505,329.2743755389443,325.04263262807757,327.5387878417969,25446000,0.0,0.0
2023-08-01 00:00:00-04:00,326.8270321220212,330.093455775555,325.374217054016,327.9483337402344,18311900,0.0,0.0
2023-08-02 00:00:00-04:00,325.30601162022083,325.30601162022083,318.2173774341477,319.3289489746094,27761300,0.0,0.0
2023-08-03 00:00:00-04:00,317.8663510212776,321.6495503895118,317.81761041591994,318.5098876953125,18253700,0.0,0.0
2023-08-04 00:00:00-04:00,323.5996401737791,326.7783131025437,319.07539331182784,319.6019287109375,23741500,0.0,0.0
2023-08-07 00:00:00-04:00,320.1771409046875,322.84876819218033,319.3483425125627,321.87371826171875,17741500,0.0,0.0
2023-08-08 00:00:00-04:00,318.802368731708,320.5477167225477,314.9411787114309,317.9150695800781,22327600,0.0,0.0
2023-08-09 00:00:00-04:00,318.32454016439254,318.94855662350545,313.039756644874,314.1903381347656,22373300,0.0,0.0
2023-08-10 00:00:00-04:00,317.88582607311884,320.06995855318496,313.16658711260004,314.8729248046875,20113700,0.0,0.0
2023-08-11 00:00:00-04:00,312.26953644201075,314.3658880842269,311.2457160426732,313.0008239746094,24355500,0.0,0.0
2023-08-14 00:00:00-04:00,313.37132372944086,315.974690482468,312.09398089474894,315.9552001953125,18836100,0.0,0.0
2023-08-15 00:00:00-04:00,314.9411611661193,316.9790121676308,312.89355014228914,313.82958984375,16966300,0.0,0.0
2023-08-16 00:00:00-04:00,313.45831419457073,316.9954936708588,312.48119971164607,313.0674743652344,20698900,0.68,0.0
2023-08-17 00:00:00-04:00,313.2042327148122,314.50378164094593,308.9733110073384,309.62799072265625,21257200,0.0,0.0
2023-08-18 00:00:00-04:00,307.29267431715726,311.0936633520083,304.4199558180871,309.2371520996094,24755000,0.0,0.0
2023-08-21 00:00:00-04:00,310.65393646381676,315.3831660095472,309.784320258957,314.5135498046875,24040000,0.0,0.0
2023-08-22 00:00:00-04:00,318.0507277854862,318.61744100027846,314.1031773769701,315.0802917480469,16084600,0.0,0.0
2023-08-23 00:00:00-04:00,316.40920172771865,321.66608212966844,316.05742502712076,319.51641845703125,21166400,0.0,0.0
2023-08-24 00:00:00-04:00,325.23254709942444,325.35957674760573,312.6375276630827,312.6473083496094,23281400,0.0,0.0
2023-08-25 00:00:00-04:00,314.11298756039173,317.9139473148537,311.5040788241883,315.58843994140625,21684100,0.0,0.0
2023-08-28 00:00:00-04:00,318.207066953983,318.68584344960186,314.3572339791844,316.29193115234375,14808500,0.0,0.0
2023-08-29 00:00:00-04:00,314.51357886440167,321.45109687018396,314.51357886440167,320.8941345214844,19284600,0.0,0.0
2023-08-30 00:00:00-04:00,321.14816243481806,322.26205720426236,318.97896754783574,321.2654113769531,15222100,0.0,0.0
2023-08-31 00:00:00-04:00,321.6661110110973,323.33696848625215,319.3014807588833,320.2590637207031,26411000,0.0,0.0
2023-09-01 00:00:00-04:00,323.7277442108601,324.3921747944003,319.30141751711045,321.1383972167969,14942000,0.0,0.0
2023-09-05 00:00:00-04:00,321.4707054112595,327.1868318208563,321.13849002348155,325.91656494140625,18553900,0.0,0.0
2023-09-06 00:00:00-04:00,325.7504897024178,326.80576041342283,322.62371086677473,325.2619323730469,17535800,0.0,0.0
2023-09-07 00:00:00-04:00,323.7082248346301,325.45723807010125,321.49993683780025,322.35980224609375,18381000,0.0,0.0
2023-09-08 00:00:00-04:00,322.53566438985524,328.4667555070914,321.92007759322064,326.6199951171875,19530100,0.0,0.0
2023-09-11 00:00:00-04:00,329.5220931094113,330.6751109123213,327.75351820340376,330.2060852050781,16583300,0.0,0.0
2023-09-12 00:00:00-04:00,328.134515675664,329.08231769406166,323.8938433949532,324.17718505859375,17565500,0.0,0.0
2023-09-13 00:00:00-04:00,323.7277859536388,329.141008354495,323.59100543664357,328.36907958984375,16544400,0.0,0.0
2023-09-14 00:00:00-04:00,331.3884141519253,333.0592717863342,328.8674715775394,330.94873046875,20267000,0.0,0.0
2023-09-15 00:00:00-04:00,329.20939816193993,329.6783939916595,322.1057573596053,322.6627197265625,37679800,0.0,0.0
2023-09-18 00:00:00-04:00,320.2981230556272,322.8386267343985,318.8910757818205,321.529296875,16834200,0.0,0.0
2023-09-19 00:00:00-04:00,318.705497901436,321.8518082611858,317.08348400723725,321.12872314453125,16505900,0.0,0.0
2023-09-20 00:00:00-04:00,321.9690173569062,322.0471733986375,313.17498661327795,313.42901611328125,21436500,0.0,0.0
2023-09-21 00:00:00-04:00,311.95356654433346,317.9041899225686,307.79104947595397,312.2173767089844,35560400,0.0,0.0
2023-09-22 00:00:00-04:00,313.96645780671054,314.09348747067116,308.91476240736046,309.7550964355469,21447900,0.0,0.0
2023-09-25 00:00:00-04:00,309.34467850848546,310.39997887585656,307.7910700190704,310.27294921875,17836000,0.0,0.0
2023-09-26 00:00:00-04:00,307.918083681108,308.650919524038,302.92501329864484,304.99652099609375,26297600,0.0,0.0
2023-09-27 00:00:00-04:00,305.1528159801847,307.1070447852302,302.6025617027996,305.6316223144531,19410100,0.0,0.0
2023-09-28 00:00:00-04:00,303.8728115871533,308.2600757204857,302.3680768122536,306.4621887207031,19683600,0.0,0.0
2023-09-29 00:00:00-04:00,310.4780935014134,312.1587314237549,307.77149741019485,308.52386474609375,24147300,0.0,0.0
2023-10-02 00:00:00-04:00,309.0417036720847,314.52333029570326,307.96687199890835,314.43536376953125,20570000,0.0,0.0
2023-10-03 00:00:00-04:00,313.48763043750324,314.03484198855955,304.0877937628594,306.2179260253906,21033500,0.0,0.0
2023-10-04 00:00:00-04:00,306.84320351373003,312.7156700194833,306.81389127739357,311.6603698730469,20720100,0.0,0.0
2023-10-05 00:00:00-04:00,311.78742886180316,312.65707498694155,307.6933171593875,312.0512390136719,16965600,0.0,0.0
2023-10-06 00:00:00-04:00,309.3055602997531,321.65630098463043,309.06128169271835,319.7704772949219,25673600,0.0,0.0
2023-10-09 00:00:00-04:00,317.3179038998877,322.7408769349448,315.78382712320234,322.2718811035156,19891200,0.0,0.0
2023-10-10 00:00:00-04:00,323.38570303478184,323.52251333418104,320.17101882880297,320.8745422363281,20557100,0.0,0.0
2023-10-11 00:00:00-04:00,323.6300480505899,325.20321772099476,321.60744393030456,324.8123779296875,20063200,0.0,0.0
2023-10-12 00:00:00-04:00,323.00471335948436,325.99468102864705,321.1970457612764,323.5812072753906,19313100,0.0,0.0
2023-10-13 00:00:00-04:00,324.7733745557704,326.19017291731376,318.8911252347107,320.22979736328125,21072400,0.0,0.0
2023-10-16 00:00:00-04:00,323.47370563502346,328.4472441018182,323.03402205271703,325.02734375,22158000,0.0,0.0
2023-10-17 00:00:00-04:00,322.0471280716989,325.8285559881701,319.91702585909127,324.4606018066406,18338500,0.0,0.0
2023-10-18 00:00:00-04:00,324.88074324116036,327.909803713785,320.78663169696983,322.5552062988281,23153600,0.0,0.0
2023-10-19 00:00:00-04:00,324.54847946828954,329.17024042475526,323.3368673878529,323.73748779296875,25052100,0.0,0.0
2023-10-20 00:00:00-04:00,324.1283854502297,324.32382025517603,318.0018889823848,319.1939697265625,25027700,0.0,0.0
2023-10-23 00:00:00-04:00,318.0213985858915,325.1152580837002,316.96612824184217,321.7832946777344,24374700,0.0,0.0
2023-10-24 00:00:00-04:00,323.7179740081932,324.24562410946174,320.1026687848026,322.9656066894531,31153600,0.0,0.0
2023-10-25 00:00:00-04:00,337.1240202368528,338.2770379621599,329.89337919706037,332.87359619140625,55053800,0.0,0.0
2023-10-26 00:00:00-04:00,332.7465065726092,333.81155756370936,319.45774634837835,320.3860168457031,37828500,0.0,0.0
2023-10-27 00:00:00-04:00,322.8679216685348,329.0139799295623,320.8843805209721,322.2621154785156,29856500,0.0,0.0
2023-10-30 00:00:00-04:00,325.7797742554051,331.6815546418734,324.235916527097,329.59051513671875,22828100,0.0,0.0
2023-10-31 00:00:00-04:00,331.09524685603606,331.24180806391223,327.03044704898707,330.3721618652344,20265300,0.0,0.0
2023-11-01 00:00:00-04:00,332.01374650613616,339.4691349616439,331.8769361620282,338.1500244140625,28158800,0.0,0.0
2023-11-02 00:00:00-04:00,339.2931191736726,340.84672714547764,336.8796459502415,340.3484191894531,24348100,0.0,0.0
2023-11-03 00:00:00-04:00,341.6284859220493,346.2795596471139,339.3811050850171,344.7259216308594,23637700,0.0,0.0
2023-11-06 00:00:00-05:00,345.36110615399525,349.3575005821622,345.2633887474612,348.37060546875,23828300,0.0,0.0
2023-11-07 00:00:00-05:00,351.1749086935178,354.16487636600215,349.4454269438777,352.279052734375,25833900,0.0,0.0
2023-11-08 00:00:00-05:00,353.4027369651116,355.54261993465985,352.2985928972702,354.8879699707031,26767800,0.0,0.0
2023-11-09 00:00:00-05:00,354.0085341532929,356.44156927918397,352.1129298373234,352.4353942871094,24847300,0.0,0.0
2023-11-10 00:00:00-05:00,353.2170216186205,361.62999083919317,352.8066503312719,361.2098388671875,28042100,0.0,0.0
2023-11-13 00:00:00-05:00,359.79306407971893,360.03734267871334,357.52615152445077,358.2882995605469,19986500,0.0,0.0
2023-11-14 00:00:00-05:00,362.51919694143055,363.43768679672274,358.94295491704753,361.7961120605469,27683900,0.0,0.0
2023-11-15 00:00:00-05:00,363.5193258281366,365.3306622150657,359.436476024947,361.9429931640625,26860100,0.75,0.0
2023-11-16 00:00:00-05:00,363.20606948048294,368.48342035388106,362.4423744800686,368.30718994140625,27182300,0.0,0.0
2023-11-17 00:00:00-05:00,365.80064944827456,366.54477320500723,359.32882848725313,362.1192626953125,40157000,0.0,0.0
2023-11-20 00:00:00-05:00,363.46060991672704,370.95070053235196,363.24520725093254,369.55059814453125,52465100,0.0,0.0
2023-11-21 00:00:00-05:00,367.8176632886869,368.35615509696635,363.3627506177611,365.2720031738281,28423100,0.0,0.0
2023-11-22 00:00:00-05:00,370.0989155578587,371.8515087359404,367.13225084262217,369.9520568847656,23345300,0.0,0.0
2023-11-24 00:00:00-05:00,369.44291677497637,370.0695536363756,367.29872033158176,369.54083251953125,10176600,0.0,0.0
2023-11-27 00:00:00-05:00,368.9043706026068,372.68370265137486,368.33650717542696,370.69610595703125,22179200,0.0,0.0
2023-11-28 00:00:00-05:00,370.4416329997911,374.994431479148,370.2556020402747,374.7007141113281,20453100,0.0,0.0
2023-11-29 00:00:00-05:00,375.7385254123956,376.26721663239306,369.55062106548934,370.93115234375,28963400,0.0,0.0
2023-11-30 00:00:00-05:00,370.578664516551,372.1452267516367,367.6218003340975,370.9898986816406,30554400,0.0,0.0
2023-12-01 00:00:00-05:00,368.8848238631299,370.25555453657734,363.54872995472044,366.6818542480469,33040500,0.0,0.0
2023-12-04 00:00:00-05:00,361.3849305128498,361.79613477265366,355.3145134346435,361.4241027832031,32063300,0.0,0.0
2023-12-05 00:00:00-05:00,358.79026916233926,365.28166009644,357.9776015537866,364.7333679199219,23065000,0.0,0.0
2023-12-06 00:00:00-05:00,365.73212951183393,366.35873644463544,360.3372921206186,361.0911865234375,21182100,0.0,0.0
2023-12-07 00:00:00-05:00,360.5331119373255,363.68580733396766,358.6630319776083,363.1962585449219,23118900,0.0,0.0
2023-12-08 00:00:00-05:00,361.4828549867559,366.6328881744278,360.53312909562084,366.40771484375,20154400,0.0,0.0
2023-12-11 00:00:00-05:00,360.77790780370736,363.83268764840955,358.44765064841334,363.5389404296875,27708800,0.0,0.0
2023-12-12 00:00:00-05:00,363.0983520859286,366.59373770012405,362.7164896784692,366.5545654296875,24838300,0.0,0.0
2023-12-13 00:00:00-05:00,368.16027437565873,369.7464376106383,363.0200118977458,366.5447692871094,30955500,0.0,0.0
2023-12-14 00:00:00-05:00,365.50693426286074,365.9475401487158,356.5188251808004,358.28118896484375,43277500,0.0,0.0
2023-12-15 00:00:00-05:00,359.1819921925265,364.61597239957655,358.6238993402138,362.98089599609375,78502300,0.0,0.0
2023-12-18 00:00:00-05:00,361.7276536100702,365.20343845853677,360.9737292655857,364.8607482910156,21802900,0.0,0.0
2023-12-19 00:00:00-05:00,363.7249250586426,365.45794677734375,362.1094201402803,365.45794677734375,20603700,0.0,0.0
2023-12-20 00:00:00-05:00,367.161590586535,368.1700598934919,362.785023231556,362.8731384277344,26316700,0.0,0.0
2023-12-21 00:00:00-05:00,364.7725598810794,366.58389622045354,362.3052449535161,365.7320861816406,17708000,0.0,0.0
2023-12-22 00:00:00-05:00,365.8691539017797,367.3378001809741,364.9194281127133,366.7503356933594,17107500,0.0,0.0
2023-12-26 00:00:00-05:00,367.1615638820972,369.06101542962205,365.6929176265688,366.82867431640625,12673100,0.0,0.0
2023-12-27 00:00:00-05:00,365.8789757378514,367.2203346368523,365.0173650898164,366.25103759765625,14905400,0.0,0.0
2023-12-28 00:00:00-05:00,367.5238756999293,368.5910885400905,366.33917592392487,367.4357604980469,14327000,0.0,0.0
2023-12-29 00:00:00-05:00,368.140698335078,369.2764551389083,365.67338313483896,368.17987060546875,18730800,0.0,0.0
2024-01-02 00:00:00-05:00,366.045381402949,368.04274869324354,359.1035836301592,363.1178894042969,25258600,0.0,0.0
2024-01-03 00:00:00-05:00,361.29684544783345,365.4580105992302,360.8072966064926,362.8536071777344,23083500,0.0,0.0
2024-01-04 00:00:00-05:00,362.92209250603474,365.3012923191343,359.49525117073273,360.2491455078125,20901500,0.0,0.0
2024-01-05 00:00:00-05:00,361.25767175006894,364.28307999206555,358.8392992881915,360.06317138671875,21004600,0.0,0.0
2024-01-08 00:00:00-05:00,361.58074269539895,367.35744261436474,361.2968258961624,366.85809326171875,23134000,0.0,0.0
2024-01-09 00:00:00-05:00,364.2341014424794,368.1308907001316,363.4312342532303,367.9350891113281,20830000,0.0,0.0
2024-01-10 00:00:00-05:00,368.50297659226095,376.1399561660862,368.45403366179033,374.7691955566406,25514200,0.0,0.0
2024-01-11 00:00:00-05:00,377.9316910243427,382.5138608324762,372.4291670394017,376.59033203125,27850800,0.0,0.0
2024-01-12 00:00:00-05:00,377.4323150873344,380.55563874578314,376.6098767088899,380.35003662109375,21661200,0.0,0.0
2024-01-16 00:00:00-05:00,385.43158211314164,385.7938434606626,379.51782397721394,382.1124267578125,27202300,0.0,0.0
2024-01-17 00:00:00-05:00,379.8703470627965,381.95580012337945,376.7665941196336,381.3291931152344,22234100,0.0,0.0
2024-01-18 00:00:00-05:00,383.53215294829613,385.75469397471676,381.9655906494616,385.63720703125,23392100,0.0,0.0
2024-01-19 00:00:00-05:00,387.48767542805655,390.33685302734375,385.2749052923237,390.33685302734375,29331100,0.0,0.0
2024-01-22 00:00:00-05:00,391.65865857195683,392.24612317895645,385.36306741354116,388.2220458984375,27016900,0.0,0.0
2024-01-23 00:00:00-05:00,387.4778603727062,391.0319893054533,385.69589563777015,390.56201171875,20525900,0.0,0.0
2024-01-24 00:00:00-05:00,393.14686950723774,397.1513752160577,392.079656679383,394.1455383300781,24867000,0.0,0.0
2024-01-25 00:00:00-05:00,395.8687348533506,398.5025096949156,394.11614184479663,396.4072265625,21021200,0.0,0.0
2024-01-26 00:00:00-05:00,395.917652215205,397.6800456471152,394.0182006704119,395.4868469238281,17803300,0.0,0.0
2024-01-29 00:00:00-05:00,397.57238286313674,401.41045873539736,395.8785331996652,401.1558837890625,24510200,0.0,0.0
2024-01-30 00:00:00-05:00,403.64280098293807,404.41626660201007,397.9542461080957,400.04949951171875,33477600,0.0,0.0
2024-01-31 00:00:00-05:00,398.4535945955144,406.6388669659615,388.9073919493629,389.2696533203125,47871100,0.0,0.0
2024-02-01 00:00:00-05:00,393.4307745878308,399.4718199134869,393.40140285508346,395.34002685546875,30657700,0.0,0.0
2024-02-02 00:00:00-05:00,395.3694549344779,404.0246753472104,395.124680500137,402.62457275390625,28256700,0.0,0.0
2024-02-05 00:00:00-05:00,401.3320936868834,402.5657662041655,395.5456233801517,397.1709289550781,25352300,0.0,0.0
2024-02-06 00:00:00-05:00,397.39614463854895,399.4424550677267,394.4882235276778,397.0142822265625,18382600,0.0,0.0
2024-02-07 00:00:00-05:00,398.92350430633786,405.64009909216526,398.8843320384044,405.39532470703125,22340500,0.0,0.0
2024-02-08 00:00:00-05:00,405.3954191219178,406.87386631395066,403.9072012703904,405.45416259765625,21225300,0.0,0.0
2024-02-09 00:00:00-05:00,406.57022528148667,412.0238053720999,406.41356610039173,411.7594299316406,22032800,0.0,0.0
2024-02-12 00:00:00-05:00,411.769283442755,411.94551383927785,406.0807287884979,406.580078125,21202900,0.0,0.0
2024-02-13 00:00:00-05:00,396.4757753769111,401.49855072964925,394.9581860838381,397.8269348144531,27824900,0.0,0.0
2024-02-14 00:00:00-05:00,400.2792461565028,402.01544302317166,396.8460672009255,401.672119140625,20401200,0.75,0.0
2024-02-15 00:00:00-05:00,400.34788638470263,401.3189759217452,396.5713838346197,398.79803466796875,21825500,0.0,0.0
2024-02-16 00:00:00-05:00,400.17133095818804,400.49504745207923,395.73763633762957,396.3457946777344,22296500,0.0,0.0
2024-02-20 00:00:00-05:00,395.5414273661721,396.76756266074034,390.4112964520626,395.10003662109375,24307900,0.0,0.0
2024-02-21 00:00:00-05:00,392.53001248162076,394.60953289016544,389.6363215762775,394.5016174316406,18518900,0.0,0.0
2024-02-22 00:00:00-05:00,402.3588062354514,404.94838876318465,400.7697394674189,403.7909240722656,27009900,0.0,0.0
2024-02-23 00:00:00-05:00,407.7341476569605,407.92049268532105,401.1620503723916,402.5058898925781,16295900,0.0,0.0
2024-02-26 00:00:00-05:00,403.60448178020243,404.2911294979053,399.5827521513917,399.75933837890625,16193500,0.0,0.0
2024-02-27 00:00:00-05:00,400.2007738907874,400.524490398334,396.13982903252327,399.7005310058594,14835800,0.0,0.0
2024-02-28 00:00:00-05:00,400.38712249937714,401.48573495033145,397.58173927175767,399.9359130859375,13183100,0.0,0.0
2024-02-29 00:00:00-05:00,400.83840861479064,406.2922567290195,398.17033666477636,405.7429504394531,31947300,0.0,0.0
2024-03-01 00:00:00-05:00,403.4180696743678,407.93025299029875,403.0355310756915,407.56732177734375,17823400,0.0,0.0
2024-03-04 00:00:00-05:00,405.54665828189934,409.38201264934025,404.4480459696284,406.9984130859375,17596000,0.0,0.0
2024-03-05 00:00:00-05:00,406.0567462440755,406.3412180011649,392.991071894389,394.9626770019531,26919200,0.0,0.0
2024-03-06 00:00:00-05:00,395.2766257394995,397.4248173487459,390.78407881855424,394.4134216308594,22344100,0.0,0.0
2024-03-07 00:00:00-05:00,398.3664041641416,401.95653150490796,394.5604758378121,401.3287658691406,18718500,0.0,0.0
2024-03-08 00:00:00-05:00,400.171309298901,402.58436507476455,396.61060766849016,398.46453857421875,18002200,0.0,0.0
2024-03-11 00:00:00-04:00,396.0515271512708,397.93485423983793,393.5992565104688,396.7969970703125,16120800,0.0,0.0
2024-03-12 00:00:00-04:00,399.8378618870692,407.63609534203414,399.023721117664,407.35162353515625,22457000,0.0,0.0
2024-03-13 00:00:00-04:00,410.1177737824093,410.19623327648054,403.59473945406836,407.175048828125,17115900,0.0,0.0
2024-03-14 00:00:00-04:00,412.2169029464952,419.65220477798977,410.0098592258052,417.1018371582031,34157300,0.0,0.0
2024-03-15 00:00:00-04:00,411.28498921650765,414.5317928189051,404.9090862008724,408.46978759765625,45079900,0.0,0.0
2024-03-18 00:00:00-04:00,406.34123515822085,412.69753127897746,405.8802070917239,409.3526306152344,20106000,0.0,0.0
2024-03-19 00:00:00-04:00,409.8528945727863,413.6196087209555,407.6164248857175,413.36456298828125,19837900,0.0,0.0
2024-03-20 00:00:00-04:00,413.94319796336094,417.82758546767997,412.62878476581204,417.1115417480469,17860100,0.0,0.0
2024-03-21 00:00:00-04:00,421.6237557740876,422.5948752417206,419.004747660182,421.17254638671875,21296200,0.0,0.0
2024-03-22 00:00:00-04:00,421.49625883993525,421.6531778067011,417.9355573407252,420.5545654296875,17648500,0.0,0.0
2024-03-25 00:00:00-04:00,417.12140106535213,419.2499850699005,413.5606994442316,414.7868347167969,18060500,0.0,0.0
2024-03-26 00:00:00-04:00,417.48427163026514,417.8570214885324,413.30562358453886,413.5998840332031,16725600,0.0,0.0
2024-03-27 00:00:00-04:00,416.3366986755512,416.3465173372015,411.0103740796991,413.3841552734375,16705000,0.0,0.0
2024-03-28 00:00:00-04:00,412.92309148516256,413.815721504757,411.11822405931304,412.68768310546875,21871200,0.0,0.0
2024-04-01 00:00:00-04:00,415.856044584665,419.720825298805,414.15906261710444,416.4642028808594,16316000,0.0,0.0
2024-04-02 00:00:00-04:00,412.0893571765106,414.31603809824145,409.86270618972446,413.39398193359375,17912000,0.0,0.0
2024-04-03 00:00:00-04:00,411.7166269488562,415.17923184367993,411.0888313055727,412.4228820800781,16502300,0.0,0.0
2024-04-04 00:00:00-04:00,416.8761903565226,420.4859554910503,409.59786785676073,409.9019470214844,19370900,0.0,0.0
2024-04-05 00:00:00-04:00,411.99124304246095,418.36714603884514,410.33350586860576,417.3960266113281,16554800,0.0,0.0
2024-04-08 00:00:00-04:00,417.0527386666228,419.12244053087517,415.21841524840187,416.4837951660156,14272400,0.0,0.0
2024-04-09 00:00:00-04:00,418.29848942937065,419.5736580977935,413.57050478624086,418.14154052734375,12496900,0.0,0.0
2024-04-10 00:00:00-04:00,414.12962029851764,415.9344877287147,411.68716854848634,415.17919921875,16216600,0.0,0.0
2024-04-11 00:00:00-04:00,417.6903687099733,421.1725811111206,414.2964045264092,419.76007080078125,17966400,0.0,0.0
2024-04-12 00:00:00-04:00,415.95406972864896,417.06250067629605,411.7557842388935,413.8451232910156,19253800,0.0,0.0
2024-04-15 00:00:00-04:00,418.4555144671929,418.671315504876,405.53693812965497,405.7429504394531,20273500,0.0,0.0
2024-04-16 00:00:00-04:00,406.6550977488978,410.4119627811132,405.8311384974836,406.6648864746094,16765600,0.0,0.0
2024-04-17 00:00:00-04:00,409.2838890616667,410.88277399306753,402.4959920980667,403.9771728515625,15855500,0.0,0.0
2024-04-18 00:00:00-04:00,402.7903496970384,404.02630364117994,396.23788993068626,396.5517578125,21029900,0.0,0.0
2024-04-19 00:00:00-04:00,396.3163237053195,397.73865251494925,390.17582902876677,391.50006103515625,30565800,0.0,0.0
2024-04-22 00:00:00-04:00,392.4417885622407,395.1589237744009,388.1944686964581,393.30499267578125,20286900,0.0,0.0
2024-04-23 00:00:00-04:00,396.52234656320184,400.40676483693346,395.3648819975192,399.7887878417969,15734500,0.0,0.0
2024-04-24 00:00:00-04:00,401.74078982977966,404.595236495939,399.0138660286807,401.2503356933594,15065300,0.0,0.0
2024-04-25 00:00:00-04:00,386.507271018032,392.25540884693,380.6218216022703,391.421630859375,40586500,0.0,0.0
2024-04-26 00:00:00-04:00,404.30094095620495,405.1150815807432,398.01331587991365,398.5626220703125,29694700,0.0,0.0
2024-04-29 00:00:00-04:00,397.5130370183344,398.562615947593,391.56873588609426,394.5703125,19582100,0.0,0.0
2024-04-30 00:00:00-04:00,393.82481984555585,394.4820415046003,381.74005368851095,381.89697265625,28781400,0.0,0.0
2024-05-01 00:00:00-04:00,385.11436938308555,394.05045900742965,382.85829240714,387.39990234375,23562500,0.0,0.0
2024-05-02 00:00:00-04:00,390.06788954033726,392.29453998465783,387.11534680040717,390.24444580078125,17709400,0.0,0.0
2024-05-03 00:00:00-04:00,394.5997054208104,399.3767230316146,394.1877108514565,398.8960876464844,17446700,0.0,0.0
2024-05-06 00:00:00-04:00,400.95600534299797,406.027283466649,398.6116206105037,405.6447448730469,16996600,0.0,0.0
2024-05-07 00:00:00-04:00,406.74337133005633,406.7531899905989,401.2797058272895,401.5249328613281,20018200,0.0,0.0
2024-05-08 00:00:00-04:00,400.3773092630151,404.3597941214035,398.9451617518151,402.7020568847656,11792300,0.0,0.0
2024-05-09 00:00:00-04:00,402.73146980472023,404.84041635842834,401.2895336143813,404.44805908203125,14689700,0.0,0.0
2024-05-10 00:00:00-04:00,405.0562460600837,407.44966453116945,403.93799631140473,406.8218688964844,13402300,0.0,0.0
2024-05-13 00:00:00-04:00,410.029454744504,410.3629599472109,402.9767222457907,405.82135009765625,15440200,0.0,0.0
2024-05-14 00:00:00-04:00,404.15378509704203,409.51935413927424,403.69275704643184,408.60711669921875,15109300,0.0,0.0
2024-05-15 00:00:00-04:00,410.6608977071615,416.46852499785643,410.0418061194269,415.75115966796875,22239500,0.75,0.0
2024-05-16 00:00:00-04:00,414.49335406459187,418.05067177577746,413.0684896947791,413.6973876953125,17530100,0.0,0.0
2024-05-17 00:00:00-04:00,415.2205942827064,415.59401656244523,410.78870878728935,412.9309387207031,15352200,0.0,0.0
2024-05-20 00:00:00-04:00,412.9309055053418,419.37726753163014,412.7147152549324,417.9720458984375,16272100,0.0,0.0
2024-05-21 00:00:00-04:00,419.4362019217813,425.4698558470045,417.4905197677202,421.6079406738281,21453300,0.0,0.0
2024-05-22 00:00:00-04:00,422.6398032435963,424.919622461389,419.7310859592396,423.0623474121094,18073700,0.0,0.0
2024-05-23 00:00:00-04:00,425.4698880093599,426.0889796466093,418.0506847119264,419.6033020019531,17211700,0.0,0.0
2024-05-24 00:00:00-04:00,419.7900037534496,423.59296088139126,417.05816150216543,422.70855712890625,11855300,0.0,0.0
2024-05-28 00:00:00-04:00,422.1877338257991,423.35712243524114,419.2102222377172,422.86578369140625,15718000,0.0,0.0
2024-05-29 00:00:00-04:00,418.3160195321069,423.4750768037088,418.3160195321069,421.7357482910156,15517100,0.0,0.0
2024-05-30 00:00:00-04:00,416.95003623481153,416.95003623481153,407.0643033400361,407.48687744140625,28394500,0.0,0.0
2024-05-31 00:00:00-04:00,409.53083651523417,409.53083651523417,397.5028738526741,407.93890380859375,47995300,0.0,0.0
2024-06-03 00:00:00-04:00,408.3319416725267,409.2163453409128,401.83645840787784,406.35675048828125,17484700,0.0,0.0
2024-06-04 00:00:00-04:00,405.2856495851976,409.226195718034,402.58328662384173,408.86260986328125,14348900,0.0,0.0
2024-06-05 00:00:00-04:00,410.5725176189358,416.73389525429343,409.0886648755249,416.6651306152344,16988000,0.0,0.0
2024-06-06 00:00:00-04:00,416.66508413024746,417.9425528471417,413.29447761268017,417.1662292480469,14861300,0.0,0.0
2024-06-07 00:00:00-04:00,418.8172023955245,418.89580340788024,415.67262210037114,416.5079040527344,13621700,0.0,0.0
2024-06-10 00:00:00-04:00,417.34315052242914,420.66457531575907,416.5471841383872,420.4582214355469,13982900,0.0,0.0
2024-06-11 00:00:00-04:00,418.1096457911631,425.3224952545953,417.88361916349896,425.1849060058594,14551100,0.0,0.0
2024-06-12 00:00:00-04:00,427.7791794767063,435.71920053687387,425.7450298401941,433.41973876953125,22366200,0.0,0.0
2024-06-13 00:00:00-04:00,433.21338970261115,435.7093989946261,431.75901618030764,433.93072509765625,15960600,0.0,0.0
2024-06-14 00:00:00-04:00,430.68790003484014,435.4637283515464,429.15492551069684,434.9035949707031,13582000,0.0,0.0
2024-06-17 00:00:00-04:00,434.9232138540311,443.1285766509554,433.08561180023855,440.60308837890625,20790000,0.0,0.0
2024-06-18 00:00:00-04:00,441.9199255268032,442.3424996772447,437.18344238899346,438.6083068847656,17112500,0.0,0.0
2024-06-20 00:00:00-04:00,438.5689526211533,438.79497924029823,433.6260860366594,437.9793701171875,19877400,0.0,0.0
2024-06-21 00:00:00-04:00,439.63025801243765,442.774807970896,438.77533339876635,441.9886779785156,34187100,0.0,0.0
2024-06-24 00:00:00-04:00,442.0083612472025,444.9072720890794,438.67709986214254,439.915283203125,15913700,0.0,0.0
2024-06-25 00:00:00-04:00,440.4851865060809,443.60028735592437,439.01117026568124,443.138427734375,16413400,0.0,0.0
2024-06-26 00:00:00-04:00,441.22215886891127,445.7424809709231,440.42619256271684,444.3274230957031,16507000,0.0,0.0
2024-06-27 00:00:00-04:00,444.3470860716105,448.267989524247,443.9441847148766,445.0054931640625,14806300,0.0,0.0
2024-06-28 00:00:00-04:00,445.22171482768863,447.4916975183524,438.6770788922511,439.2077331542969,28362300,0.0,0.0
2024-07-01 00:00:00-04:00,440.88811382009334,449.4472268960843,437.9400811658245,448.8183288574219,17662800,0.0,0.0
2024-07-02 00:00:00-04:00,445.3494309967801,451.6287242891569,445.2609636362825,451.3240966796875,13979800,0.0,0.0
2024-07-03 00:00:00-04:00,450.2529744663604,453.0339384006955,449.94834686189404,452.78826904296875,9932800,0.0,0.0
2024-07-05 00:00:00-04:00,451.6483651745115,460.2369864186551,451.0194672052492,459.4606628417969,16000300,0.0,0.0
2024-07-08 00:00:00-04:00,458.4682018620652,459.59830504287737,456.41440936822374,458.16357421875,12962300,0.0,0.0
2024-07-09 00:00:00-04:00,458.9103239847878,459.2345943162419,450.06622780520945,451.5795593261719,17207200,0.0,0.0
2024-07-10 00:00:00-04:00,453.2305038870679,458.37972423311413,450.91136946375343,458.1733703613281,18196100,0.0,0.0
2024-07-11 00:00:00-04:00,454.9600551032178,456.72886266734906,443.7280281074878,446.823486328125,23111200,0.0,0.0
2024-07-12 00:00:00-04:00,446.4599077505093,448.45474210994985,442.84366132366125,445.69342041015625,16324300,0.0,0.0
2024-07-15 00:00:00-04:00,445.44774266395785,449.3391675395858,443.61014035604813,446.0963134765625,14429400,0.0,0.0
2024-07-16 00:00:00-04:00,446.3518119574386,446.4304129687703,438.9227718455909,441.73321533203125,17175700,0.0,0.0
2024-07-17 00:00:00-04:00,434.92321432561624,437.1440749862863,431.5722805813875,435.83709716796875,21778000,0.0,0.0
2024-07-18 00:00:00-04:00,436.6428994208888,436.94752703468305,426.8750830594602,432.7416687011719,20794800,0.0,0.0
2024-07-19 00:00:00-04:00,425.5976305961669,433.49836608097274,424.51667935003445,429.53814697265625,20940400,0.0,0.0
2024-07-22 00:00:00-04:00,434.1371082507153,436.898429671943,431.306992206013,435.2671813964844,15808800,0.0,0.0
2024-07-23 00:00:00-04:00,436.21054835742433,440.62279084734524,435.4244183311835,437.14410400390625,13107100,0.0,0.0
2024-07-24 00:00:00-04:00,432.82034171919196,433.83249840274334,420.18309274942834,421.47039794921875,26805800,0.0,0.0
2024-07-25 00:00:00-04:00,421.37209200547386,422.3547694868196,410.2776848331151,411.1522521972656,29943800,0.0,0.0
2024-07-26 00:00:00-04:00,410.95572197330205,421.49002544679837,410.04180915234855,417.9032287597656,23583800,0.0,0.0
2024-07-29 00:00:00-04:00,424.10397494654256,424.6641083620649,417.3431784161,419.3380126953125,15125800,0.0,0.0
2024-07-30 00:00:00-04:00,420.3108034246303,421.6177512482942,410.13024936818454,415.5939636230469,32687600,0.0,0.0
2024-07-31 00:00:00-04:00,413.21586942488864,414.47369536650564,405.0694649339739,411.1031188964844,42891400,0.0,0.0
2024-08-01 00:00:00-04:00,413.5008583778063,420.05530026736574,405.9342299111822,409.88458251953125,30296400,0.0,0.0
2024-08-02 00:00:00-04:00,405.34465060644726,407.8111808388244,397.335834619087,401.4139404296875,29437900,0.0,0.0
2024-08-05 00:00:00-04:00,382.42860065253456,394.09297731515574,378.9007621776494,388.30499267578125,40709200,0.0,0.0
2024-08-06 00:00:00-04:00,393.07100276300895,398.6427974223072,391.59698650264767,392.687744140625,24946500,0.0,0.0
2024-08-07 00:00:00-04:00,401.5613886423986,402.9764167958112,390.58486666117705,391.5282287597656,20650900,0.0,0.0
2024-08-08 00:00:00-04:00,395.4687471216862,398.82948747665125,393.01205329948556,395.71441650390625,20203000,0.0,0.0
2024-08-09 00:00:00-04:00,397.0312061411671,400.9815590644515,395.2918776876415,398.9867248535156,19276700,0.0,0.0
2024-08-12 00:00:00-04:00,400.0086698442997,401.67923346079886,397.2375123110676,399.76300048828125,16762900,0.0,0.0
2024-08-13 00:00:00-04:00,402.49490035510087,407.762067699129,402.4752575998139,406.8383483886719,19414300,0.0,0.0
2024-08-14 00:00:00-04:00,407.61463319199424,410.48406481515934,405.3053649551057,409.6389465332031,18267000,0.0,0.0
2024-08-15 00:00:00-04:00,413.27153919674845,414.56116454959863,411.16483466760724,414.482421875,20752100,0.75,0.0
2024-08-16 00:00:00-04:00,414.05913029915934,414.787612725286,410.8104315549657,411.9622497558594,22775600,0.0,0.0
2024-08-19 00:00:00-04:00,412.44456931012445,415.19118926465836,409.9834478562735,414.974609375,15234000,0.0,0.0
2024-08-20 00:00:00-04:00,415.14205004692775,419.2373304106215,415.08298552534507,418.1938171386719,16387600,0.0,0.0
2024-08-21 00:00:00-04:00,417.48500333716095,419.76893159636126,415.1617187597954,417.5440979003906,16067300,0.0,0.0
2024-08-22 00:00:00-04:00,417.7605748245769,420.1528076484466,408.16220140309326,409.08758544921875,19361900,0.0,0.0
2024-08-23 00:00:00-04:00,410.4954277824997,412.73996960606866,405.6814592418378,410.3083801269531,18493800,0.0,0.0
2024-08-26 00:00:00-04:00,409.89487877847426,410.7907306533513,404.94310328054127,407.0596618652344,13152800,0.0,0.0
2024-08-27 00:00:00-04:00,406.43946532338146,407.91613833509496,403.8700687036349,407.40423583984375,13492900,0.0,0.0
2024-08-28 00:00:00-04:00,408.4280692350888,408.5461982686738,400.97578558888256,404.2146301269531,14882700,0.0,0.0
2024-08-29 00:00:00-04:00,408.4871077292706,415.4865229101855,404.21460437652166,406.6954040527344,17045200,0.0,0.0
2024-08-30 00:00:00-04:00,409.1368642535232,410.99745657650817,405.7208262421071,410.6529235839844,24308300,0.0,0.0
2024-09-03 00:00:00-04:00,411.4109125689516,413.35027748692255,400.7001071362785,403.0726318359375,20313600,0.0,0.0
2024-09-04 00:00:00-04:00,399.59758459335677,404.8446830658677,398.0815251485243,402.54107666015625,15135800,0.0,0.0
2024-09-05 00:00:00-04:00,401.28095677141835,406.67574622741506,399.8141378862011,402.03900146484375,14195500,0.0,0.0
2024-09-06 00:00:00-04:00,402.6985610672717,404.26383081056673,394.5670056307313,395.4530334472656,19609500,0.0,0.0
2024-09-09 00:00:00-04:00,400.9069349134055,402.2950113792448,395.896093936394,399.41058349609375,15295100,0.0,0.0
2024-09-10 00:00:00-04:00,401.85200481793703,409.855548179251,401.3597804269513,407.7586975097656,19594300,0.0,0.0
2024-09-11 00:00:00-04:00,409.03843011648604,417.39638986900843,403.21048066101315,416.461181640625,19266900,0.0,0.0
2024-09-12 00:00:00-04:00,416.72697057085117,420.7238298297295,413.2223356546228,420.3595886230469,17395700,0.0,0.0
2024-09-13 00:00:00-04:00,419.2077526362247,425.1144444971336,418.84351144501346,423.89373779296875,15874600,0.0,0.0
2024-09-16 00:00:00-04:00,423.9035976857479,426.7880250402565,421.5606050753592,424.632080078125,13834700,0.0,0.0
2024-09-17 00:00:00-04:00,433.3838900790578,434.9786922694464,425.54765628869114,428.38287353515625,18874200,0.0,0.0
2024-09-18 00:00:00-04:00,428.2351941115192,429.2491750935579,423.71657808226,424.1103515625,18898000,0.0,0.0
2024-09-19 00:00:00-04:00,434.3682752397946,434.63406555161,430.10559589287107,431.8677673339844,21706600,0.0,0.0
2024-09-20 00:00:00-04:00,430.4206328981448,432.409208323067,427.4672869965637,428.5009460449219,55167100,0.0,0.0
2024-09-23 00:00:00-04:00,427.52638627626743,429.67247726227924,423.6968964015023,426.76837158203125,15128900,0.0,0.0
2024-09-24 00:00:00-04:00,426.26630559260894,426.61086866115505,419.4736152765213,422.4958801269531,17015800,0.0,0.0
2024-09-25 00:00:00-04:00,423.1455340479856,426.38437839634133,421.9051492250097,425.39007568359375,13396400,0.0,0.0
2024-09-26 00:00:00-04:00,428.3237537072511,428.53047950890726,422.45644824495844,424.6025390625,14492000,0.0,0.0
2024-09-27 00:00:00-04:00,424.80927883764434,425.1341637224931,420.8222737453315,421.36370849609375,14896100,0.0,0.0
2024-09-30 00:00:00-04:00,421.55078212730024,423.7264354508624,418.75495134014767,423.6082763671875,16807300,0.0,0.0
2024-10-01 00:00:00-04:00,421.78706729834266,421.81659955830685,412.2969671899716,414.1477355957031,19092900,0.0,0.0
2024-10-02 00:00:00-04:00,416.0083553062398,416.24464344442003,410.22964573183543,410.64312744140625,16582300,0.0,0.0
2024-10-03 00:00:00-04:00,411.1353013004486,413.02542591560956,407.84724636027164,410.062255859375,13686400,0.0,0.0
2024-10-04 00:00:00-04:00,411.7357819472086,413.2223089798081,408.5166457695598,409.5896911621094,19169700,0.0,0.0
2024-10-07 00:00:00-04:00,409.5306419831522,410.6233655735784,402.6395013728588,403.1711120605469,20919800,0.0,0.0
2024-10-08 00:00:00-04:00,404.50990405465376,409.19588877646726,401.82237873489595,408.2606506347656,19229300,0.0,0.0
2024-10-09 00:00:00-04:00,409.3928021729279,413.84252930935924,407.8570646785986,410.9679260253906,14974300,0.0,0.0
2024-10-10 00:00:00-04:00,408.77263914925425,410.859665558973,406.7249690560659,409.3731384277344,13848400,0.0,0.0
2024-10-11 00:00:00-04:00,409.66854006802475,410.6431347710615,406.82346860139154,409.8457336425781,14144900,0.0,0.0
2024-10-14 00:00:00-04:00,411.2731366880873,417.4456494762865,411.0270245046469,412.6218566894531,16653100,0.0,0.0
2024-10-15 00:00:00-04:00,415.61453317923247,415.9098858066577,408.80216519233556,412.22802734375,18900200,0.0,0.0
2024-10-16 00:00:00-04:00,408.71356498849764,409.8850312589263,404.09649835161355,409.6487731933594,15508900,0.0,0.0
2024-10-17 00:00:00-04:00,415.7917465890575,415.9295838303706,409.127039576057,410.2394714355469,14820000,0.0,0.0
2024-10-18 00:00:00-04:00,410.65297755440105,413.12392355721715,409.78665782313783,411.6571044921875,17145300,0.0,0.0
2024-10-21 00:00:00-04:00,409.6487883889798,412.44461909285747,407.31564977599334,412.2674255371094,14206100,0.0,0.0
2024-10-22 00:00:00-04:00,411.9818876442807,423.8838676895073,411.5389037972299,420.86163330078125,25482200,0.0,0.0
2024-10-23 00:00:00-04:00,424.1595460644349,424.37612597688815,415.95910173602493,417.9969177246094,19654400,0.0,0.0
2024-10-24 00:00:00-04:00,418.7155536346828,419.35546932603506,415.83112614516494,418.1249084472656,13581600,0.0,0.0
2024-10-25 00:00:00-04:00,420.1233311665373,425.7937351729216,419.9362835126177,421.49169921875,16899100,0.0,0.0
2024-10-28 00:00:00-04:00,424.9471560845272,425.222800536086,419.67049509941035,419.95599365234375,14882400,0.0,0.0
2024-10-29 00:00:00-04:00,421.3440208086144,426.43363353122214,419.17822176857095,425.23260498046875,17644100,0.0,0.0
2024-10-30 00:00:00-04:00,430.6372355196224,431.68074872313076,425.3802831426112,425.8035888671875,29749100,0.0,0.0
2024-10-31 00:00:00-04:00,408.9005934690843,409.6881704469,399.9814907408766,400.0307312011719,53971000,0.0,0.0
2024-11-01 00:00:00-04:00,402.64935394725995,409.0384161036912,401.162826864631,403.9881896972656,24230400,0.0,0.0
2024-11-04 00:00:00-05:00,403.4270065821216,404.0373899234799,399.2628084141344,402.10784912109375,19672300,0.0,0.0
2024-11-05 00:00:00-05:00,402.019305938334,408.4477546696806,401.73380740675793,405.0612487792969,17626000,0.0,0.0
2024-11-06 00:00:00-05:00,406.0063586804049,413.91148078515863,404.13588205792996,413.6456604003906,26681800,0.0,0.0
2024-11-07 00:00:00-05:00,414.72850912180576,420.21189508853655,413.3502870767265,418.81396484375,19901800,0.0,0.0
2024-11-08 00:00:00-05:00,418.7057298172818,419.8673720771894,415.2207729945687,415.9689636230469,16891400,0.0,0.0
2024-11-11 00:00:00-05:00,415.94927334689254,418.20366938728347,409.5306783384117,411.5094299316406,24503300,0.0,0.0
2024-11-12 00:00:00-05:00,411.7456609678349,417.8394007087299,410.71200186963034,416.4513244628906,19401200,0.0,0.0
2024-11-13 00:00:00-05:00,415.0829808583345,422.6533640239858,411.7062988498683,418.5876159667969,21502200,0.0,0.0
2024-11-14 00:00:00-05:00,418.3906594438851,421.5113747579457,413.4684163916041,420.25128173828125,30246900,0.0,0.0
2024-11-15 00:00:00-05:00,413.29128434963707,416.22492241780895,407.2073982420546,408.5462341308594,28247600,0.0,0.0
2024-11-18 00:00:00-05:00,408.4182293083614,411.8933320342017,405.6913172118432,409.2944030761719,24727000,0.0,0.0
2024-11-19 00:00:00-05:00,406.6855735772408,411.4404774532615,405.149836063281,411.2928161621094,18133500,0.0,0.0
2024-11-20 00:00:00-05:00,410.3871084118776,410.8005900683197,404.19491792354364,409.028564453125,19191700,0.0,0.0
2024-11-21 00:00:00-05:00,413.80284233986384,414.0790385036892,404.71793020151534,407.26287841796875,20780200,0.83,0.0
2024-11-22 00:00:00-05:00,405.7832171686565,411.7313230908911,405.47742965830406,411.3367614746094,24814600,0.0,0.0
2024-11-25 00:00:00-05:00,412.698073057269,415.36138685697927,409.21601445717323,413.1025085449219,27691100,0.0,0.0
2024-11-26 00:00:00-05:00,413.891635863064,423.21330950979313,413.161695275106,422.17755126953125,23458900,0.0,0.0
2024-11-27 00:00:00-05:00,419.33665679394954,421.42789081016514,416.28862504102557,417.2454528808594,18332400,0.0,0.0
2024-11-29 00:00:00-05:00,414.384878235964,419.10983509030467,412.12596962038367,417.7091064453125,16271900,0.0,0.0
2024-12-02 00:00:00-05:00,415.8447150882336,427.11947839003886,415.5882364843767,425.1269226074219,20207200,0.0,0.0
2024-12-03 00:00:00-05:00,424.0024483022702,426.59673575541547,421.9309618493427,425.343994140625,18302000,0.0,0.0
2024-12-04 00:00:00-05:00,427.1490975254907,433.698935348809,426.754535872994,431.4794921875,26009400,0.0,0.0
2024-12-05 00:00:00-05:00,431.97270407918,438.6211597736825,430.2464705000807,436.6088562011719,21697800,0.0,0.0
2024-12-06 00:00:00-05:00,436.29315742766124,440.041568082756,435.7703565069421,437.5459289550781,18821000,0.0,0.0
2024-12-09 00:00:00-05:00,436.5891402244184,442.2413029263077,434.51765390142566,439.9626770019531,19144400,0.0,0.0
2024-12-10 00:00:00-05:00,438.35480554213524,443.5137582543868,435.60268777878343,437.3091735839844,18469500,0.0,0.0
2024-12-11 00:00:00-05:00,438.0194510528632,444.23391032066826,438.0194510528632,442.8923645019531,19200200,0.0,0.0
2024-12-12 00:00:00-05:00,443.0106891858234,449.96496224230685,443.0106891858234,443.45458984375,20834800,0.0,0.0
2024-12-13 00:00:00-05:00,442.34980235220513,445.2991859531554,439.5286279530639,441.1956787109375,20177800,0.0,0.0
2024-12-16 00:00:00-05:00,441.1956629672055,446.0389843929351,439.2326985780913,445.4570007324219,23598800,0.0,0.0
2024-12-17 00:00:00-05:00,444.8849575716068,449.1068307764244,443.4645114369834,448.2880859375,22733500,0.0,0.0
2024-12-18 00:00:00-05:00,445.19070178831043,446.50262602359174,431.08488976149135,431.44989013671875,24444500,0.0,0.0
2024-12-19 00:00:00-05:00,435.6224481744677,437.1612597390131,430.39443838506674,431.09478759765625,22963700,0.0,0.0
2024-12-20 00:00:00-05:00,427.2280306144627,437.71367214918683,422.80889160222836,430.670654296875,64263700,0.0,0.0
2024-12-23 00:00:00-05:00,430.80871372187636,431.70635881030796,426.9518110200716,429.3389587402344,19152500,0.0,0.0
2024-12-24 00:00:00-05:00,428.74712104240933,433.6299083717355,428.2933766162313,433.3635559082031,7164500,0.0,0.0
2024-12-26 00:00:00-05:00,433.11698419987056,434.9517397989475,430.70027491424656,432.16015625,8194200,0.0,0.0
2024-12-27 00:00:00-05:00,428.69777768381334,429.30935275325726,420.5598195240772,424.68304443359375,18117700,0.0,0.0
2024-12-30 00:00:00-05:00,420.27373116896746,421.7434860363438,416.1702239850741,419.0604248046875,13158700,0.0,0.0
2024-12-31 00:00:00-05:00,420.3131993235258,420.93464819489714,414.9470768224156,415.7756652832031,13246500,0.0,0.0
2025-01-02 00:00:00-05:00,419.7509500092328,420.2836247921959,409.21600045312425,412.89532470703125,16896500,0.0,0.0
2025-01-03 00:00:00-05:00,415.3614253792587,418.2713743539731,413.8423613323132,417.6006164550781,16662900,0.0,0.0
2025-01-06 00:00:00-05:00,422.1874160873605,428.4215926337743,419.7016505493917,422.0394592285156,20573600,0.0,0.0
2025-01-07 00:00:00-05:00,423.1738138555601,424.80139942668757,415.0851648128758,416.63385009765625,18139100,0.0,0.0
2025-01-08 00:00:00-05:00,417.7090917280971,421.1714329663283,415.81518360520914,418.7941589355469,15054600,0.0,0.0
2025-01-10 00:00:00-05:00,418.86316848876044,418.94206877538755,409.3836648034606,413.26031494140625,20201100,0.0,0.0
2025-01-13 00:00:00-05:00,409.6007014640922,412.8164377086338,406.690782868284,411.52423095703125,17604800,0.0,0.0
2025-01-14 00:00:00-05:00,412.1358238822972,414.03960580749714,405.1421150215387,410.02490234375,16935900,0.0,0.0
2025-01-15 00:00:00-05:00,413.43790279096226,422.3353935398116,412.5895665870108,420.5203857421875,19637800,0.0,0.0
2025-01-16 00:00:00-05:00,422.87788427352234,423.6571336957602,418.6264203199314,418.8138122558594,15300000,0.0,0.0
2025-01-17 00:00:00-05:00,428.1947089431654,428.57942688248704,422.3551241092644,423.20343017578125,26197500,0.0,0.0
2025-01-21 00:00:00-05:00,424.3575582513444,425.0480336398343,419.82002384260585,422.6806335449219,26085700,0.0,0.0
2025-01-22 00:00:00-05:00,431.6175824572203,441.1957044539868,430.0787709144918,440.1402587890625,27803800,0.0,0.0
2025-01-23 00:00:00-05:00,435.9972845633218,440.68277574358376,435.50407496539947,440.643310546875,18389300,0.0,0.0
2025-01-24 00:00:00-05:00,439.1143639891968,440.5841189283991,435.40541825453283,438.029296875,15549500,0.0,0.0
2025-01-27 00:00:00-05:00,418.2516146753107,429.28964793288844,417.74853125025015,428.6583251953125,35647800,0.0,0.0
2025-01-28 00:00:00-05:00,428.6978201786795,442.29067649663904,425.5215489294809,441.126708984375,23491700,0.0,0.0
2025-01-29 00:00:00-05:00,440.6235877197962,440.81100977301065,434.41900262341227,436.3227844238281,23581400,0.0,0.0
2025-01-30 00:00:00-05:00,413.08272804700266,417.11717867451154,407.548931179693,409.35406494140625,54586300,0.0,0.0
2025-01-31 00:00:00-05:00,413.2899024984714,414.97667080056476,409.2751693701902,409.4231262207031,34161900,0.0,0.0
2025-02-03 00:00:00-05:00,406.01014380943144,409.7683985075356,403.1100689884043,405.3393859863281,25679100,0.0,0.0
2025-02-04 00:00:00-05:00,407.085314667825,408.2986210393196,404.1753661823544,406.7696533203125,20532100,0.0,0.0
2025-02-05 00:00:00-05:00,406.74994863541014,408.20982973334895,404.82641922275565,407.67718505859375,16316700,0.0,0.0
2025-02-06 00:00:00-05:00,408.3775613386283,412.5205341470821,408.3775613386283,410.1728515625,16309800,0.0,0.0
2025-02-07 00:00:00-05:00,410.8238533335017,412.96436600470287,402.5576561425311,404.18524169921875,22886800,0.0,0.0
2025-02-10 00:00:00-05:00,408.09142837737437,409.8176617640726,405.33934082368563,406.6216735839844,20817900,0.0,0.0
2025-02-11 00:00:00-05:00,404.0767525043344,406.88802298158646,403.74134350470337,405.852294921875,18140600,0.0,0.0
2025-02-12 00:00:00-05:00,401.67969953229397,405.1716314556364,398.8782729965638,403.48486328125,19121700,0.0,0.0
2025-02-13 00:00:00-05:00,401.4725759938153,405.41825241635894,400.8412533167097,404.9645080566406,23891700,0.0,0.0
2025-02-14 00:00:00-05:00,402.25188608897315,403.3566707547541,400.3678218416371,402.8831787109375,22758500,0.0,0.0
2025-02-18 00:00:00-05:00,402.4590098668831,405.0237056562673,400.9793811541372,404.0767517089844,21423100,0.0,0.0
2025-02-19 00:00:00-05:00,402.34067225656025,409.8473079963777,402.11378500109834,409.1370849609375,24114200,0.0,0.0
2025-02-20 00:00:00-05:00,410.47144681938056,414.4447923675228,407.75335474991726,411.30169677734375,23508700,0.83,0.0
2025-02-21 00:00:00-05:00,412.49761092708707,413.19936436928833,403.15727713591093,403.4735412597656,27524800,0.0,0.0
2025-02-24 00:00:00-05:00,403.77011965609864,404.62012670611466,394.6867476536957,399.31243896484375,26443700,0.0,0.0
2025-02-25 00:00:00-05:00,396.44608593506547,397.25657880262406,392.09714469383994,393.283203125,29387400,0.0,0.0
2025-02-26 00:00:00-05:00,393.3919053914201,398.9170410828285,389.6755229646048,395.0919494628906,19619000,0.0,0.0
2025-02-27 00:00:00-05:00,396.61410618114576,401.03224256641477,387.6197164134029,387.97552490234375,21127400,0.0,0.0
2025-02-28 00:00:00-05:00,388.10398215130573,393.01631660620876,382.0846478468725,392.38372802734375,32845700,0.0,0.0
2025-03-03 00:00:00-05:00,394.1925192721913,394.1925192721913,381.67940898205217,383.98236083984375,23007700,0.0,0.0
2025-03-04 00:00:00-05:00,378.9514121108331,388.02488953137174,376.5792652913011,384.1009521484375,29342900,0.0,0.0
2025-03-05 00:00:00-05:00,384.82253320835395,397.00948665687173,384.29868393839774,396.36700439453125,23433100,0.0,0.0
2025-03-06 00:00:00-05:00,389.7051801734712,397.4838599812305,388.12373889118527,392.284912109375,23304600,0.0,0.0
2025-03-07 00:00:00-05:00,387.76792604607476,390.21913135054257,381.0665954583891,388.7464294433594,22034100,0.0,0.0
2025-03-10 00:00:00-04:00,381.3631114017718,381.9166113327009,372.8431337183802,375.7490234375,32840100,0.0,0.0
2025-03-11 00:00:00-04:00,374.6025480432253,381.5213286139445,372.53680146387217,376.0357360839844,30380200,0.0,0.0
2025-03-12 00:00:00-04:00,378.5067033632867,380.75035405096787,374.55311473502826,378.8229675292969,24253600,0.0,0.0
2025-03-13 00:00:00-04:00,378.7141993931464,380.84914053983084,373.07046095024094,374.3751220703125,20473000,0.0,0.0
2025-03-14 00:00:00-04:00,375.3734195488383,385.7021804869834,375.10656321193693,384.0515441894531,19952800,0.0,0.0
2025-03-17 00:00:00-04:00,382.2132080479099,388.15345468919406,381.0963143894263,384.19000244140625,22474300,0.0,0.0
2025-03-18 00:00:00-04:00,382.57889637930924,382.8754034622388,376.6781641211092,379.070068359375,19486900,0.0,0.0
2025-03-19 00:00:00-04:00,381.0567221702146,385.158563988563,379.54447585576617,383.3201599121094,19185500,0.0,0.0
2025-03-20 00:00:00-04:00,381.26425870483627,387.24407880313566,378.83281046953476,382.35150146484375,18470500,0.0,0.0
2025-03-21 00:00:00-04:00,378.77352451177876,387.194656647968,378.3583844724842,386.7202453613281,39675900,0.0,0.0
2025-03-24 00:00:00-04:00,390.81222312553433,390.81222312553433,385.28708673252123,388.5191345214844,21004500,0.0,0.0
2025-03-25 00:00:00-04:00,389.34940942223693,391.7610706609813,388.0842623065983,390.57501220703125,15775000,0.0,0.0
2025-03-26 00:00:00-04:00,390.4168880991619,390.7232888134518,384.06150143845576,385.44525146484375,16108400,0.0,0.0
2025-03-27 00:00:00-04:00,385.6033351411741,387.6888383797828,382.9050004114053,386.048095703125,13766800,0.0,0.0
2025-03-28 00:00:00-04:00,383.5771397086297,384.6149747790714,372.5565178920864,374.4048156738281,21632000,0.0,0.0
2025-03-31 00:00:00-04:00,368.21742532177814,372.6948625069506,362.97890314508544,371.03436279296875,35184700,0.0,0.0
2025-04-01 00:00:00-04:00,370.3030004386035,378.4078694453165,368.89949332324585,377.7555236816406,19689500,0.0,0.0
2025-04-02 00:00:00-04:00,373.584455994143,380.61194495123306,372.2501138660857,377.7060852050781,16092600,0.0,0.0
2025-04-03 00:00:00-04:00,370.4413527847735,373.10014336261634,365.0644702169303,368.78082275390625,30198000,0.0,0.0
2025-04-04 00:00:00-04:00,359.90502676066706,370.2436515761853,355.30898645827625,355.664794921875,49209900,0.0,0.0
2025-04-07 00:00:00-04:00,346.8087713756296,366.6953157485582,340.7894367933375,353.707763671875,50425000,0.0,0.0
2025-04-08 00:00:00-04:00,363.98712785508354,369.3145725706382,346.18608632628985,350.4460754394531,35868900,0.0,0.0
2025-04-09 00:00:00-04:00,349.43791334353114,388.66739600040677,349.00301621371585,385.95916748046875,50199700,0.0,0.0
2025-04-10 00:00:00-04:00,377.627015987976,379.4456631401157,363.5324628545339,376.9252624511719,38024400,0.0,0.0
2025-04-11 00:00:00-04:00,376.2234920445777,385.52428234575257,374.4937970946495,383.94287109375,23839200,0.0,0.0
2025-04-14 00:00:00-04:00,388.6575040815548,390.0709046779098,379.75203666792555,383.3102722167969,19251200,0.0,0.0
2025-04-15 00:00:00-04:00,384.0021677861047,387.3429548173336,379.702634359307,381.2544250488281,17199900,0.0,0.0
2025-04-16 00:00:00-04:00,376.25312290658945,377.1821883945702,363.7301188576812,367.2982177734375,21967800,0.0,0.0
2025-04-17 00:00:00-04:00,369.41339637295704,369.9767899290697,362.6330071079686,363.5126647949219,21120200,0.0,0.0
2025-04-21 00:00:00-04:00,358.6102059570081,360.25094859286406,351.543173455908,354.953125,20807300,0.0,0.0
2025-04-22 00:00:00-04:00,359.1637844616611,363.50283254625396,355.68460696363,362.5638732910156,19485000,0.0,0.0
2025-04-23 00:00:00-04:00,371.6965961898571,375.9763723537339,368.69186067990836,370.0459899902344,20545500,0.0,0.0
2025-04-24 00:00:00-04:00,371.34077108557176,383.9428330432701,370.8366789549492,382.80615234375,22232300,0.0,0.0
2025-04-25 00:00:00-04:00,382.5097039822226,387.6098369882708,380.13755681192964,387.3034362792969,18973200,0.0,0.0
2025-04-28 00:00:00-04:00,387.4121350910717,388.1830836548117,382.15388522315925,386.6214294433594,16579400,0.0,0.0
2025-04-29 00:00:00-04:00,386.75975859738145,390.51568553400665,385.85045019118235,389.4679870605469,14974000,0.0,0.0
2025-04-30 00:00:00-04:00,385.7713871677669,392.0576085897077,379.97939447353656,390.6738586425781,36461100,0.0,0.0
2025-05-01 00:00:00-04:00,426.1078502028247,431.91962985286955,419.9699127886788,420.464111328125,58938100,0.0,0.0
2025-05-02 00:00:00-04:00,426.73058824697114,434.34125858777406,425.00089318437847,430.2295227050781,30757400,0.0,0.0
2025-05-05 00:00:00-04:00,427.84743296236513,434.40051033348516,427.0962415401901,431.1091613769531,20136100,0.0,0.0
2025-05-06 00:00:00-04:00,427.18524232094876,432.65107712392626,426.1671945058241,428.2823486328125,15104200,0.0,0.0
2025-05-07 00:00:00-04:00,428.80620435216304,433.0365428333408,426.1078693467033,428.3218994140625,23295300,0.0,0.0
2025-05-08 00:00:00-04:00,432.84876270467214,438.52218293606853,430.6051120016966,433.08599853515625,23491300,0.0,0.0
2025-05-09 00:00:00-04:00,434.89471877509555,435.6261229679929,430.8225275981773,433.63946533203125,15324200,0.0,0.0
2025-05-12 00:00:00-04:00,440.76575596614896,444.1559504013246,434.6772268904453,444.0472412109375,22821900,0.0,0.0
2025-05-13 00:00:00-04:00,442.5844751269483,445.4409573721911,440.19254074927665,443.9287109375,23618800,0.0,0.0
2025-05-14 00:00:00-04:00,442.94024625817593,448.6333924695745,442.94024625817593,447.6845397949219,19902800,0.0,0.0
2025-05-15 00:00:00-04:00,446.3576953837484,451.7246558325709,446.0210270484144,448.6946105957031,21992300,0.83,0.0
2025-05-16 00:00:00-04:00,447.6251542704443,449.91254071320964,444.3376746324017,449.82342529296875,23849800,0.0,0.0
2025-05-19 00:00:00-04:00,446.4666664897976,455.0914021356244,446.38743262939596,454.3784484863281,21336500,0.0,0.0
2025-05-20 00:00:00-04:00,451.13050930908776,453.8535912700005,449.87295142774695,453.6852722167969,15441800,0.0,0.0
2025-05-21 00:00:00-04:00,450.12052955644793,453.2991005803846,447.38753565613104,448.1401062011719,19216900,0.0,0.0
2025-05-22 00:00:00-04:00,450.49682997275477,455.7449399531106,449.45708954496587,450.4076843261719,18025600,0.0,0.0
2025-05-23 00:00:00-04:00,445.5754438212613,449.2491205375805,444.51591011589574,445.7734680175781,16883500,0.0,0.0
2025-05-27 00:00:00-04:00,452.0118507212909,456.43809825868186,451.6553587930952,456.1806335449219,20974300,0.0,0.0
2025-05-28 00:00:00-04:00,456.70544210957024,457.9927052337918,452.45742544945836,452.8832092285156,17086300,0.0,0.0
2025-05-29 00:00:00-04:00,457.03221043821725,457.2005597280811,450.85329893273473,454.1903076171875,13974800,0.0,0.0
2025-05-30 00:00:00-04:00,455.22010105843367,457.16090743162863,451.081023612945,455.85382080078125,34770500,0.0,0.0
2025-06-02 00:00:00-04:00,452.6653804963421,457.5867035205711,452.41782757710985,457.4480895996094,16626500,0.0,0.0
2025-06-03 00:00:00-04:00,456.9529759669727,459.5968543955761,456.3489311405408,458.43829345703125,15743800,0.0,0.0
2025-06-04 00:00:00-04:00,459.4582001214203,461.1316602074749,458.48778183720145,459.3294677734375,14162700,0.0,0.0
2025-06-05 00:00:00-04:00,460.4088263203011,465.0529216385449,459.4879366863286,463.1022033691406,20131700,0.0,0.0
2025-06-06 00:00:00-04:00,465.4885869985769,468.7067748339504,464.19141216551986,465.7757568359375,15285600,0.0,0.0
2025-06-09 00:00:00-04:00,465.10242514198006,468.7958952647425,464.0329796350046,468.12255859375,16469900,0.0,0.0
2025-06-10 00:00:00-04:00,466.57783210788693,468.172058367284,462.38922592870773,466.31048583984375,15375900,0.0,0.0
2025-06-11 00:00:00-04:00,465.4192790589967,470.81594475736864,465.0628173622344,467.99383544921875,16399200,0.0,0.0
2025-06-12 00:00:00-04:00,470.37032681118086,475.7174938929388,468.88500933710617,474.1826477050781,18950600,0.0,0.0
2025-06-13 00:00:00-04:00,471.7467014438283,474.48957663576516,468.13243522834,470.3108825683594,16814500,0.0,0.0
2025-06-16 00:00:00-04:00,470.5584575569121,475.98482813726486,470.3505215770748,474.45001220703125,15626100,0.0,0.0
2025-06-17 00:00:00-04:00,470.7465752361547,474.0538782600282,469.43948870872424,473.3607482910156,15414100,0.0,0.0
2025-06-18 00:00:00-04:00,473.3211507460615,476.29178558337986,469.81579317674493,475.5392150878906,17526500,0.0,0.0
2025-06-20 00:00:00-04:00,477.5097592999014,478.7277002496467,472.2022093150259,472.7270202636719,37576200,0.0,0.0
2025-06-23 00:00:00-04:00,473.52910172023695,482.97572926336846,467.8849134818946,481.24285888671875,24864000,0.0,0.0
2025-06-24 00:00:00-04:00,484.16397269221426,487.0355802812341,482.03499358247046,485.3125915527344,22305600,0.0,0.0
2025-06-25 00:00:00-04:00,487.2237477118272,489.71907018583636,484.59969288856837,487.45147705078125,17495100,0.0,0.0
2025-06-26 00:00:00-04:00,488.15453290095326,493.1650012559548,487.9861836300842,492.5807800292969,21578900,0.0,0.0
2025-06-27 00:00:00-04:00,492.6797975508017,494.4126679494895,488.2040517426954,491.0855712890625,34539200,0.0,0.0
2025-06-30 00:00:00-04:00,492.17482524139086,495.85841392483957,490.4815414994746,492.54119873046875,28369000,0.0,0.0
2025-07-01 00:00:00-04:00,491.61036068604886,493.1748817381986,486.1741086010328,487.2336120605469,19945400,0.0,0.0
2025-07-02 00:00:00-04:00,485.1937811955959,488.66943364597034,483.9164299655294,486.28302001953125,16319600,0.0,0.0
2025-07-03 00:00:00-04:00,488.9764505765557,495.2345959448005,488.61007707252077,493.95721435546875,13984800,0.0,0.0
2025-07-07 00:00:00-04:00,492.51147619590915,493.86806132382594,490.38252718836065,492.84814453125,13981600,0.0,0.0
2025-07-08 00:00:00-04:00,492.37280697303856,493.3234318678901,489.2734398258723,491.7588806152344,11846600,0.0,0.0
2025-07-09 00:00:00-04:00,495.40288075164045,501.8194631786975,494.8483646402868,498.58148193359375,18659500,0.0,0.0
2025-07-10 00:00:00-04:00,498.12595942487985,499.502368126141,492.8778497571002,496.57135009765625,16492100,0.0,0.0
2025-07-11 00:00:00-04:00,493.59080845907414,500.08659454551145,492.9273533491097,498.3933410644531,16459500,0.0,0.0
2025-07-14 00:00:00-04:00,496.6109349689791,499.0369655948213,496.1257409313552,498.09625244140625,12058800,0.0,0.0
2025-07-15 00:00:00-04:00,498.0962552049,503.3245715280963,497.8685258646023,500.8688659667969,14927200,0.0,0.0
2025-07-16 00:00:00-04:00,500.2351113436526,501.7600457375481,496.9773367906475,500.6708068847656,15154400,0.0,0.0
2025-07-17 00:00:00-04:00,500.7302212088446,508.34495123446135,500.67081092720053,506.6913146972656,17503100,0.0,0.0
2025-07-18 00:00:00-04:00,509.4440643876484,509.6025320949179,502.4630844244223,505.05743408203125,21209700,0.0,0.0
2025-07-21 00:00:00-04:00,501.7501069031347,507.0774803175347,500.60145783110823,505.06732177734375,14066800,0.0,0.0
2025-07-22 00:00:00-04:00,505.96849884478524,506.1962584259587,500.32427978515625,500.32427978515625,13868600,0.0,0.0
2025-07-23 00:00:00-04:00,501.78975657062705,501.82937349813983,495.7989881406536,500.9183654785156,16396600,0.0,0.0
2025-07-24 00:00:00-04:00,503.7899408054956,508.6419715627398,502.33432855643633,505.8793029785156,16107000,0.0,0.0
2025-07-25 00:00:00-04:00,507.4536969863606,513.2167356071609,505.36436506751977,508.6816101074219,19125700,0.0,0.0
2025-07-28 00:00:00-04:00,509.0480107678364,509.9589885432546,505.12675096242896,507.48345947265625,14308000,0.0,0.0
2025-07-29 00:00:00-04:00,510.4838436674275,512.5533521818816,506.5526719682665,507.55279541015625,16469200,0.0,0.0
2025-07-30 00:00:00-04:00,510.127348903314,510.89974304598894,504.45345515414937,508.21624755859375,26380400,0.0,0.0
2025-07-31 00:00:00-04:00,549.7951084550788,550.0129864113624,526.6935178159886,528.27783203125,51617300,0.0,0.0
2025-08-01 00:00:00-04:00,529.7632164041114,530.5553736121248,515.7616096000787,518.9797973632812,28977600,0.0,0.0
2025-08-04 00:00:00-04:00,523.0991177691142,532.981410508703,522.960473635689,530.39697265625,25349000,0.0,0.0
2025-08-05 00:00:00-04:00,531.9219176627233,532.0407382325785,522.0792108748774,522.584228515625,19171600,0.0,0.0
2025-08-06 00:00:00-04:00,525.7034415927023,526.495598904166,518.9006917137275,519.8017578125,21355700,0.0,0.0
2025-08-07 00:00:00-04:00,521.6434435727333,522.9208551796034,512.483986539974,515.7418212890625,16079100,0.0,0.0
2025-08-08 00:00:00-04:00,517.4845698020915,519.524403327164,514.3257923084495,516.9300537109375,15531000,0.0,0.0
2025-08-11 00:00:00-04:00,517.1875004407061,522.4257584225397,514.6327376205326,516.6627197265625,20194400,0.0,0.0
2025-08-12 00:00:00-04:00,518.6233183732385,525.7825288027884,517.5836082950698,524.0595703125,18667000,0.0,0.0
2025-08-13 00:00:00-04:00,526.9014833945702,527.4857348349631,514.2861971986356,515.484375,19619200,0.0,0.0
2025-08-14 00:00:00-04:00,517.4449565045493,520.8017882377586,515.0486614235291,517.36572265625,20269100,0.0,0.0
2025-08-15 00:00:00-04:00,517.6529556536844,520.9503168823401,513.9990723038397,515.078369140625,25213300,0.0,0.0
2025-08-18 00:00:00-04:00,516.4844919382945,517.7024328589179,508.9885829187347,512.0383911132812,23760600,0.0,0.0
2025-08-19 00:00:00-04:00,509.9590305231463,510.1174378041072,503.57215290768977,504.78021240234375,21481000,0.0,0.0
2025-08-20 00:00:00-04:00,504.87920872605446,505.9981527246316,499.5023667236012,500.76983642578125,27723000,0.0,0.0
2025-08-21 00:00:00-04:00,499.5796529563519,503.4875031078027,498.61756740599895,500.1251525878906,18443300,0.83,0.0
2025-08-22 00:00:00-04:00,500.1350363394598,506.56216679087737,498.310055406757,503.0907287597656,24324200,0.0,0.0
2025-08-25 00:00:00-04:00,502.4956437530773,504.04291093011733,500.00611695670057,500.1449890136719,21638600,0.0,0.0
2025-08-26 00:00:00-04:00,500.24412923099453,500.8590951140394,494.44189267773186,497.9430847167969,30835700,0.0,0.0
2025-08-27 00:00:00-04:00,497.90339657266526,503.1502356611414,495.82052770460996,502.6047058105469,17277900,0.0,0.0
2025-08-28 00:00:00-04:00,502.95187030654046,506.91922816363694,501.3748491905692,505.4810791015625,18015600,0.0,0.0
2025-08-29 00:00:00-04:00,504.5090702372647,505.44140176386463,500.3730863144936,502.5551452636719,20961600,0.0,0.0
2025-09-02 00:00:00-04:00,496.3859077753076,501.87077891116434,492.75577163159113,500.9979553222656,18128000,0.0,0.0
2025-09-03 00:00:00-04:00,499.67883751509856,503.6461955733364,498.2208322179546,501.2261047363281,16345100,0.0,0.0
2025-09-04 00:00:00-04:00,500.18461248708434,504.0032003466391,499.04400319618804,503.8246765136719,15509500,0.0,0.0
2025-09-05 00:00:00-04:00,504.9156980825419,507.7920263313322,488.3519677503994,490.96051025390625,31994800,0.0,0.0
2025-09-08 00:00:00-04:00,494.0451377441344,497.1099483047291,490.990285532587,494.1344299316406,16771000,0.0,0.0
2025-09-09 00:00:00-04:00,497.33802599365555,498.15134157087306,493.6384843818268,494.3426818847656,14410500,0.0,0.0
2025-09-10 00:00:00-04:00,498.8754294126598,499.1233892811019,492.66650462093776,496.2867126464844,21611800,0.0,0.0
2025-09-11 00:00:00-04:00,498.15138006137016,499.0638857033828,493.8170463660224,496.9215087890625,18881600,0.0,0.0
2025-09-12 00:00:00-04:00,502.5154742767582,508.367321245748,499.73833579713096,505.73895263671875,23624900,0.0,0.0
2025-09-15 00:00:00-04:00,504.6379958107742,511.26344571936806,502.8625947427051,511.15435791015625,17143800,0.0,0.0
2025-09-16 00:00:00-04:00,512.6620043570016,513.0091239663263,504.4495745277025,504.885986328125,19711900,0.0,0.0
2025-09-17 00:00:00-04:00,506.4530503919847,507.1175961354426,501.80132099339164,505.8579406738281,15816600,0.0,0.0
2025-09-18 00:00:00-04:00,507.31598208941665,508.88310546808697,503.51725007824297,504.3008117675781,18913700,0.0,0.0
2025-09-19 00:00:00-04:00,506.3936379963221,515.062306658186,506.1456780893485,513.7034912109375,52474100,0.0,0.0
2025-09-22 00:00:00-04:00,511.38257317258103,513.5149918534414,508.3574141571104,510.2518615722656,20009300,0.0,0.0
2025-09-23 00:00:00-04:00,509.60711582016205,510.3907077578639,503.17008724169204,505.0744323730469,19799600,0.0,0.0
2025-09-24 00:00:00-04:00,506.215041937542,508.29788064425674,502.7832857896144,505.9869079589844,13533700,0.0,0.0
2025-09-25 00:00:00-04:00,504.15198973027213,505.84805701475193,500.9186136455738,502.8923645019531,15786500,0.0,0.0
2025-09-26 00:00:00-04:00,505.8976246789574,509.74596656687834,502.4856945681329,507.28619384765625,16213100,0.0,0.0
2025-09-29 00:00:00-04:00,507.32580454682284,512.6321206141573,504.72719041048674,510.4004821777344,17617800,0.0,0.0
2025-09-30 00:00:00-04:00,509.05168089535164,513.9315141469417,505.5009089039439,513.7232666015625,19728200,0.0,0.0
2025-10-01 00:00:00-04:00,510.5989067561486,516.2623314762835,507.51430077675985,515.4688720703125,22632300,0.0,0.0
2025-10-02 00:00:00-04:00,513.4158303625842,517.343476169315,506.5126054199375,511.53131103515625,21222900,0.0,0.0
2025-10-03 00:00:00-04:00,512.8800919259904,516.2424417743944,510.7972535535121,513.1280517578125,15112300,0.0,0.0
2025-10-06 00:00:00-04:00,514.377848960065,526.6965386672223,513.9712214168786,524.256591796875,21388600,0.0,0.0
2025-10-07 00:00:00-04:00,523.9788048028778,525.4764919541412,517.1847292577561,519.7039794921875,14615200,0.0,0.0
2025-10-08 00:00:00-04:00,519.0096990644043,522.6497323527587,518.8212471755213,520.5668334960938,13363400,0.0,0.0
2025-10-09 00:00:00-04:00,518.07745494396,520.0512058016051,513.1777655449532,518.136962890625,18343600,0.0,0.0
2025-10-10 00:00:00-04:00,515.3994727403434,519.3073226434543,505.47115003636685,506.790283203125,24133800,0.0,0.0
2025-10-13 00:00:00-04:00,512.1957986627914,512.1957986627914,507.50441729945595,509.8550720214844,14284200,0.0,0.0
2025-10-14 00:00:00-04:00,506.0662879637401,511.07509568876407,501.87079590760095,509.3790283203125,14684300,0.0,0.0
2025-10-15 00:00:00-04:00,510.75765569343554,512.9694382549203,505.838110317394,509.2401123046875,14694700,0.0,0.0
2025-10-16 00:00:00-04:00,508.3971133632887,512.6322269089161,503.98341543309897,507.43499755859375,15559600,0.0,0.0
2025-10-17 00:00:00-04:00,504.8859867353243,511.2734052578957,503.1700935064365,509.3889465332031,19867800,0.0,0.0
2025-10-20 00:00:00-04:00,510.41055088987974,514.4672014016805,509.24018745186737,512.57275390625,14665600,0.0,0.0
2025-10-21 00:00:00-04:00,513.2769402267872,514.4572316509175,508.8533142722573,513.4356079101562,15586200,0.0,0.0
2025-10-22 00:00:00-04:00,516.8971823641815,520.943843958813,513.4852520447155,516.2921142578125,18962700,0.0,0.0
2025-10-23 00:00:00-04:00,518.1964086283891,519.6742395740552,514.3777908083965,516.3118896484375,14023500,0.0,0.0
2025-10-24 00:00:00-04:00,518.5236595856693,521.0627658394295,516.4606773737235,519.3369750976562,15532400,0.0,0.0
2025-10-27 00:00:00-04:00,527.4404441110845,530.2175826339089,524.6930292943027,527.1825561523438,18734700,0.0,0.0
2025-10-28 00:00:00-04:00,545.5116410650497,549.2012543795508,536.356983260493,537.6463623046875,29986700,0.0,0.0
2025-10-29 00:00:00-04:00,540.4929653309738,541.8121286840217,532.3499420595073,537.130615234375,36023000,0.0,0.0
2025-10-30 00:00:00-04:00,526.1509968235328,530.6043464776645,517.8592331602406,521.4695434570312,41023100,0.0,0.0
2025-10-31 00:00:00-04:00,524.5640198650095,525.0004316167937,510.896444053691,513.5843505859375,34006400,0.0,0.0
2025-11-03 00:00:00-05:00,515.5680119038287,520.676008789008,510.3906395365282,512.8107299804688,22374700,0.0,0.0
2025-11-04 00:00:00-05:00,507.5837777929312,511.3428275978434,503.6957537451755,510.1328125,20958700,0.0,0.0
2025-11-05 00:00:00-05:00,509.11117977922714,510.6287232020861,502.4460174356622,503.02130126953125,23024300,0.0,0.0
2025-11-06 00:00:00-05:00,501.5335702984596,501.5732523540539,491.7639450704796,493.0434265136719,27406500,0.0,0.0
2025-11-07 00:00:00-05:00,492.89463000746537,495.30479262227396,489.2248119110569,492.76568603515625,24019800,0.0,0.0
2025-11-10 00:00:00-05:00,495.95940345274505,502.7138276367279,494.72950196106785,501.8707580566406,26101500,0.0,0.0
2025-11-11 00:00:00-05:00,500.68055811559174,505.4414057875519,498.2505695472254,504.5289001464844,17980000,0.0,0.0
2025-11-12 00:00:00-05:00,505.203338237195,507.494515261433,495.0469117437556,506.9688415527344,26574900,0.0,0.0
2025-11-13 00:00:00-05:00,506.1455939798088,509.3095642884979,497.1992129195551,499.1828918457031,25273100,0.0,0.0
2025-11-14 00:00:00-05:00,494.1641988801248,507.4250879884235,493.38063720960855,506.01666259765625,28505700,0.0,0.0
2025-11-17 00:00:00-05:00,504.3007594029326,507.9407930820625,500.78963942134817,503.34857177734375,19092800,0.0,0.0
2025-11-18 00:00:00-05:00,491.3275301094218,498.87544447228873,482.8076324047851,489.76043701171875,33815100,0.0,0.0
2025-11-19 00:00:00-05:00,486.1005289347495,491.14898819063853,478.88983663624714,483.14483642578125,23245300,0.0,0.0
2025-11-20 00:00:00-05:00,489.60385435710714,490.45844852333465,472.50235794747454,475.41387939453125,26802500,0.91,0.0
2025-11-21 00:00:00-05:00,475.4834301610789,475.9007957312625,465.3179114267742,469.1436462402344,31769200,0.0,0.0
2025-11-24 00:00:00-05:00,472.0055061050608,473.89352206444323,465.0694984877541,471.0118103027344,34421000,0.0,0.0
2025-11-25 00:00:00-05:00,471.08136597664605,476.12932719889915,461.9592459889855,473.9829406738281,28019800,0.0,0.0
2025-11-26 00:00:00-05:00,483.244222260298,485.23161394332453,478.1664510662567,482.4393310546875,25709100,0.0,0.0
2025-11-28 00:00:00-05:00,484.5260924315005,489.5243812398697,483.5820692635899,488.9082946777344,14386700,0.0,0.0
2025-12-01 00:00:00-05:00,485.3608038657598,486.77183499200703,481.59468809959253,483.6715087890625,23964000,0.0,0.0
2025-12-02 00:00:00-05:00,483.6516286444489,490.38888506208144,483.2541563831954,486.91094970703125,19562700,0.0,0.0
2025-12-03 00:00:00-05:00,473.31720798581483,481.18726202656165,472.20427350128017,474.71832275390625,34615100,0.0,0.0
2025-12-04 00:00:00-05:00,476.7355376297969,478.28570075231454,473.48613274494215,477.8087158203125,22318200,0.0,0.0
2025-12-05 00:00:00-05:00,479.4780948278929,480.35255199911325,475.86105782216015,480.11407470703125,22608700,0.0,0.0
2025-12-08 00:00:00-05:00,481.8331697469475,489.19642891935564,481.3263751862239,487.92449951171875,21965900,0.0,0.0
2025-12-09 00:00:00-05:00,486.01663804004494,489.0175885389743,485.4204144751398,488.918212890625,14696100,0.0,0.0
2025-12-10 00:00:00-05:00,480.97857754952304,481.19719183884354,472.084987996716,475.5430603027344,35756200,0.0,0.0
2025-12-11 00:00:00-05:00,473.6252433732215,482.96597801292137,472.86007818396723,480.422119140625,24669200,0.0,0.0
2025-12-12 00:00:00-05:00,476.79512068758515,479.40854546431024,473.3370484252935,475.51324462890625,21248100,0.0,0.0
2025-12-15 00:00:00-05:00,477.0733420562278,477.6894285774835,469.5411111878212,471.8266296386719,23727700,0.0,0.0
2025-12-16 00:00:00-05:00,468.9350114671635,474.87732355778707,467.911505956298,473.38677978515625,20705600,0.0,0.0
2025-12-17 00:00:00-05:00,473.903466892556,476.9739832708393,472.0055042784347,473.1184387207031,24527200,0.0,0.0
2025-12-18 00:00:00-05:00,475.1754171439269,486.51349034093164,474.87732052138307,480.9289245605469,28573500,0.0,0.0
2025-12-19 00:00:00-05:00,484.2875529363844,484.77448448182145,479.4482594182398,482.8566589355469,70836100,0.0,0.0
2025-12-22 00:00:00-05:00,483.0554234208069,485.64898536737695,479.6470539215635,481.8630065917969,16963000,0.0,0.0
2025-12-23 00:00:00-05:00,481.922585996358,484.75459468390824,481.6840783901604,483.7807922363281,14683600,0.0,0.0
2025-12-24 00:00:00-05:00,482.6181454723109,486.0762176057581,481.77349801821515,484.9433898925781,5855900,0.0,0.0
2025-12-26 00:00:00-05:00,483.6416497095635,485.04276435526947,482.8963778974979,484.6353454589844,8842200,0.0,0.0
2025-12-29 00:00:00-05:00,481.80333660098637,485.27135560420123,481.1276307272214,484.02923583984375,10893400,0.0,0.0
2025-12-30 00:00:00-05:00,482.8666136001516,486.5929730105466,482.43933166580535,484.4068603515625,13944500,0.0,0.0
2025-12-31 00:00:00-05:00,484.7645645601486,485.06269150087525,480.25317705215497,480.5711669921875,15601600,0.0,0.0
2026-01-02 00:00:00-05:00,481.3363251826272,481.6046121327098,467.1960229709088,469.95849609375,25571600,0.0,0.0
2026-01-05 00:00:00-05:00,471.071443053882,473.0687813775576,466.5401924921144,469.86907958984375,25250300,0.0,0.0
2026-01-06 00:00:00-05:00,470.8130789419108,475.7219388392127,466.7886229022075,475.493408203125,23037700,0.0,0.0
2026-01-07 00:00:00-05:00,476.73551614076564,486.6128550141313,474.936929133209,480.422119140625,25564200,0.0,0.0
2026-01-08 00:00:00-05:00,478.20615894860083,479.61722033317443,472.8600706717694,475.09588623046875,18162600,0.0,0.0
2026-01-09 00:00:00-05:00,471.0714211959582,476.7951186190047,469.2231615927928,476.2585144042969,18491000,0.0,0.0
2026-01-12 00:00:00-05:00,473.6649886945649,477.95773148860775,472.68120923483104,474.1717529296875,23519900,0.0,0.0
2026-01-13 00:00:00-05:00,471.68751939768345,472.7805908527595,463.01257439213845,467.70281982421875,28545800,0.0,0.0
2026-01-14 00:00:00-05:00,463.51933114332076,465.2483824443871,454.2879190598576,456.4839782714844,28184300,0.0,0.0
2026-01-15 00:00:00-05:00,461.1940901109254,461.32327541703046,453.02590941718984,453.7811279296875,23225800,0.0,0.0
2026-01-16 00:00:00-05:00,454.94370584966504,460.26993076816973,453.60224086509476,456.9609069824219,34246700,0.0,0.0
2026-01-20 00:00:00-05:00,448.3754483517362,453.92025792216236,446.4476759522066,451.6546325683594,26130000,0.0,0.0
2026-01-21 00:00:00-05:00,449.74673993987386,449.836168925793,435.9144806057656,441.31024169921875,37980500,0.0,0.0
2026-01-22 00:00:00-05:00,444.79810039972057,449.9851935867555,441.89652570286836,448.2959289550781,25349400,0.0,0.0
2026-01-23 00:00:00-05:00,449.02131930234236,468.1301005814363,447.6897705604439,463.0125732421875,38000200,0.0,0.0
2026-01-26 00:00:00-05:00,462.3766075757791,471.2602507862521,459.0874767807031,467.3152770996094,29291200,0.0,0.0
2026-01-27 00:00:00-05:00,470.7136916421546,479.8258647405344,470.1770874429818,477.55029296875,29213900,0.0,0.0
2026-01-28 00:00:00-05:00,480.16374552458444,480.69040309270366,474.9865988275796,478.5937194824219,36875400,0.0,0.0
2026-01-29 00:00:00-05:00,437.21619626544543,439.71038237575016,418.365786117595,430.7671203613281,128855300,0.0,0.0
2026-01-30 00:00:00-05:00,436.4014165119217,436.8286984461687,423.7616041817895,427.577392578125,58566800,0.0,0.0
2026-02-02 00:00:00-05:00,427.5276741085398,428.02452201181774,419.58805431821895,420.70098876953125,42219900,0.0,0.0
2026-02-03 00:00:00-05:00,419.34957819955315,419.3893041977899,405.9843574339844,408.6176452636719,61424100,0.0,0.0
2026-02-04 00:00:00-05:00,408.40896545860215,417.15347618992746,406.66005118226167,411.578857421875,45012400,0.0,0.0
2026-02-05 00:00:00-05:00,404.87141244319446,405.72597626088844,389.84673704915224,391.188232421875,66289200,0.0,0.0
2026-02-06 00:00:00-05:00,396.6535630940219,399.25704122003975,390.4429643868461,398.61114501953125,53515300,0.0,0.0
2026-02-09 00:00:00-05:00,402.2977759502542,412.2744908996196,398.3428555009064,410.99261474609375,45480500,0.0,0.0
2026-02-10 00:00:00-05:00,416.97464756162884,421.0090502850332,410.0982892644293,410.6646728515625,44857900,0.0,0.0
2026-02-11 00:00:00-05:00,413.5563153661985,413.8345489802859,398.4819668946231,401.8207702636719,42491000,0.0,0.0
2026-02-12 00:00:00-05:00,402.4467839094351,403.6392309547976,395.5008602319473,399.30670166015625,40802400,0.0,0.0
2026-02-13 00:00:00-05:00,401.90028127287496,402.98340606348665,395.54060384789733,398.7900085449219,34091600,0.0,0.0
2026-02-17 00:00:00-05:00,396.70323107498865,397.99502346077054,392.0427954340728,394.35809326171875,32078800,0.0,0.0
2026-02-18 00:00:00-05:00,395.62013745533494,400.02220283554806,393.82155037537984,397.08087158203125,23223400,0.0,0.0
2026-02-19 00:00:00-05:00,399.07278661262325,402.7976819572589,395.0690225854118,396.8517761230469,28234000,0.91,0.0
2026-02-20 00:00:00-05:00,394.51123443489973,398.5050592846536,393.56508699389525,395.6267395019531,34015200,0.0,0.0
2026-02-23 00:00:00-05:00,393.4057107487328,393.7642431363039,381.55374731391754,382.918212890625,43238300,0.0,0.0
2026-02-24 00:00:00-05:00,382.58959213032324,387.7884945775691,380.16937672197673,387.4299621582031,33884700,0.0,0.0
2026-02-25 00:00:00-05:00,388.95376053046306,399.84960746436826,388.5852587696308,398.9831237792969,43625500,0.0,0.0
2026-02-26 00:00:00-05:00,403.0765245044552,405.8453028142193,397.1306190557743,400.0986022949219,34405900,0.0,0.0
2026-02-27 00:00:00-05:00,389.30236795593413,395.2183958601928,388.30640407164015,391.15484619140625,51367200,0.0,0.0
2026-03-02 00:00:00-05:00,391.2743390590049,399.57073485574693,389.0533591512552,396.9413757324219,35474900,0.0,0.0
2026-03-03 00:00:00-05:00,391.5532542396072,405.05852201627056,391.0851500003899,402.2996826171875,38199200,0.0,0.0
2026-03-04 00:00:00-05:00,399.6504140582061,409.3710312257941,398.69429724653685,403.5645751953125,35808000,0.0,0.0
2026-03-05 00:00:00-05:00,402.78771732924594,409.9486695143622,402.7677785996419,409.0224304199219,39001300,0.0,0.0
2026-03-06 00:00:00-05:00,407.54843921074234,411.38287590243635,406.8612216895844,407.30938720703125,31123900,0.0,0.0
2026-03-09 00:00:00-04:00,403.2857003455267,408.55432729115563,401.8714182880504,407.757568359375,30131900,0.0,0.0
2026-03-10 00:00:00-04:00,408.37506928692744,408.5443965203919,401.30371964643086,404.122314453125,31706400,0.0,0.0
2026-03-11 00:00:00-04:00,403.9330670994013,407.35918518479474,399.96912002302975,403.245849609375,25512100,0.0,0.0
2026-03-12 00:00:00-04:00,402.99687655683135,404.4808530373378,400.08864860368743,400.238037109375,27263900,0.0,0.0
2026-03-13 00:00:00-04:00,399.3815063856616,403.16615688192843,392.65875035547907,393.9534912109375,26848000,0.0,0.0
2026-03-16 00:00:00-04:00,396.4633374914087,399.01300251860397,393.1965772756644,398.33575439453125,27733700,0.0,0.0
2026-03-17 00:00:00-04:00,398.6544268926901,402.7677623283013,396.1446090107731,397.79791259765625,26228300,0.0,0.0
2026-03-18 00:00:00-04:00,395.5271533612366,396.39363710184665,389.42188971563326,390.2087097167969,25908500,0.0,0.0
2026-03-19 00:00:00-04:00,388.52551763585893,390.90585551603124,385.4977789148814,387.4498596191406,25138800,0.0,0.0
2026-03-20 00:00:00-04:00,385.22889118681917,385.43803509853177,378.58579850034175,380.3287353515625,50853200,0.0,0.0
2026-03-23 00:00:00-04:00,382.3505545919761,385.64719283721575,380.1395134056624,381.4541931152344,29680100,0.0,0.0
2026-03-24 00:00:00-04:00,380.8167328036651,380.9263046350485,370.34917314154325,371.2355651855469,42733600,0.0,0.0
2026-03-25 00:00:00-04:00,375.39872248264555,375.5381416220395,368.13813722010167,369.5424499511719,31181200,0.0,0.0
2026-03-26 00:00:00-04:00,369.3233510512375,373.2076042912997,363.71606927386256,364.492919921875,36836600,0.0,0.0
2026-03-27 00:00:00-04:00,360.43931657918756,360.9871149414508,355.07108715320055,355.33001708984375,37883400,0.0,0.0
2026-03-30 00:00:00-04:00,360.4393055378546,363.8853318939423,354.8419936524484,357.51116943359375,44797000,0.0,0.0
2026-03-31 00:00:00-04:00,363.07862179545566,371.3949263066763,361.6046146993887,368.67596435546875,45244400,0.0,0.0
2026-04-01 00:00:00-04:00,371.98254731341393,372.48052926345224,366.7139201659809,367.8791809082031,29417200,0.0,0.0
2026-04-02 00:00:00-04:00,365.7278929006101,372.1319638369453,362.680245817395,371.9526672363281,24099100,0.0,0.0
2026-04-06 00:00:00-04:00,371.98252335059567,372.22157533941066,368.0086373714944,371.375,16146600,0.0,0.0
2026-04-07 00:00:00-04:00,368.8452727581139,370.9467724245638,365.080530373921,370.78741455078125,21443300,0.0,0.0
2026-04-08 00:00:00-04:00,383.426192668859,383.4461010048471,369.9109552686541,372.81915283203125,33064800,0.0,0.0
2026-04-09 00:00:00-04:00,370.9965632857518,371.99252721403565,365.5685477188417,371.56427001953125,30435300,0.0,0.0
2026-04-10 00:00:00-04:00,371.47463812837884,374.12390583360843,368.5365323725683,369.3731384277344,28111100,0.0,0.0
2026-04-13 00:00:00-04:00,372.10205289266787,382.98796126737693,369.5225100750242,382.8186340332031,35745800,0.0,0.0
2026-04-14 00:00:00-04:00,386.3543213772784,393.09698589720546,384.95994763093,391.5233459472656,37504500,0.0,0.0
2026-04-15 00:00:00-04:00,396.3936283702306,412.69755239260473,395.1287651714373,409.5602722167969,45063400,0.0,0.0
2026-04-16 00:00:00-04:00,418.16537187855886,419.12151906860663,410.4765600541581,418.56378173828125,41642400,0.0,0.0
2026-04-17 00:00:00-04:00,423.10539315661504,429.83808848207923,418.99205736838906,421.0835876464844,48568200,0.0,0.0
2026-04-20 00:00:00-04:00,419.4501847919345,421.6213787702164,414.6197538627068,416.38262939453125,27582200,0.0,0.0
2026-04-21 00:00:00-04:00,418.54386715015573,425.4558591722327,415.51615872358184,422.44805908203125,32048500,0.0,0.0
2026-04-22 00:00:00-04:00,424.4698510786937,431.9495495900464,421.9600330275293,431.1726989746094,29378200,0.0,0.0
2026-04-23 00:00:00-04:00,418.19526527607866,421.9500379562064,409.7494810939023,414.07196044921875,38308000,0.0,0.0
2026-04-24 00:00:00-04:00,415.28707116170386,423.23487407473965,414.12178001797366,422.90618896484375,27457400,0.0,0.0
2026-04-27 00:00:00-04:00,420.6752229306716,425.38611256831246,415.3866572294081,423.1053771972656,30867300,0.0,0.0
2026-04-28 00:00:00-04:00,422.8563830057505,428.1847957314844,420.197146128082,427.5174865722656,30438100,0.0,0.0
2026-04-29 00:00:00-04:00,422.866306449911,425.0972860808559,418.59364353468584,422.7467956542969,38288300,0.0,0.0
2026-04-30 00:00:00-04:00,409.15192465494977,412.74737011555624,396.4035989759817,406.1341552734375,70909400,0.0,0.0
2026-05-01 00:00:00-04:00,411.1338775963461,415.4264794885345,408.7834174283456,412.76727294921875,31372400,0.0,0.0
2026-05-04 00:00:00-04:00,409.87897009526375,419.0816663151199,409.14193618030583,411.9505615234375,28066500,0.0,0.0
2026-05-05 00:00:00-04:00,413.6437352165572,415.09783400354706,407.1500311208482,409.7196350097656,25700900,0.0,0.0
2026-05-06 00:00:00-04:00,406.3532485673598,416.73120520087787,403.4748984673602,412.2891845703125,30285900,0.0,0.0
2026-05-07 00:00:00-04:00,418.41437649189606,426.25263786097554,417.06984955189336,419.07171630859375,34942400,0.0,0.0
2026-05-08 00:00:00-04:00,415.70537649227293,416.9403619714099,412.32904436576047,413.44451904296875,33383800,0.0,0.0
2026-05-11 00:00:00-04:00,406.22377045102496,411.02432350049145,403.86334099070683,410.99444580078125,35657900,0.0,0.0
2026-05-12 00:00:00-04:00,412.8071154720842,413.8229876767416,404.9987623844293,406.1241760253906,38594200,0.0,0.0
2026-05-13 00:00:00-04:00,401.57265715241186,404.6700902960666,399.41140211310335,403.57452392578125,29667100,0.0,0.0
2026-05-14 00:00:00-04:00,402.847493220503,410.1777730080913,399.2620170659624,407.7774963378906,27077500,0.0,0.0
2026-05-15 00:00:00-04:00,412.5979239362014,426.4418454559798,411.2434277199191,420.2170715332031,50771200,0.0,0.0
2026-05-18 00:00:00-04:00,414.93848271907115,423.40417602339767,413.9325494355234,421.83056640625,32564100,0.0,0.0
2026-05-19 00:00:00-04:00,428.16486989475214,430.9535870211983,414.808990493047,415.7352600097656,33018700,0.0,0.0
2026-05-20 00:00:00-04:00,412.49835957243755,420.3963455784958,409.63991780241736,419.36053466796875,27864000,0.0,0.0
2026-05-21 00:00:00-04:00,423.9518891931334,425.5388979071037,414.92886694253497,418.3025207519531,31393500,0.91,0.0
2026-05-22 00:00:00-04:00,418.7517174636334,423.60257118762803,415.54772693408205,417.7835388183594,22390300,0.0,0.0
2026-05-26 00:00:00-04:00,415.6475333356961,418.9812539216563,412.24393696715845,415.248291015625,30398000,0.0,0.0
2026-05-27 00:00:00-04:00,410.23773822181624,415.15846763645,408.8104019854481,411.8946228027344,28901500,0.0,0.0
2026-05-28 00:00:00-04:00,412.2040283766931,428.68298564682067,411.89461329838434,426.18768310546875,47250500,0.0,0.0
2026-05-29 00:00:00-04:00,431.7372486144539,449.48383969057267,431.54760317786213,449.3940124511719,79654400,0.0,0.0
2026-06-01 00:00:00-04:00,463.96658383705716,465.4438139523178,457.40892124774234,459.6546936035156,53628900,0.0,0.0
2026-06-02 00:00:00-04:00,446.0403151791343,452.64787129328397,439.6024225764256,440.48077392578125,37036800,0.0,0.0
2026-06-03 00:00:00-04:00,437.62618910935214,439.56254639446627,423.45285793258154,426.53704833984375,39037000,0.0,0.0
2026-06-04 00:00:00-04:00,434.9911260035114,435.33048350032107,425.60879436274143,427.2456970214844,26899500,0.0,0.0
2026-06-05 00:00:00-04:00,427.5351398188391,428.66302140752947,413.6213308264138,415.8870849609375,34782200,0.0,0.0
2026-06-08 00:00:00-04:00,413.3618539280056,416.37616844333525,407.79232157753756,410.9663391113281,32086700,0.0,0.0
2026-06-09 00:00:00-04:00,408.26144336727174,411.20591258759293,397.7312786929967,402.6520080566406,35317300,0.0,0.0
2026-06-10 00:00:00-04:00,397.80110870103243,404.2789346443135,396.41373636313654,396.61334228515625,32576000,0.0,0.0
2026-06-11 00:00:00-04:00,394.46741202742857,396.1043451719433,383.278483574852,389.6065673828125,47224100,0.0,0.0
2026-06-12 00:00:00-04:00,390.6945042817559,391.003919361718,381.55171206615995,390.00579833984375,34865800,0.0,0.0
2026-06-15 00:00:00-04:00,396.05442037645633,400.99513175706005,392.11186050588947,399.0088806152344,32266400,0.0,0.0
2026-06-16 00:00:00-04:00,395.0463355104342,396.094350419825,389.9559121071713,393.0899963378906,31506800,0.0,0.0
2026-06-17 00:00:00-04:00,389.51671695343225,389.6364865987809,376.6110198431126,378.1980285644531,41987800,0.0,0.0
2026-06-18 00:00:00-04:00,377.11008548581106,380.6534028700893,372.5786075934489,378.6871032714844,59714200,0.0,0.0
2026-06-22 00:00:00-04:00,375.0339909424311,380.9129385065033,366.3802985575179,366.6497802734375,45171100,0.0,0.0
2026-06-23 00:00:00-04:00,371.6802994138851,376.51120135394876,369.9735210485466,373.23736572265625,40647600,0.0,0.0
2026-06-24 00:00:00-04:00,370.87185096853153,378.16811350773463,364.09460041679364,364.7733154296875,44509900,0.0,0.0
2026-06-25 00:00:00-04:00,362.0883479855026,363.5456265920902,348.54386902384044,352.1670227050781,66179000,0.0,0.0
2026-06-26 00:00:00-04:00,356.4789138154501,375.90234020580533,354.762144454129,372.2691955566406,186201600,0.0,0.0
2026-06-29 00:00:00-04:00,376.790685328561,379.7850483907747,359.2237492715265,367.8774719238281,51229900,0.0,0.0
2026-06-30 00:00:00-04:00,370.3328407149792,373.44697342275583,366.7595808670141,372.319091796875,44945700,0.0,0.0
2026-07-01 00:00:00-04:00,380.1144231011508,388.09939143880604,374.18561213385976,383.5579528808594,48065800,0.0,0.0
2026-07-02 00:00:00-04:00,383.7575696594082,391.4630649298244,382.97903650468743,389.7562561035156,42128900,0.0,0.0
2026-07-06 00:00:00-04:00,386.31276024010407,388.418780928489,380.5036887115837,386.0133056640625,34224500,0.0,0.0
2026-07-07 00:00:00-04:00,391.75251064257776,394.8267404517197,387.4905448392632,388.109375,29297500,0.0,0.0
2026-07-08 00:00:00-04:00,383.3084264217563,384.58602015004215,380.6134873969759,382.6197204589844,25908300,0.0,0.0
2026-07-09 00:00:00-04:00,373.74643420118315,383.92725049460796,372.64849496928053,383.6377868652344,31083200,0.0,0.0
2026-07-10 00:00:00-04:00,387.07131223677504,391.1736053926777,380.783162110783,384.37640380859375,24644600,0.0,0.0
2026-07-13 00:00:00-04:00,387.02143811329415,392.91034623109437,383.4281962321871,390.2553405761719,28914900,0.0,0.0
2026-07-14 00:00:00-04:00,382.1007052927433,387.46061042423804,377.93852713765,384.20672607421875,27863900,0.0,0.0
2026-07-15 00:00:00-04:00,387.07132248997675,398.2103568181361,385.6739591427675,394.8866271972656,36253700,0.0,0.0
2026-07-16 00:00:00-04:00,397.56157784187184,405.2271399033625,391.31333055964967,400.3463439941406,37047400,0.0,0.0
2026-07-17 00:00:00-04:00,394.1180409920291,397.64143734197864,388.6583483977542,393.08001708984375,33049800,0.0,0.0
2026-07-20 00:00:00-04:00,390.67455694621333,402.4224305318551,388.91785418191677,401.53411865234375,27915800,0.0,0.0
2026-07-21 00:00:00-04:00,398.0606303262699,400.7156358198418,395.57531880381754,397.00262451171875,24126600,0.0,0.0
2026-07-22 00:00:00-04:00,398.8291961465565,400.246541441447,386.2329133568751,389.6065673828125,28142500,0.0,0.0
2026-07-23 00:00:00-04:00,389.23725659651495,391.04385321150613,376.68090752842744,380.8630065917969,30351800,0.0,0.0
2026-07-24 00:00:00-04:00,386.32274187573427,388.29903252889795,379.9347732203772,380.9828186035156,27659400,0.0,0.0
2026-07-27 00:00:00-04:00,389.3470355932277,393.45931979821836,387.2609663085435,388.368896484375,27856200,0.0,0.0
2026-07-28 00:00:00-04:00,392.4212554523594,399.56780545733704,390.5647345556998,392.61090087890625,32367500,0.0,0.0
2026-07-29 00:00:00-04:00,392.6607942930367,400.4960502148319,388.00954678983055,389.8061828613281,47209000,0.0,0.0
2026-07-30 00:00:00-04:00,437.07720086969465,457.8281459885008,431.6274684759506,450.2524108886719,110160700,0.0,0.0
2026-07-31 00:00:00-04:00,449.1544591210436,465.962813447145,448.4857046349594,463.8468017578125,60846000,0.0,0.0
2026-08-03 00:00:00-04:00,475.2353605631651,490.7261876465455,474.10747895013026,486.73370361328125,66762100,0.0,0.0
2026-08-04 00:00:00-04:00,479.99640781848416,498.50158065157444,478.2696778930625,491.884033203125,50455500,0.0,0.0
2026-08-05 00:00:00-04:00,495.42733843271316,497.3038108374591,484.7674131728324,486.5440673828125,33388900,0.0,0.0
2026-08-06 00:00:00-04:00,487.6319998350186,500.61756372489685,487.60205742358346,498.9207458496094,36441500,0.0,0.0
2026-08-07 00:00:00-04:00,498.2719734340298,504.23075699317457,497.79289485093346,499.0505065917969,28846200,0.0,0.0
2026-08-10 00:00:00-04:00,502.4940586092805,512.7647021753171,501.32624359045303,505.109130859375,31206100,0.0,0.0
2026-08-11 00:00:00-04:00,503.3823542433026,504.38047525067043,498.61133704649393,502.86334228515625,23049800,0.0,0.0
2026-08-12 00:00:00-04:00,499.0505227551261,500.557695253814,490.59643643442394,491.5047302246094,29001500,0.0,0.0
2026-08-13 00:00:00-04:00,492.34314786956145,500.3979918654044,492.0836571155829,495.9463806152344,23039000,0.0,0.0
2026-08-14 00:00:00-04:00,495.42733437790497,499.07050046550256,492.991947114923,494.4691467285156,16217600,0.0,0.0
2026-08-17 00:00:00-04:00,489.21906226283284,491.73431632358415,477.51109147171053,479.44744873046875,29635800,0.0,0.0
2026-08-18 00:00:00-04:00,480.6352093836093,483.36006030134655,476.2534434403709,480.72503662109375,24087600,0.0,0.0
2026-08-19 00:00:00-04:00,479.16797047398614,488.3806080919379,478.4592826108848,483.3999938964844,19961900,0.0,0.0
2026-08-20 00:00:00-04:00,483.29998779296875,484.1600036621094,479.5,481.1499938964844,20020800,0.91,0.0
2026-08-21 00:00:00-04:00,479.8800048828125,486.3599853515625,478.5299987792969,483.239990234375,22510800,0.0,0.0
2026-08-24 00:00:00-04:00,483.2099914550781,490.6099853515625,481.8599853515625,487.30999755859375,17230800,0.0,0.0
2026-08-25 00:00:00-04:00,485.44000244140625,492.44000244140625,484.29998779296875,491.7099914550781,19519000,0.0,0.0
2026-08-26 00:00:00-04:00,487.8500061035156,497.3999938964844,487.30999755859375,496.3699951171875,20758900,0.0,0.0
2026-08-27 00:00:00-04:00,494.8800048828125,506.4800109863281,490.0799865722656,505.05999755859375,28688800,0.0,0.0
2026-08-28 00:00:00-04:00,505.3299865722656,517.780029296875,504.8699951171875,513.530029296875,29207300,0.0,0.0
2026-08-31 00:00:00-04:00,510.3800048828125,512.1900024414062,506.3900146484375,507.2900085449219,27208900,0.0,0.0
2026-09-01 00:00:00-04:00,497.5199890136719,505.9700012207031,496.7799987792969,501.0199890136719,21046900,0.0,0.0
2026-09-02 00:00:00-04:00,499.8500061035156,500.2699890136719,493.80999755859375,496.82000732421875,15336100,0.0,0.0
2026-09-03 00:00:00-04:00,501.6600036621094,515.6500244140625,500.79998779296875,510.1199951171875,24125900,0.0,0.0
2026-09-04 00:00:00-04:00,510.0,511.0,499.3599853515625,499.70001220703125,18101800,0.0,0.0
2026-09-08 00:00:00-04:00,493.010009765625,495.19000244140625,490.1499938964844,493.95001220703125,18882300,0.0,0.0
2026-09-09 00:00:00-04:00,493.07000732421875,494.3900146484375,489.79998779296875,491.6499938964844,12889600,0.0,0.0
2026-09-10 00:00:00-04:00,488.32000732421875,494.5199890136719,486.0,492.44000244140625,16038800,0.0,0.0
2026-09-11 00:00:00-04:00,495.6499938964844,498.9700012207031,492.5799865722656,495.6300048828125,14510500,0.0,0.0
2026-09-14 00:00:00-04:00,497.05999755859375,509.95001220703125,495.3399963378906,505.4100036621094,23091900,0.0,0.0
2026-09-15 00:00:00-04:00,500.05999755859375,505.8999938964844,495.5400085449219,497.1199951171875,17794600,0.0,0.0
2026-09-16 00:00:00-04:00,493.0299987792969,495.9700012207031,487.2300109863281,490.29998779296875,16670300,0.0,0.0
2026-09-17 00:00:00-04:00,497.79998779296875,501.4700012207031,493.1700134277344,497.75,17841600,0.0,0.0
2026-09-18 00:00:00-04:00,497.9700012207031,498.6499938964844,491.1000061035156,493.7799987792969,39622300,0.0,0.0
2026-09-21 00:00:00-04:00,494.95001220703125,501.8699951171875,491.3299865722656,501.6099853515625,27959900,0.0,0.0
2026-09-22 00:00:00-04:00,507.32000732421875,508.5,493.6499938964844,498.0,21652800,0.0,0.0
2026-09-23 00:00:00-04:00,500.760009765625,509.44000244140625,495.8800048828125,500.5899963378906,19445600,0.0,0.0
2026-09-24 00:00:00-04:00,495.07000732421875,498.8999938964844,491.2200012207031,497.92999267578125,16657600,0.0,0.0
2026-09-25 00:00:00-04:00,499.0400085449219,519.4000244140625,497.25,516.1699829101562,38193100,0.0,0.0
2026-09-28 00:00:00-04:00,505.4700012207031,513.3300170898438,502.2200012207031,509.2200012207031,19611600,0.0,0.0
2026-09-29 00:00:00-04:00,508.1300048828125,513.6400146484375,502.3999938964844,513.3099975585938,4222832,0.0,0.0
