Disruption ID,Date Issued,Start Date,Finish Date,Status,Closure,On Street,From Street,To Street,Impact,Duration,Details,Description,Activity Type,Traffic District,Infrastructure,point
35,,"Oct 27, 2023","Oct 31, 2026",Current,Truck Ban NB 178st Bridge over Whitemud Dr,178 Street NW,Whitemud Drive NW,,Directional Closure,Long Term Impact,Trucks will be banned on NB 178st Bridge over Whitemud Dr. Trucks will need to use the NB 170st Bridge.,Bridge Pier Repair,Construction,Southwest,Road,POINT (-113.62928766262445 53.52728592430678)
100,,"Apr 14, 2025","Apr 17, 2025",Complete,Lane Closure,Roper Road NW,84 Street NW,86 Street NW,Increased Travel Time,4 Days,Roper Road West bound meridian lane will be closed between 84 Street and 86 Street.,Landscaping,Construction,Central,Road,POINT (-113.44720754454099 53.49059798542371)
322,,,,,,,,,0,,,,,,,POINT (-113.51172761870947 53.52453816659729)
500,,"Aug 05, 2025","Nov 22, 2025",REVISED,EB 51 Ave west of 99 St (Lane Closures),51 Avenue NW,Gateway Boulevard,99 Street NW,Travel Delays,4 Months (24/7),EB 51 Ave to be reduced to a single lane from 10025 51 Ave to 50m West of 99 St.,DRAINAGE REPAIR REPLACE,Construction,Central,Road,POINT (-113.48610514386954 53.48814735941876)
450,,"Jul 01, 2025","Jul 02, 2025",Complete,University & 114 St SW Sidewalk Closure,University Avenue NW,114 Street NW,,Travel Delays,2 Days,At the intersection of 114 St and University Ave the sidewalk on the SW corner will remian closed to pedestrians. No pedestrian access over the LRT tracks and a pedestrian detour in place. Use other routes.,LRT Track Replacement,Construction,Central,Sidewalk,POINT (-113.52612008526982 53.51655669775728)
638,,"Aug 13, 2025","Aug 20, 2025",Current,163 St Reduced to 1 Lane Each Way,163 Street NW,106 Avenue NW,105 Avenue NW,Travel Delays,1 Week,163 St will be reduced to one lane each way from 106 Av to 105 Av. Use other routes.,Sewer Repair Replace,Construction,Northwest,Road,POINT (-113.60266474259265 53.549821661161644)
46,,"Apr 17, 2025","Apr 21, 2025",Complete,Turning lane closures,Ellerslie Road SW,141 Street SW,,Travel Delays,4 Days,April 17th at 7pm to April 21st at 6am. 141st Northbound to Ellerslie Rd Eastbound right turning lane closed. Ellerslie Rd Westbound to 141st Southbound left turning lane closed. All turning movements at intersection still maintianed. Expect delays.,Gas Line Install,Construction,Southwest,Road and Sidewalk,POINT (-113.56401383717034 53.42491443015256)
793,,"Aug 27, 2025","Oct 24, 2025",Current,EB 81 Ave; 104 St-Gateway Blvd Direction Closure,81 Avenue NW,104 Street NW,Gateway Boulevard,Directional Closure,2 Months (24/7),81 Avenue Eastbound will be closed between 104 Street and Gateway Boulevard.,Construction,Construction,Central,Road,POINT (-113.49754172850454 53.517079432144264)
571,,"Aug 09, 2025","Aug 09, 2025",Current,108 St Closure,108 Street NW,99 Avenue NW,Jasper Avenue NW,Total Closure,Sat. Aug 9 (11am-2pm),"108 St, 99 Av - Jasper Av will be totally closed as part of the Cariwest Parade route. No parking permitted. Vehicles will be tagged and towed.",Cariwest Parade,Special Event,Central,Road,POINT (-113.50659617479108 53.54093118360785)
441,,"Jun 27, 2025","Jun 27, 2025",Complete,Traffic Incident,YELLOWHEAD TRAIL NW,121 STREET NW,,Traffic Incident Delays,Unknown,Yellowhead Trail westbound - west of 121 St.,Traffic Incident,Traffic Incident,Southeast,Road,POINT (-113.52560756652626 53.580709986440034)
784,,"Sep 21, 2025","Sep 23, 2025",Current,Rossdale RD Lane Closures,Rossdale Road NW,96 Avenue NW,97 Avenue NW,Increased Travel Time,3 Nights,Road segment reduced to two lanes between 19:00-06:30hrs nightly.,Drainage Inspection,Construction,Central,Road,POINT (-113.49741821673959 53.53247505577111)
238,,"Jun 12, 2025","Jun 12, 2025",Complete,#1 Single lane closure Northbound,Whitemud Drive NW,Fox Drive NW,149 Street NW,Travel Delays,1 Day,June 12th from 9am - 3pm Only. #1 Northbound lane closure on Whitemud Drive from Fox Dr - 149 St. Speed reduced accordingly. Expect travel delays.,Pump Station Inspection,Construction,Southwest,Road,POINT (-113.57854280027952 53.51363442866546)
91,,"Apr 15, 2025","Apr 15, 2025",Complete,Gateway Lane Closure,Gateway Boulevard NW,76 Avenue NW,80 Avenue NW,Increased Travel Time,One Day,Road segment reduced to two lanes between 09:30-15:30hrs.,Drainage Inspection,Construction,Central,Road,POINT (-113.49461493329468 53.5123424561986)
715,,"Aug 23, 2025","Aug 23, 2025",Complete,110 St Total Closure,110 Street NW,76 Avenue NW,77 Avenue NW,Total Closure,1 Day(7am - 4pm),110 St from 76 Ave - 77 Ave will be closed to vehicles. Bike lane will be remain open during work. Use other routes.,Concrete Repair,Construction,Central,Road,POINT (-113.51502129689503 53.51225394833979)
539,,"Jul 22, 2025","Jul 26, 2025",Complete,Lane Closure,51 Avenue NW,99 Street NW,Gateway Boulevard NW,Travel Delays,4 Days,Westbound 51 Avenue will be reduced one lane between 99 Street and Gateway Boulveard.,Construction,Construction,Central,Road and Sidewalk,POINT (-113.48610514386954 53.48814735941876)
67,,"Apr 08, 2025","Apr 09, 2025",Complete,Sask. DR Westbound Closure,Saskatchewan Drive NW,99 Street NW,Queen Elizabeth Park Road NW,Directional Closure,One Night,"Sask DR westbound, 99 ST - QEPR closed to vehicle traffic. Detour using other routes.",Drainage Inspection/Repairs,Construction,Central,Road,POINT (-113.48606575587903 53.52722761659918)
327,,"Jun 13, 2025","Jun 16, 2025",Complete,106 Street Total Closure,106 Street NW,70 Avenue NW,69 Avenue NW,Total Closure,3 Days,Starting Friday June 13 @ 11pm 106 Street from 70 Ave - 69 Ave will be closed. Bike facility is detoured to 107 Ave. Use other routes.,Waterline Installation,Construction,Central,Road and Sidewalk,POINT (-113.50441638957913 53.50645762584399)
854,,"Sep 08, 2025","Sep 28, 2025",Current,"Beginning Monday Sept 8 at 9 a.m., 105 Street is closed to vehicle traffic from 80 Avenue to 81 Avenue.",105 Street,80 Avenue,81 Avenue,Total Closure,21 Days,"Beginning Monday Sept 8 at 9 a.m., 105 Street is closed to vehicle traffic from 80 Avenue to 81 Avenue.",Sewer Installation,Construction,Central,Road,POINT (-113.50045660859884 53.516134719325095)
225,,"May 26, 2025","Jun 23, 2025",Complete,Fox Drive Westbound Ramp closed,Fox Drive NW,Whitemud Drive NW,,Total Closure,16 Nights,"May 26th - 29th, May 31st - June 3rd, June 8th, June 13th - 17th & June 18th - 23rd Nightly from 10pm - 6am. Fox Dr to Whitemud Dr Ramp Westbound will be closed due to bridge Maintenance. Follow detour route.",Bridge Maintenance,Construction,Southwest,Road,POINT (-113.55360303479756 53.503508040267796)
599,,"Aug 02, 2025","Aug 02, 2025",Complete,SB Low Level Bridge,Low Level Bridge,McDougall Hill NW,Connors Road NW,Total Closure,1 Day (07:00-15:00),Southbound Traffic across the Low Level Bridge will be closed. All Southbound traffic will detour via the James MacDoanld Bridge.,Paving,Construction,Central,Road,POINT (-113.48798598254763 53.5383417480588)
653,,"Aug 23, 2025","Aug 23, 2025",Complete,102A Ave/103 Ave Closed,102A Avenue NW,97 Street NW,99 Street NW,Total Closure,10:00-16:00,"Assembly area closure 10am - 4pm on 102A Ave, 97 St - 99 St. Parade route closure noon to 4pm: 102A Ave, 100 St - 101 St; 103 Ave, 101 St - 104 St; 104 Ave, 101 St - 104 St: 102 St, 104 Ave - 106 Ave.",Special Event (Pride Parade),Special Event,Central,Road,POINT (-113.48671552637317 53.54489845310861)
217,,"Jun 07, 2025","Oct 11, 2025",Current,104 Street Closure,104 Street NW,Jasper Avenue NW,103 Avenue NW,Total Closure,Saturdays (6am-4pm),104 Street from Jasper Avenue to south of 103 Avenue will be closed Saturdays 6am - 4pm. Detour using other route.,Downtown Farmer's Market,Special Event,Central,Road,POINT (-113.49924937072183 53.5409311968637)
440,,"Jul 07, 2025","Oct 31, 2025",Current,86 St; 51 Ave-63 Ave,86 Street NW,51 Avenue NW,63 Avenue NW,Travel Delays,4 Months (24/7),86 St to be reduced to a single lane SB from Argyll Rd (63 Ave) to 51 Ave and NB from 61 Ave to Argyll Rd (63 Ave).,Road Construction,Construction,Central,Road,POINT (-113.45823534159632 53.50035006530778)
790,,"Sep 03, 2025","Sep 05, 2025",Current,50 St Split to East,50 Street NW,121 Avenue NW,118 Avenue NW,Travel Delays,Three Days,50 St split to the East side from South of 118 Ave to South of 121 Ave.,50 St Split to East,Construction,Northeast,Road,POINT (-113.41838214144374 53.57507185771445)
164,,"May 01, 2025","May 02, 2025",Complete,Three Lane Closure,Gateway Boulevard NW,58 Avenue NW,63 Avenue NW,Major Delays,22:00 - 6:00 am,Gateway Boulevard will be reduced one lane between 58 Avenue and 63 Avenue.,Construction,Construction,Central,Road,POINT (-113.49372982439571 53.499843705435225)
639,,"Aug 18, 2025","Sep 12, 2025",Current,101 Street lane closures,101 Street NW,108 Avenue NW,111 Avenue NW,Travel Delays,4 weeks,"111 St from 108 Ave - 111 Ave will have single lane closures during 22:00 hrs - 06:00 hrs. No left turns on 108 Ave, Kingway, and 110 Ave for both directions. No Left Turn on 110A Ave from 101 St southbound.",Drainage Trunk Maintenance,Construction,Central,Road,POINT (-113.49371720243546 53.553077192240956)
355,,"Jun 21, 2025","Jun 21, 2025",Complete,YTH Service Rd E of 156 St to YHT WB Closed,Yellowhead Trail,149 Street NW,156 Street NW,Total Closure,1 Day,The ramp to WB Yellowhead Tr from the Yellowhead Tr service road will be closed from East of 156 St to Yellowhead Tr. Use other routes.,Paving,Construction,Northwest,Road,POINT (-113.57802207624547 53.581521653628485)
829,,"Sep 07, 2025","Oct 26, 2025",Current,132 Ave/Delwood Road Intersection Closure,132 Avenue NW,Delwood Road,,Total Closure,7 Weeks,132 Ave will be closed ~100m West of Delwood Road. Delwood Road will be closed South of 132A Ave. Local access maintained East of 82 St to the service roads. Alternating sidewalk closures as required.,132 Ave Rehab,Construction,Northeast,Road and Sidewalk,POINT (-113.46379145555943 53.5922622582601)
705,,"Aug 22, 2025","Sep 13, 2025",REVISED,WB 51 Ave west of 99 St Single Lane Closure,51 Avenue NW,99 Street NW,,Travel Delays,3 Weeks (24/7),WB 51 Ave to be reduced to a single lane from 99 St to 100m west of 99 St.,DRAINAGE REPAIR REPLACE,Construction,Central,Road,POINT (-113.51064555434515 53.48819104193739)
319,,"Jun 14, 2025","Jun 14, 2025",Complete,53 Avenue; 87 Street ot 89 Street - Closure,53 Avenue NW,87 Street NW,89 Street NW,Total Closure,1 Day,One day closure event on Saturday June 14th from 07:00 to 18:00. Parking Ban in effect. Rivercity Motors Annual Charity Show and Shine.,Special Event,Special Event,Central,Road,POINT (-113.45706079263049 53.489850928908844)
153,,"May 07, 2025","May 09, 2025",Complete,95 St; 150 Ave-151 Ave (Total Closure),95 Street NW,150 Avenue NW,151 Avenue NW,Total Closure,3 Days (24/7),"95 St from 150 Ave to 151 Ave will be closed to vehicle traffic. Please use other
routes.",DRAINAGE REPAIR REPLACE,Construction,Northeast,Road,POINT (-113.48720884906419 53.61111453205001)
678,,"Aug 20, 2025","Sep 03, 2025",Current,Total closure in front of 9801 - 160 Street from 110 ave to 110a ave,160 Street,110 Avenue,110a Avenue,Total Closure,13 Days,Total closure in front of 9801 - 160 Street from 110 ave to 110a ave. Use 160a street to detour.,EMERGENCY DRAINAGE REPAIR,Construction,Northwest,Road and Sidewalk,POINT (-113.5958662484914 53.556041231005075)
1,,"Aug 14, 2024","Oct 31, 2025",Complete,"Closed:105 Av, 109 St - 108 St",105 Avenue NW,109 Street NW,108 Street NW,Total Closure,14 Months,"105 Ave closed, 109 St - 108 St (ped/bike access maintained on the north side), West 108 St bike facility and sidewalk closed closed from 105 Ave to the Grant MacEwan access south of 105 Ave (ped/bike access maintained on the east side).",Hoarding,Construction,Central,Road and Sidewalk,POINT (-113.50843944486833 53.548258027949885)
611,,"Aug 07, 2025","Sep 19, 2025",REVISED,57 Street from 19 A Ave to 23 Avenue Total Closure,57 Street NW,19 A Avenue NW,23 Avenue NW,Total Closure,47 Days,57 Street will be closed from 19 A Avenue to 23 Ave EB for 37 days duration. Please use other routes. Local pedestrian access maintained. Follow signage on site.,Road Reconstruction,Construction,,Road and Sidewalk,POINT (-113.42771432571433 53.45376385778172)
549,,"Jul 26, 2025","Jul 29, 2025",Complete,163 St Closed NB,163 Street NW,93 Avenue NW,95 Avenue NW,Directional Closure,4 Days,163 St will be closed  NB at 95 Av July 26 and 27 from 7am to 6pm and July 28 and 29 from 9am to 3pm. Use other routes.,Water Line Install,Construction,Northwest,Road,POINT (-113.6026246476124 53.531586316164294)
383,,"Jun 27, 2025","Jun 30, 2025",Cancelled,Road Closure,63 Avenue NW,Allendale Road NW,Gateway Boulevard NW,Total Closure,3 Days Starting at 9:00 pm,63 Avenue will be closed between Allendale Road and Gateway Boulevard. 104 Street (Calgary Trail) will be reduced to one lane.,Construction,Construction,Central,Road and Sidewalk,POINT (-113.49768393799798 53.49985898476031)
466,,"Jul 11, 2025","Jul 13, 2025",Complete,Whyte Avenue Art Walk,83 Avenue NW,Gateway Boulevard NW,104 Street NW,Total Closure,3 Days (06:00 - 19:00),83 Avenue between Gateway Boulevard and 104 Street will be closed daily from 06:00 to 19:00 for the Whyte Avenue Art Walk.,Special Event,Special Event,Central,Road,POINT (-113.49506609898567 53.51905985022891)
58,,"Apr 02, 2025","Apr 03, 2025",Complete,"WB 167 Ave, 66 St-71 St",167 Avenue NW,66 Street NW,71 Street NW,Directional Closure,1 Night (10pm-6am),"WB 167 Ave from 66 St to 71 St will be closed to vehicle traffic. Please use other
routes",POWER INSTALL,Construction,Northeast,Road,POINT (-113.45126751498223 53.62864901153112)
858,,"Sep 10, 2025","Sep 24, 2025",Current,Northbound 109 Street Total Closure,109 Street NW,61 Avenue NW,62 Avenue NW,Directional Closure,2 Weeks,Northbound 109 Street from 61 Ave - 62 Ave will be closed to install a waterline. The east sidewalk and service road will also be closed during construction. Use other routes,Waterline Installation,Construction,Central,Road and Sidewalk,POINT (-113.51248150660177 53.49826664148932)
329,,"Jun 11, 2025","Jun 25, 2025",Complete,Drainage install,44A Avenue NW,115 Street NW,114 Street NW,Total Closure,15 Days,"Starting Wedensday June 11, 2025  44A Ave will be closed between 114 Street and 115 Street, drainage install. Please use other routes.",Drainage Install,Construction,Southwest,Road and Sidewalk,POINT (-113.52904750524358 53.48237345188851)
228,,"Jun 04, 2025","Jun 04, 2025",Complete,Rossdale Rd; 105 St to 97 Ave - Total Closure,Rossdale Road NW,105 Street NW,97 Avenue NW,Total Closure,1 Day (12:00 to 15:00),Rossdale Road from 105 Street to 97 Avenue will be closed on June 4th from 12:00 to 15:00 for the Riverhawks School Event. Please use other routes.,Special Event,Special Event,Central,Road,POINT (-113.50107707207518 53.53050480961526)
269,,"Jun 07, 2025","Jun 08, 2025",Complete,83 Ave; Gateway Blvd to 104 St - Closure,83 Avenue NW,Gateway Boulevard NW,104 Street,Total Closure,2 Days,83 Ave; Gateway Blvd to 104 St will be closed for a special event. Local Access maintained via 104 St. Bike and Pedestrain Detour will be inplace.,Special Event - Nov Project,Special Event,Central,Road and Sidewalk,POINT (-113.49506609898567 53.51905985022891)
727,,"Aug 22, 2025","Aug 22, 2025",Complete,test disruption,180A Avenue NW,93 Street NW,94 Street NW,Major Delays,1 day,test disruption,construction,Construction,Northeast,Road and Sidewalk,POINT (-113.48472460214265 53.64289847432143)
113,,"Apr 10, 2025","Apr 11, 2025",Complete,Single lane closures in both directions,Whitemud Drive NW,111 Street NW,122 Street NW,Travel Delays,1 Night,April 10th @ 10pm to April 11th @ 6am. Single lane clousure in both directions on Whitemud drive from 111st to 122st. Expect travel delays.,Light pole Repair,Construction,Southwest,Road,POINT (-113.51688553146936 53.482653515031586)
357,,"Jul 01, 2025","Jul 01, 2025",Complete,Canada Day Lendrum Criterium,113A Street NW,54 Avenue NW,57 Avenue NW,Total Closure,1 Day (7am - 6pm),"Total Closures as follows: 1) 113A St, 54 Av - 57 Av 2) 56 Av, 113A St - 113 St 3) 113 St 55 Av - 56 Av 4) 55 Av, 113 St - 113A St 5) 54 Av, 113A St - 114 St 6) 114 St, 54 Av - 57 Av 7) 57 Av, 114 St - 113A St. See attached map.",Special Event,Special Event,Southwest,Road,POINT (-113.5236881972308 53.49477532265429)
388,,"Jun 24, 2025","Jun 27, 2025",Complete,WMD Single lane closures,Whitemud Drive NW,Fox Drive NW,156 Street NW,Travel Delays,4 Days,Single lane clousres on Whitemud Dr from 156st to Fox Dr due to traffic signal maintenance. Lane clousres limited to off-peak hours. Expect travel delays.,TRAFFIC SIGNAL MAINTENANCE,Construction,Southwest,Road,POINT (-113.56559641293937 53.502879927141066)
405,,"Jun 27, 2025","Jun 27, 2025",Complete,Rowland RD Lane Closure,Rowland Road NW,87 Street NW,89 Street NW,Increased Travel Time,One Day,Road segment will be reduced to a single lane between 09:30-15:00hrs with east and westbound traffic maintained under flagsperson control.,Drainage Maintenance,Construction,Central,Road,POINT (-113.46916132813115 53.54828007916903)
540,,"Jul 23, 2025","Jul 24, 2025",Complete,Road Closure,86 Street NW,Wagner Road NW,Coronet Road NW,Total Closure,8:00 pm - 6:00 am,86 Street will be closed betweeen Wagner Road and Coronet Road on July 23  at 8:00 pm till July 24 at 6:00 am.,Construction,Construction,Central,Road and Sidewalk,POINT (-113.45502303513041 53.49704425858309)
759,,"Aug 25, 2025","Oct 27, 2025",Current,Hermitage Road split to the South side at Victoria Trail,Hermitage Road,Victoria Trail,,Travel Delays,Three Months,Hermitage Road split to the South side at Victoria Trail,Utility Installation,Construction,Northeast,Road,POINT (-113.38238828611792 53.579445677239526)
77,,"Apr 07, 2025","Apr 08, 2025",Complete,121 St Closed S/O Jasper Ave,121 Street NW,Jasper Avenue,,Total Closure,1 Night: 8pm - 6am,"121 St closed from Jasper Ave to the first access south of Jasper Ave with local access maintained on 100 Ave via flag person control between the access and the alley west of 119 St, EB Jasper Ave reduced to one lane at 121 St, bike lane access maintained",Drainage Repair,Construction,Central,Road,POINT (-113.53082997196275 53.540943710347946)
479,,"Jul 08, 2025","Jul 09, 2025",Complete,45 Ave; 99 St-101 St Total Closure,45 Avenue NW,99 Street NW,101 Street NW,Total Closure,1 Night (21:00-06:00),45 Ave to be totally closed from 99 St to 101 St.,Sewer Maintenance,Construction,Central,Road,POINT (-113.48610619856149 53.483130024935626)
516,,"Aug 08, 2025","Aug 23, 2025",REVISED,163 St Reduced to 1 Lane Each Way,163 Street NW,96A Avenue NW,97 Avenue NW,Travel Delays,2 Weeks,163 St will be reduced to 1 lane in each direction from 96A Av to 97 Av. Use other routes.,Drainage Repairs,Construction,Northwest,Road,POINT (-113.60283837314323 53.53391969715559)
141,,"Apr 17, 2025","Apr 17, 2025",Complete,Traffic Incident,WHITEMUD DRIVE NW,53 AVENUE NW,,Traffic Incident Delays,Unknown,Traffic Incident Whitemud Drive westbound - before 53 Ave.,Traffic Incident,Traffic Incident,Southwest,Road,POINT (-113.57201214645684 53.490407577573094)
182,,"May 01, 2025","May 04, 2025",Complete,65 St total closure,65 Street NW,19 Avenue NW,,Total Closure,4 days,65 St from 19 Ave to the lane north will be total closed for Drainage work. Use 61 St from 19A Ave as detour,Drainage Work,Construction,Southeast,Road and Sidewalk,POINT (-113.43382261262441 53.449640578587186)
820,,"Sep 08, 2025","Nov 15, 2025",Current,115 St Closure,115 Street NW,Jasper Avenue NW,,Total Closure,10 Weeks,115 St will be closed in both direcitons at the south side of Jasper Av. Use other routes.,Road Construction,Construction,Central,Road and Sidewalk,POINT (-113.52494096763783 53.54248973865082)
745,,"Aug 25, 2025","Aug 29, 2025",Current,123 Street total closure,123 Street NW,102 Avenue NW,Jasper Avenue NW,Total Closure,5 days,"123 St from 102 Ave to 65 meters south (the area immediately in front of ""The Cobalt"" building, will be closed in both directions. Use 122 St or 124 St for detour",Scaffold Removal,Construction,Central,Road and Sidewalk,POINT (-113.53412815221492 53.54301657658639)
202,,"May 12, 2025","Oct 31, 2025",REVISED,Road Closure,88 Avenue NW,99 Street NW,100 Street NW,Total Closure,5 1/2 Months (24/7),88 Avenue will be closed between 99 Street and 100 Street,Construction,Construction,Central,Road,POINT (-113.48609792513302 53.52351841055034)
525,,"Jul 18, 2025","Sep 05, 2025",Current,Northbound 116 St Delays,116 Street NW,102 Avenue NW,,Travel Delays,50 Days,116 St will be reduced to a single lane on Northbound 116 St at 102 Av.,Utility Construction,Construction,Central,Road,POINT (-113.52755715870941 53.52467556860147)
823,,"Sep 11, 2025","Sep 22, 2025",Current,116 St Delays,116 Street NW,Jasper Avenue NW,,Travel Delays,12 Days,"Starting at~4am on Sep 11th, 116 St will be reduced to a single lane with shared through and left turns in each direction . Northbound will be unchanged from the previous TDN 574, while Southbound will see an additional through lane closed.",Road Construction,Construction,Central,Road and Sidewalk,POINT (-113.52132063434321 53.54094139539932)
5,,"Mar 31, 2025","May 10, 2025",Complete,One lane closures for both directions,106 Street NW,Whitemud Drive NW,45 Avenue NW,Travel Delays,42 Days,"Meridian lanes will be closed for both directions on 106 Street between Whitemud
Drive and 45 Avenue.",Construction,Construction,Central,Road,POINT (-113.50433569913429 53.481338296777295)
621,,"Aug 15, 2025","Aug 16, 2025",Complete,Double lane closure Eastbound,Whitemud Drive NW,111 Street NW,,Travel Delays,2 Days,"Aug 15th @ 10pm to Aug 16th @ 8pm. Whitemud Dr @ 111st Overpass will be
reduced to 2 lanes eastbound. Both straight through lanes Eastbound will be closed. Straight through movements permitted from the #3 outside left turning lane. Expect delays.",LRT Track Repair,Construction,Southwest,Road,POINT (-113.5304417803415 53.493770973792785)
244,,"Jun 03, 2025","Jun 13, 2025",Complete,91 Street Road Repair,91 Street,41 Avenue SW,73 Avenue SW,Total Closure,11 Days,"Starting June 3, 91 Street is closed from 41 Avenue SW to 73 Avenue SW (Rge Rd 510) for road repairs.",Road Construction,Construction,Southeast,Road,POINT (-113.46726447277273 53.36691040411281)
300,,"Jun 30, 2025","Jul 07, 2025",Complete,Baturyn Rehab Stage 5,172 Avenue NW,101 Street NW,103 Street NW,Total Closure,One Week,"172 Ave from the East side of 101 Street to the West side of 103 St will be closed. Pedestrian access will be maintained. Detour using 100 St, 109 St, and 172 Ave.",Collector Rehab,Construction,Northeast,Road,POINT (-113.4980668610505 53.63412567953769)
81,,"Apr 08, 2025","Apr 08, 2025",Complete,"WB 102 Ave Closed, 123 St - Alley W/O 123 St",102 Avenue NW,123 Street NW,124 Street NW,Directional Closure,1 Day (9am - 11am),Westbound 102 Ave closed from 123 St to the alley west of 123 St. Local access maintained in the eastbound direction. Access to the 102 Ave bike facility maintained.,Drainage Inspection,Construction,Central,Road,POINT (-113.53412815221492 53.54301657658639)
163,,"May 03, 2025","May 03, 2025",Complete,Travel Delays - 111 Ave; 111 St to 113 St,111 Avenue NW,111 Street NW,113 Street NW,Travel Delays,1 Day (08:00 - 16:00),Edmonton Fire Rescue will be hosting their annual MDA Boot Drive on May 3rd from 08:00 to 16:00. Please expect travel delays on 111 Avenue from 111 Street to 113 Street.,2025 MDA Boot Drive,Special Event,Central,Road,POINT (-113.51214770230767 53.55883283514662)
890,,"Sep 12, 2025","Sep 14, 2025",Current,50 St and 137 Ave Intersection Closure,50 Street NW,137 Avenue NW,,Total Closure,Two Nights (9PM to 9AM),"50 Street and 137 Ave intersection will be closed, all traffic sent to right turn bays. Pedestrians maintained.",Milling and Paving,Construction,Northeast,Road,POINT (-113.41342118599543 53.59704039314359)
249,,"Jun 01, 2025","Oct 12, 2025",Current,"102 Ave Closed (Sundays), 124 St - 122 St",102 Avenue NW,124 Street NW,122 Street NW,Total Closure,4.5 Months (Sundays 9am - 4pm),"102 Ave, 124 St - 122 St will be closed on Sundays from 9am - 4pm starting June 01 for the 124 Grand Market. Cyclists will be asked to dismount and walk within the closure limits.",124 Grand Market,Special Event,Central,Road,POINT (-113.53589795229281 53.54302873504602)
625,,"Aug 25, 2025","Sep 17, 2025",REVISED,100 Av Closed,100 Avenue NW,147 Street NW,146 Street NW,Total Closure,3.5 Weeks,100 Av will be closed from 147 St to 146 St. The intersection of 147 St and 146 St will be closed at 100 Av.,Water Line Repairs,Construction,Northwest,Road,POINT (-113.57452700242312 53.53926310924436)
292,,"Jun 11, 2025","Jun 12, 2025",Complete,Eastbound 82 Ave Lane Closures,82 Avenue NW,106 Street NW,107 Street NW,Travel Delays,1 Night (10pm - 5am),Eastbound 82 Ave from 107 St - 106 St will be reduced to a single lane. The 82 ave westbound to soutbound 106 st turn will be banned also. Please use other routes.,Power Repair,Construction,Central,Road,POINT (-113.50348332171318 53.518085879098344)
456,,"Jul 25, 2025","Jul 28, 2025",Complete,184 St Reduced to 1 Lane Each Way,184 Street NW,102 Avenue NW,104 Avenue NW,Travel Delays,4 Days,184 St will be reduced to 1 lane each way from 102 Av to 104 Av. Use other routes.,Emergency Drainage Repair,Construction,Northwest,Road,POINT (-113.63981901518697 53.54331084351334)
349,,"Jun 17, 2025","Jun 17, 2025",Complete,104 St southbound closure,104 Street NW,Jasper Avenue NW,100 Avenue NW,Directional Closure,1 day - 9am to 3:30pm,104 St Southbound will be closed due to drainage maintenance. Use 105 St or 103 St for detour,Drainage Maintenance,Construction,Central,Road,POINT (-113.49924937072183 53.5409311968637)
427,,"Jun 27, 2025","Jul 09, 2025",Complete,Single Lane Closures 9 am - 3 pm,Yellowhead Trail NW,82 Street NW,50 Street NW,Increased Travel Time,12 Days - Monday - Friday,Yellowhead Trail will have a single lane closure in either the EB or WB Direction from 9am to 3pm Monday to Friday freom June 27 to July 9 for surveying. Expect delays,Surveying,Construction,Northeast,Road,POINT (-113.41828127283172 53.58243739951271)
178,,"May 18, 2025","May 18, 2025",Complete,Vaisakhi Nagar (Sikh Parade),Mill Woods Road East NW,Mill Woods Road South NW,26 Avenue NW,Total Closure,1 day,"Mill Woods Rd South and Mill Woods Rd East will be closed in stages for the Vaisakhi Nagar Parade. 
23 Av will experience a closure when the parade crosses between 12:00 - 13:00 hr.",Special Event Parade,Special Event,Southeast,Road,POINT (-113.40607512077817 53.44275470881105)
473,,"Jul 03, 2025","Jul 10, 2025",Complete,97 St 132 Ave Delays,97 Street NW,132 Avenue NW,,Travel Delays,One Week,Northbound 97 St outside lane closed at 132 Ave. Westbound 132 Ave reducued to one outside lane. East crosswalk closed.,Utility Repair,Construction,Northeast,Road and Sidewalk,POINT (-113.48837550340336 53.56931199273022)
130,,"Apr 28, 2025","Oct 01, 2025",REVISED,95 Ave Eastbound Single Lane Closure,95 Avenue NW,182 Street NW,170 Street NW,Travel Delays,6 Months,Starting April 28 @ 9am Eastbound 95 Ave from 182 St - 170 St will be reduced to a single lane. The south sidewalk will be closed in stages and pedestrian detours in place. Use other routes.,Sidewalk and Road Rehab,Construction,Northwest,Road and Sidewalk,POINT (-113.63857738178548 53.5292453989053)
415,,"Jul 01, 2025","Jul 01, 2025",Complete,Saskatchewan Dr Closure,Saskatchewan Drive,116 Street NW,111 Street NW,Total Closure,7:00am - 9:00am,"Total closure of Saskatchewan Dr, 111 St - 116 St to accommodate the Canada Day Road Race.",Canada Day Road Race,Construction,Central,Road,POINT (-113.53059141096442 53.53082834337662)
797,,"Aug 28, 2025","Sep 25, 2025",Current,92 St total closure,92 Street NW,105A Avenue NW,107A Avenue NW,Total Closure,1 month,92 St will be total closed. Use 95 St or 82 St as detour.,Road reconstruction,Construction,Central,Road and Sidewalk,POINT (-113.47708741849782 53.55135717224354)
612,,"Aug 07, 2025","Aug 25, 2025",Revised,Ottewell Road/94b Avenue Intersection Closure,Ottewell Road NW,94 Avenue NW,95 Avenue NW,Total Closure,19 Days,"The intersection of Ottewell Rd and 94b Ave will be closed. Use other routes. Local pedestrian access maintained, follow signage on site",Road Reconstruction,Construction,Southeast,Road and Sidewalk,POINT (-113.43641477707935 53.5335321208375)
52,,"Mar 27, 2025","Jun 20, 2028",Current,Various Lane Closures,149 Street NW,101 Avenue NW,103 Avenue NW,Travel Delays,6 Years,149 St will be reduced in capacity between 100 Av and 102 Av in vairous phases for West LRT construction. Use other routes.,WLRT Construction,Construction,Northwest,Road,POINT (-113.57805058242184 53.54402214691579)
9,,"Sep 13, 2024","Sep 30, 2026",Revised,Road Closure,82 Avenue NW,56 Street NW,50 Street NW,Total Closure,Two Years,82 Avenue will be closed at West of 50 street.,Construction,Construction,Southeast,Road,POINT (-113.42281790074597 53.51804016487526)
827,,"Sep 09, 2025","Sep 09, 2025",Complete,Single Lane closure Eastbound,Whitemud Drive NW,111 Street NW,106 Street NW,Travel Delays,1 Day,"Single lane closure on Whitemud Dr EB, from 111st to 106st. Speed reduced accordingly. Lane closure limited to off peak hours. Expect delays.",Guardrail Repair,Construction,Southwest,Road,POINT (-113.50433569913429 53.481338296777295)
254,,"Jun 04, 2025","Jun 04, 2025",Complete,#1 Single Lane closures,Whitemud Drive NW,178 Street NW,Anthony Henday Drive NW,Travel Delays,1 Day,June 4th from 9am - 3pm only. #1 single lane closures in both directions on Whitemud Dr from 178 St to AHD. Expect delays.,Guardrail Repair,Construction,Southwest,Road,POINT (-113.62994081178164 53.51212071587992)
253,,"May 29, 2025","Jun 04, 2025",Complete,106 Ave Total Closure,106 Avenue NW,92 Street NW,93 Street NW,Total Closure,1 Week,106 Ave from 92 St - 93 St will be closed for a waterline install. Use other routes.,Waterline Install,Construction,Central,Road and Sidewalk,POINT (-113.47764600449108 53.552225208071455)
37,,"Mar 27, 2025","Apr 01, 2025",Complete,"Road Closure: Ellerslie Rd, Rabbit Hill Rd -141 St",Ellerslie Road SW,Rabbit Hill Road SW,141 Street SW,Total Closure,3 Nights,"On the nights of March 27th, 31st & April 1st only from 10 pm - 5:30 am. Ellerslie Rd SW will be closed from Rabbit Hill Rd to 141 St. Follow detours.",Utility Work,Construction,Southwest,Road,POINT (-113.56401383717034 53.42491443015256)
884,,"Sep 13, 2025","Sep 13, 2025",Current,Eastbound 83 Ave Directional Closure,83 Avenue NW,108 Street NW,106 Street NW,Directional Closure,1 Day,Eastbound 83 Ave from 108 Ave - 106 Ave will be closed in stages to maintain local access. Bike lane will remain open during closures. Use other routes.,Waterline Installation,Construction,Central,Road,POINT (-113.50934143769581 53.51909125890994)
363,,"Jun 17, 2025","Jun 17, 2025",Complete,Whitemud Dr; 122 St-111 St,Whitemud Drive,122 Street NW,111 Street NW,Total Closure,1 Day,Eastbound Whitemud Dr Totally Closed between 122 St and 111 St. Use other routes.,Traffic Incident,Traffic Incident,Southwest,Road,POINT (-113.51688553146936 53.482653515031586)
377,,"Jun 27, 2025","Jun 27, 2025",Complete,Rice Howard Way eastbound closure,101A Avenue NW,100 Street NW,100A Street NW,Directional Closure,1 day (9am - 3:30pm),101A Ave (Rice Howard Way) will be east bound directionally closed from 100 St to 30m west at the lane. Use 100A St to detour,Tree Maintenance,Construction,Central,Road,POINT (-113.49050239837139 53.542259358222395)
94,,"Apr 10, 2025","Apr 11, 2025",Complete,167 Ave Westbound Directional Closure,167 Avenue NW,66 Street NW,71 Street NW,Directional Closure,One Night (10PM to 6AM),Westbound 167 Avenue from 66 St to West of 66 St will be closed from Thursday at 10PM to Friday before 6AM. Expect work on 66 St and 167 Ave in addition to the directional closure with EPS Point Duty.,Utility Work,Construction,Northeast,Road,POINT (-113.44263639842714 53.62849203455579)
342,,"Jun 16, 2025","Aug 22, 2025",Revised,SB 66 St Outside Lane Closure,66 STREET NW,134 AVENUE NW,131A AVENUE NW,Travel Delays,11 Weeks,SB 66 St reduced to one inside lane through 132 Ave intersection. Pedestrians maintained.,132 Avenue Rehab,Construction,Northeast,Road,POINT (-113.44295061572055 53.59546850285964)
629,,"Aug 23, 2025","Aug 23, 2025",Complete,Walterdale Bridge Reduced to One Lane,Walterdale Bridge NW,Walterdale Hill NW,River Valley Road NW,Travel Delays,1 Day (6 am to 2 pm),Walterdale Hill Road and Queen Elizabeth Park Road leading up to Walterdale Bridge will be reduced to one lane until North of River Valley Road.,Do North - Special Event,Special Event,Central,Road,POINT (-113.50227447698454 53.52725274639282)
563,,"Aug 08, 2025","Aug 22, 2025",Current,Baturyn Rehab Stage 8,172 Avenue NW,106 Street NW,109 Street NW,Total Closure,Two Weeks,172 Ave from the West side of 106 St to 109 St will be closed. Pedestrian access will be maintained. Detour using 100 St or 109 St.,Collector Rehab,Construction,Northeast,Road,POINT (-113.51085183045555 53.63333817448863)
503,,"Jul 18, 2025","Jul 27, 2025",Complete,Borden Park Rd Closure,Borden Park Road NW,73 Street NW,79 Street NW,Total Closure,10 Days,"Intermittent closure of Borden Park Rd, 73 St - 79 St; 73 St, 112 Ave - Borden Park Rd & 79 St, 113 Ave - 115 Ave for load in/out & event days. Local traffic access to the pool & tennis court maintained via 79 St - 112 Ave. Special event - K Days.",Special Event,Special Event,Central,Road,POINT (-113.46251786740099 53.56373685907716)
574,,"Jul 31, 2025","Sep 10, 2025",Current,116 St Delays,116 Street NW,Jasper Avenue NW,,Travel Delays,6 Weeks,"At Jasper Av: Northbound 116 St will be reduced to a single, shared through and left turn lane and Southbound 116 St dedicated left turn lane is closed (two thru lanes are open with left turns permitted from adjacent lane)   Expect Delays. Use 121 St of 109 St to detour.",Road Rehab,Construction,Southeast,Road and Sidewalk,POINT (-113.52132063434321 53.54094139539932)
491,,"Jul 12, 2025","Jul 19, 2025",Complete,135 St Closed,135 Street NW,109B Avenue NW,110 Avenue NW,Total Closure,1 Week,135 St will be closed from 109B Av - 110 Av. Use other routes,Drainage Repair,Construction,Northwest,Road,POINT (-113.55551875999703 53.55622952049126)
529,,"Jul 19, 2025","Jul 26, 2025",Complete,97 ST Lane Closures,97 Street NW,118 Avenue NW,124 Avenue NW,Increased Travel Time,One Week,97 ST northbound and southbound alternating lane closures during off-peak hours (09:00-15:30hrs).,Drainage repairs,Construction,Central,Road,POINT (-113.49211057653937 53.57943995146203)
658,,"Aug 18, 2025","Aug 28, 2025",Current,171 Ave at 109 St Intersection Closure,171 Avenue NW,109 Street NW,,Total Closure,7 Days,171 Ave at 109 St Intersection Closure. Detour using 100 St and 172 Ave.,Baturyn Rehab,Construction,Northeast,Road,POINT (-113.51141186194221 53.63292210181414)
689,,"Aug 25, 2025","Sep 06, 2025",Current,SB 100 St; 83 Ave-80 Ave,100 Street NW,83 Avenue NW,80 Avenue NW,Directional Closure,2 Weeks,SB 100 St from 83 Ave to 80 Ave will be closed to vehicle traffic. Please use other routes.,ROAD CONSTRUCTION NEW,Construction,Central,Road,POINT (-113.48871960086659 53.51611341716853)
818,,"Sep 08, 2025","Sep 11, 2025",Current,101 ST Lane Closures,101 Street NW,Kingsway NW,111 Avenue NW,Increased Travel Time,Four Days,101 ST northbound and southbound reduced to a single lane between 111 AV - Kingsway. Kingsway reduced to a single lane eastbound and westbound between 99 ST - 102 ST. No left turns will be permitted at intersection of 101 ST & Kingsway. All obstructions to occur between 20:00-06:00hrs.,Drainage Maintenance,Construction,Central,Road,POINT (-113.49371235938244 53.55456932744351)
221,,"May 22, 2025","May 23, 2025",Complete,Single lane closure Eastbound,Whitemud Drive NW,Terwillegar Drive NW,122 Street NW,Travel Delays,1 Night,May 22nd @ 10pm to May 23rd @ 6am only. Whitemud Dr Eastbound from Terwillegar Dr to 122 St will be reduced to one lane due to a street light repair. Expect travel delays.,Street Light Repair,Construction,Southwest,Road,POINT (-113.54116748362445 53.48307186687647)
367,,"Jun 05, 2025","Jul 04, 2025",Complete,SB 127 St Reduced to One Inside Lane,127 Street NW,137 Avenue NW,135 Avenue NW,Travel Delays,One Month,SB 127 St reduced to single inside lane North of 135 Ave.,Utility Repair,Construction,Northeast,Road,POINT (-113.54117253051646 53.59935481250762)
681,,"Aug 19, 2025","Aug 29, 2025",Complete,,90 Avenue NW,147 Street NW,146 Street NW,Major Delays,2 Weeks,rad,,,,Road,POINT (-113.57484630745593 53.52353378540594)
469,,"Aug 08, 2025","Aug 11, 2025",Complete,Whitemud Dr Reduced to one lane per direction,Whitemud Drive NW,53 Avenue NW,122 Street NW,Major Delays,2 Nights,Nightly from 10pm - 9am only. Whitemud Drive will be reduced to a single lane per direction from 53 Ave to 122 St. Expect major delays.,Bridge Construction,Construction,Southwest,Road,POINT (-113.57201214645684 53.490407577573094)
587,,"Aug 17, 2025","Aug 17, 2025",Complete,2025 City Marathon 2/4,Jasper Avenue NW,99 Street NW,124 Street NW,Total Closure,5am to 2:30pm,"Total closure Jasper Ave, 99 St to 124 Street; Single lane on Jasper Avenue EB, 124 St - 119 St available for Local Access.",Edmonton Marathon,Special Event,Central,Road,POINT (-113.48858103529824 53.54126615782316)
115,,"Apr 11, 2025","Apr 13, 2025",Complete,156 St & 87 Ave Travel Delays,156 Street NW,87 Avenue NW,,Travel Delays,3 Days (Fri 9pm - Sun 5pm),At the 156 Street & 87 Ave intersection all directions will be reduced to single lanes from Friday 9pm to Sunday 5pm. Eastbound 87 Ave to Northbound 156 St left turn banned. Use other routes.,Drainage Replacement,Construction,Northwest,Road and Sidewalk,POINT (-113.59033222425887 53.51945348037158)
843,,"Sep 04, 2025","Sep 18, 2025",Current,TOTAL CLOSURE,94B AVENUE NW,61 STREET NW,68 STREET NW,Total Closure,15 Days,"94B AVENUE WILL BE CLOSED FROM 61 STREET TO 68 STREET FROM SEPTEMBER 04 - SEPTEMBER 18, 2025. FOR DETOURS FOLLOW DETOUR SIGNAGE.",ROAD CONSTRUCTION,Construction,Southeast,Road and Sidewalk,POINT (-113.42627898765969 53.533917292120314)
265,,"May 30, 2025","May 30, 2025",Complete,Traffic Incident,97 STREET NW,123 AVENUE NW,,Traffic Incident Delays,Unknown,Traffic Incident 97 St southbound near 123 Ave. Right lanes blocked.,Traffic Incident,Traffic Incident,Central,Road,POINT (-113.48837550340336 53.56931199273022)
642,,"Aug 14, 2025","Aug 15, 2025",Current,Westbound Jasper Av Closure,Jasper Avenue NW,114 Street NW,117 Street NW,Directional Closure,One Night 22:00 - 05:00 hrs,"Starting at 22:00 hrs, Westbound Jasper Av will be closed. Use 100 Av to detour.",Road improvements,Construction,Central,Road,POINT (-113.51765218022385 53.54094874253384)
121,,"Apr 14, 2025","Sep 26, 2025",Current,132 Ave East Rehab - Phase 1A,132 Avenue NW,Delwood Road,72 Street NW,Total Closure,Five Months,"132 Ave closed from East side of Delwood Road to West side of 72 St. North sidewalk closed to start, South sidewalk closed after completion of North side.",Arterial Rehab,Construction,Northeast,Road and Sidewalk,POINT (-113.45235652145031 53.592307838132776)
755,,"Aug 25, 2025","Aug 29, 2025",Current,111 AV Westbound Lane Closure,111 Avenue NW,102 Street NW,105 Street NW,Increased Travel Time,Five Days,111 AV westbound single lane (curb lane) closure.,Water Repairs,Construction,Central,Road,POINT (-113.49555167002035 53.55889367694429)
875,,"Sep 11, 2025","Sep 11, 2025",Current,100a Street total closure,100A Street NW,Jasper Avenue NW,101A Avenue NW,Total Closure,1 day (9am - 3:30pm),"100A Street will be total closed from 9am - 3:30pm on Thu, Sep 11. Use 100 St or 101 St as detour.",Tree maintenance,Construction,Central,Road,POINT (-113.49200613025556 53.541046439897286)
29,,"Jul 25, 2023","Jul 21, 2025",Complete,106st Reduced to 1 Lane Per Direction,106 Street NW,40 Avenue NW,42 Avenue NW,Travel Delays,Long Term Drainage Project,"Starts July 25th. 106st from 40ave to 42ave will be reduced to a single lane per
direction due to a drainage shaft installation. Expect travel delays.",Drainage Shaft,Construction,Southwest,Road,POINT (-113.50423914997069 53.47880716293701)
554,,"Jul 29, 2025","Jul 29, 2025",Complete,101 ST Lane Closure,101 Street NW,107A Avenue NW,108 Avenue NW,Increased Travel Time,One Day,Road segment northbound reduced to a single lane between 09:00-15:30hrs.,Hydrovac,Construction,Central,Road and Sidewalk,POINT (-113.49371604291417 53.55140826046643)
595,,"Aug 05, 2025","Aug 12, 2025",Complete,Emily Murphy Park Road Closed,Emily Murphy Park Road NW,116 Street NW,Groat Road NW,Total Closure,1 Week,Emily Murphy Park Rd will be closed from 116 St - Groat Rd to complete a sewer repair. Access maintained to Emily Murphy Park via Groat Rd. Use other routes.,Sewer Repair,Construction,Central,Road,POINT (-113.5307681404429 53.53085203161314)
275,,"Jun 03, 2025","Jul 25, 2025",Complete,NB 105 St Right Lane Closed,105 Street NW,Jasper Avenue,102 Avenue NW,Travel Delays,8 weeks,Northbound 105 St right lane closed from Jasper Ave to north of Jasper Ave. Revised end to July 25.,Drainage Installation,Construction,Central,Road,POINT (-113.50106756568198 53.54094086737109)
18,,"Mar 10, 2025","Nov 30, 2025",Current,Meridian Street Upgrades,Meridian Street,Marquis Boulevard NE,Fort Road,Total Closure,9 Months,"Meridian Street will be closed from Marquis Boulevard to South of Fort Road. Detour using 167 Avenue, 18 Street, and Fort Road.",Road Construction,Construction,Northeast,Road,POINT (-113.34436446307997 53.63823356745164)
718,,"Aug 26, 2025","Aug 26, 2025",Complete,Single Inside lane Closure,Terwillegar Drive NW,40 Avenue NW,Whitemud Drive NW,Travel Delays,1 Day,The inside lane on Terwillegar drive Northbound from 40ave to Whitemud drive will be closed due to a concrete pour. Lane closure to go into both AM and PM peak hours. Expect delays.,Concrete Pour,Construction,Southwest,Road,POINT (-113.57495202136012 53.47655009161135)
631,,"Aug 23, 2025","Aug 23, 2025",Complete,River Valley Road Closure,River Valley Road NW,105 Street NW,Groat Road NW,Total Closure,1 Day (6 am to 2 pm),River Valley Road from 105 St to Groat road will be closed. Access to Groat Road SB from Victoria Park Road maintained. Golf Course access maintained from the West side of River Valley Road.,Do North - Special Event,Special Event,Central,Road,POINT (-113.53686440013828 53.53798523953657)
802,,"Sep 12, 2025","Sep 12, 2025",Current,102 Av Closure,102 Avenue NW,117 Street NW,116 Street NW,Total Closure,"1 Day, 9am-3pm","102 Av will be closed between 116 St to 117 st. Local access will be maintained using flaggers. The bike lanes will be detoured into a shared pathway ""slowzone"" at 116 St.",Utility Work,Construction,Central,Road and Sidewalk,POINT (-113.52314118472339 53.54302451950703)
189,,"May 05, 2025","May 13, 2025",Complete,Single lane closures per direction,Whitemud Drive NW,159 Street NW,Fox Drive NW,Travel Delays,1 Week,Single lane closures on Whitemud Dr in both directions from 159st to Fox Dr. Speed reduced accordingly. Expect travel delays.,Traffic Signal Maintenance,Construction,Southwest,Road,POINT (-113.56559641293937 53.502879927141066)
197,,"May 09, 2025","May 10, 2025",Complete,High Level Bridge Closure,109 Street NW,97 Avenue NW,88 Avenue NW,Total Closure,1 Night: 9:30pm - 6am,"On the night of May 09, the High Level Bridge will be closed to traffic between 9:30pm and 6am including the east sidewalk.",Bridge Maintenance,Construction,Central,Road and Sidewalk,POINT (-113.51206944227012 53.52385132619415)
210,,"May 17, 2025","Oct 11, 2025",Revised,104 Street Closure,104 Street NW,Jasper Avenue NW,103 Avenue NW,Total Closure,Saturdays (6am-4pm),"104 Street from Jasper Avenue to 102 Avenue will be
closed Saturdays 6am - 4pm. Detour using other route.",Downtown Farmer's Market,Special Event,Central,Road,POINT (-113.49924937072183 53.5409311968637)
391,,"Jul 11, 2025","Jul 20, 2025",Complete,135 Street Closed,135 Street NW,109A Avenue NW,109 Avenue NW,Total Closure,10 Days,135 St will be closed from July 11 to 20. Use other routes.,Drainage Repairs,Construction,Northwest,Road,POINT (-113.55551744214947 53.55551327944231)
289,,"Jun 07, 2025","Jun 07, 2025",Complete,96 St Closure,96 Street NW,Jasper Avenue NW,103 Avenue NW,Total Closure,8am to 5pm,Starts Sat. June 7 from 8am to 5pm. 96 St closed from Jasper Ave - 103 Ave. 96 St - 102A Ave intersection closed including the bike lane. Slow Zone Yield to Pedestrians will be implemented. Detour using other route.,Special Event,Special Event,Central,Road,POINT (-113.48336184203754 53.54640443048358)
26,,"Jun 01, 2023","Nov 14, 2025",Current,111 St NB Lane Closure,111 Street NW,29A Avenue NW,34 Avenue NW,Travel Delays,Long Term Drainage Project,"Starts Thurs, June 1st at 9am. 111 St NB at 29A Av will be reduced to a single lane. The WB 29A Av to NB 111 St Right turn bay will be closed with Right turns banned on red lights. The East crosswalk will be closed with a pedestrian detour in place.",Drainage Shaft,Construction,Southwest,Road and Sidewalk,POINT (-113.51599569889139 53.461257856039985)
18,,"Mar 10, 2025","Nov 30, 2025",Current,Meridian Street Upgrades,Meridian Street,Marquis Boulevard NE,Fort Road,Total Closure,9 Months,"Meridian Street will be closed from Marquis Boulevard to South of Fort Road. Detour using 167 Avenue, 18 Street, and Fort Road.",Road Construction,Construction,Northeast,Road,POINT (-113.34431478810555 53.652468483370704)
454,,"Jul 07, 2025","Jul 08, 2025",Complete,#1 Single lane closure Northbound,Whitemud Drive NW,Fox Drive NW,149 Street NW,Travel Delays,2 Days,"Off peak hours only. #1 Northbound lane closure on Whitemud Drive from
Fox Dr - 149 St. Speed reduced accordingly. Expect travel delays.",Manhole Inspection,Construction,Southwest,Road,POINT (-113.56559641293937 53.502879927141066)
171,,"Apr 29, 2025","May 02, 2025",Complete,107 St Lane reductions,107 Street NW,123 Avenue NW,Yellowhead Trail NW,Travel Delays,4 Days,"107 St, 123 Av - Yellowhead Trail reduced to a single lane each way. Detour using other routes.",Waterline Construction,Construction,Central,Road,POINT (-113.50509339360107 53.577776775608235)
256,,"May 29, 2025","Oct 30, 2025",Current,Bus Lane closure,104 Street NW,Saskatchewan Drive NW,81 Avenue NW,Directional Closure,5 Months,"Northbound bus lane on 104 St (Calgary Trail), from 81 Av to 86 Av (Tommy Banks Way), will be closed to accommodate the Summer Street event. 104 Street between Saskatchewan Dr and 86 Av will operate under a Max 20 km/h Share St Local Access mode.",104St (Calgary Trail)Summer St,Special Event,Central,Road,POINT (-113.4974898228531 53.523361741599594)
810,,"Sep 02, 2025","Sep 16, 2025",Current,Baturyn Rehab Stage 10,109 Street NW,169A Avenue NW,168 Avenue NW,Total Closure,Two Weeks,"109 St will be closed from the South side of 169A Ave to the North side of 168 Ave with local access maintained. Pedestrian access will be maintained. Detour using 100 St, 172 Ave, and 171 Ave.",Collector Rehab,Construction,Northeast,Road,POINT (-113.51232624622715 53.631544528393725)
510,,"Jul 16, 2025","Jul 23, 2025",Complete,98 St SB Directional closure,98 Street NW,110A Avenue,109A Avenue,Directional Closure,8 days,98 St SB will be directionally closed from 110A Ave south to 110m south. Use 97 St or 101 St for detour,Water line maintenance,Construction,Central,Road and Sidewalk,POINT (-113.49329565334725 53.55789805941205)
12,,"Mar 26, 2023","Dec 31, 2026",Current,87 Ave lane reductions,87 Avenue NW,159 Street NW,182 Street NW,Travel Delays,Long Term Constrcution,"87 Av will be reduced to 1 lane in each direction in various phases from
159 St to 189 St. 
For more information visit https://marigoldinfra.ca/current-construction-notices/",WLRT Construction,Construction,Northwest,Road and Sidewalk,POINT (-113.59667030200804 53.51940149678848)
395,,"Jul 03, 2025","Jul 03, 2025",Complete,"Lane Closure, Flagging",Saskatchewan Drive NW,90 Avenue NW,91 Avenue NW,Major Delays,1 Day (9am-3:30pm),Traffic on Saskatchewan Dr will be controlled via flaggers between 90 Avenue and 91 Avenue from 9am to 3:30pm.,Construction,Construction,Central,Road and Sidewalk,POINT (-113.50232504367018 53.525585474689706)
121,,"Apr 14, 2025","Sep 26, 2025",Current,132 Ave East Rehab - Phase 1A,132 Avenue NW,Delwood Road,72 Street NW,Total Closure,Five Months,"132 Ave closed from East side of Delwood Road to West side of 72 St. North sidewalk closed to start, South sidewalk closed after completion of North side.",Arterial Rehab,Construction,Northeast,Road and Sidewalk,POINT (-113.46379145555943 53.592262258260114)
505,,"Jul 14, 2025","Sep 05, 2025",Revised,SB Victoria Trail Outside Lane Closure,Victoria Trail,144 Avenue NW,137 Avenue NW,Travel Delays,7 Weeks,Southbound curb lane of Victoria Trail closed to support work from Hairsine Neighbourhood Rehab.,Hairsine Neighbourhood Rehab,Construction,Northeast,Road,POINT (-113.38612130116334 53.59965647945502)
557,,"Jul 31, 2025","Aug 07, 2025",Current,159 St Split to West,159 Street NW,Whitemud Drive,81 Avenue NW,Travel Delays,One Week,159 St reduced to one lane in each direction. Split to West side.,Utility Repair,Construction,Northwest,Road,POINT (-113.5966398521809 53.51188926851636)
344,,"Jun 16, 2025","Jun 19, 2025",Complete,Travel Delays,Ellerslie Road,91 Street SW,101 Street SW,Travel Delays,4 Days,"Ellerslie Road EB right lane closure from 91 Street SW - 101 Street  SW , off peak hours for the duration of the work. Please proceed with caution.",Tree shrub install/removal,Construction,Southeast,Road,POINT (-113.4891888357325 53.42481782637962)
72,,"Apr 07, 2025","Mar 31, 2026",Current,34 St at Ellerslie Rd SW Intersection Closure,34 Street SW,Ellerslie Road SW,Charlesworth Drive SW,Total Closure,12 Months,34 St will be closed from Charlesworth Dr - south of Ellerslie Rd.,Road Reconstruction,Construction,Southeast,Road and Sidewalk,POINT (-113.3936450456796 53.43021356627402)
409,,"Jun 30, 2025","Jul 10, 2025",Complete,"103 Ave Closed, 116 St - Alley W/O 116 St",103 Avenue NW,116 Street NW,117 Street NW,Total Closure,4 Days through 11 Day period.,103 Ave will be closed from 116 St to the alley west of 116 St.,Material Delivery,Construction,Central,Road,POINT (-113.52129434515659 53.544614850487505)
433,,"Jul 04, 2025","Aug 30, 2025",Complete,Saskatchewan Dr Traffic Split,Saskatchewan Drive NW,University Avenue NW,87 Avenue NW,Travel Delays,6 Weeks,Starting July 4th @ 9am the westbound lanes will be closed on Saskatchewan Dr. from 87 Ave - Universtity Ave.Two-way traffic will be maintained on the eastbound lanes. Use other routes.,Waterline Install,Construction,Central,Road,POINT (-113.53647961712386 53.518387956861034)
593,,"Aug 05, 2025","Dec 31, 2025",Current,99 St closure,99 Street NW,102A Avenue NW,103A Avenue NW,Total Closure,,"99 St, from 103A Ave to the City Hall Parkade will be closed due to pedway construction. City Hall Parkade access maintained through 102A Avenue.",Pedway construction,Construction,Central,Road,POINT (-113.48916245648303 53.544555621776915)
666,,"Sep 01, 2025","Sep 25, 2025",Current,115 Av Closure,115 Avenue NW,Groat Road,134 Street NW,Total Closure,3.5 Weeks,115 Av will be closed from Groat Rd to the alley west of Groat Rd. Use other routes.,Drainage Repairs,Construction,Northwest,Road,POINT (-113.55043175630043 53.565094961315886)
495,,"Jul 14, 2025","Jul 15, 2025",Complete,102 Av Closure,102 Avenue NW,115 Street NW,116 Street NW,Total Closure,"1 Night, 10pm - 6am","102 Av closed, 115 - 116 St with local access maintained.",Utility Work,Construction,Central,Road,POINT (-113.5194473745213 53.543023631086356)
532,,"Jul 25, 2025","Jul 26, 2025",Complete,90 ST Total Closure,90 Street NW,105A Avenue NW,106 Avenue NW,Total Closure,Two days,Road segment closed to vehicle traffic. Detour using other routes.,Power Pole Replace,Construction,Central,Road,POINT (-113.47461814922075 53.5518488729717)
567,,"Jul 23, 2025","Aug 06, 2025",Complete,129 Ave Closure,129 Avenue NW,109 Street NW,112 Street NW,Total Closure,Two Weeks,129 Ave Closure. Access to Lauderdale Dog Park from 109 St.,Utility Installation,Construction,Northeast,Road and Sidewalk,POINT (-113.51359688398686 53.58744912123279)
84,,"Apr 07, 2025","Apr 09, 2025",Complete,50 Street Delays,50 Street NW,Whitemud Drive NW,,Travel Delays,"2 Nights, 20:00 - 06:00 hrs",Northbound 50 St will be reduced to a single through lane and a single left turn bay and southbound 50 St will be reduced to a single through lane with no left turns permitted (use Roper Rd in lieu of left turns).,Road work,Construction,Southeast,Road,POINT (-113.41817544496175 53.4872421652954)
224,,"May 20, 2025","May 20, 2025",Complete,Traffic Incident,YELLOWHEAD TRAIL NW,ST ALBERT TRAIL NW,,Traffic Incident Delays,Unknown,Traffic Incident Yellowhead Trail eastbound - west of St. Albert Trail.,Traffic Incident,Traffic Incident,Southwest,Road,POINT (-113.55691699367259 53.58114638923677)
682,,"Aug 22, 2025","Aug 24, 2025",Complete,Multiple Lane Closure's,34 Avenue NW,106 Street NW,Calgary Trail NW,Travel Delays,3 Days,"Friday @ 10pm until Sunday @ 4pm. Multiple lane closure's at the intersection of 106st & 34ave. Left turns will be banned for west, south and northbound traffic. Use other routes.",Drainage Repair,Construction,Southwest,Road and Sidewalk,POINT (-113.50407836755168 53.46766473303818)
232,,"May 27, 2025","May 29, 2025",Complete,78 Ave Total Closure,78 Avenue NW,107 Street NW,108 Street NW,Total Closure,3 Days(8am - 4pm),78 Ave from 107 St - 108 St will be closed daily(8am - 4pm) to complete a concrete pour. The north sidewalk will also be closed and pedestrians detouted. Use other routes.,Concrete Pour,Construction,Southwest,Road and Sidewalk,POINT (-113.50632395781406 53.51424728480858)
127,,"Apr 25, 2025","Apr 28, 2025",Complete,Terwillegar Dr NB Closure,Terwillegar Drive NW,40 Avenue NW,Whitemud Drive NW,Directional Closure,3 Nights,"April 25, 26, and 27 Nightly from 9pm - 9am. Terwillegar Dr NB will be closed at 40 Ave due to a girder erection. No Whitemud Dr access from Terwillegar Dr NB. Detour using 40ave to Riverbend Rd.",Girder Erection,Construction,Southwest,Road,POINT (-113.57495202136012 53.47655009161135)
814,,"Aug 31, 2025","Sep 04, 2025",Complete,Eastbound 82 Ave Single Lane Closure,82 Avenue NW,109 Street NW,108 Street NW,Travel Delays,4 Days,Eastbound 82 Ave from 109 St - 108 St will be reduced to a single lane of traffic. The south sidewalk is closed and a pedestrian route maintained in the curb lane. Please use other routes.,Emergency Water Repair,Construction,Central,Road and Sidewalk,POINT (-113.51204398534566 53.51810090987701)
880,,"Sep 10, 2025","Sep 24, 2025",Current,"Closure of 101 St, on the North side of 127 Ave, just North of the intersection. Southbound 101 St must turn right onto 127 Ave. Eastbound 127 Ave to Northbound 101 St banned.",101 Street NW,127 Avenue NW,,Directional Closure,Two Weeks,"Closure of 101 St, on the North side of 127 Ave, just North of the intersection. Southbound 101 St must turn right onto 127 Ave. Eastbound 127 Ave to Northbound 101 St banned.",Utility Repair,Construction,Northeast,Road,POINT (-113.4938856031522 53.58492209985055)
693,,"Aug 21, 2025","Aug 22, 2025",Complete,SB 83 St to EB Argyll Rd,,83 Street NW,Argyll Road,Directional Closure,1 night (9pm-6am),SB 83 St to EB Argyll Rd Left Turn Closure. Please use other routes.,LOOPS REPAIR REPLACE,Construction,Central,Road,POINT (-113.44434331069212 53.50770939930589)
369,,"Jun 21, 2025","Jun 21, 2025",Complete,108 St Closure,108 Street NW,Jasper Avenue NW,102 Avenue NW,Total Closure,One Day,"108 St will be closed, use other routes.",Concrete Pour,Construction,Central,Road and Sidewalk,POINT (-113.50659617479108 53.54093118360785)
382,,"Jun 19, 2025","Jun 19, 2025",Complete,Traffic Incident,FOX DRIVE NW,KEILLOR TRAIL NW,,Traffic Incident Delays,Unknown,Traffic Incident Fox Drive westbound near Keillor Road.,Traffic Incident,Traffic Incident,Southwest,Road,POINT (-113.5560111027886 53.50318048671206)
312,,"Jun 16, 2025","Sep 02, 2025",Complete,99 St Summer Festival Closure,99 Street NW,102 Avenue NW,102A Avenue NW,Total Closure,2.5 Months,"Total Closure of 99 St, 102 Ave - 102A Ave; 102A Ave, 99 St to alley East of 99 St; and single lane closure on 100 St NB from north of 102 Ave to north of 102A ave from June 16 until Sept 2 for the Summer Festival events at churchill square.",Special Event,Special Event,Central,Road,POINT (-113.48896011094168 53.543445327973075)
102,,"Apr 09, 2025","Apr 10, 2025",Complete,NB 105 St Right Lane Closed,105 Street NW,104 Avenue NW,105 Avenue NW,Travel Delays,1 Night (9pm - 6am),Northbound right lane of 105 St closed at 105 Ave. Access to 105 St north of 105 Ave maintained via the adjacent lane but expect delays due to signal phases. Intermittent disruptions to the east sidewalk of 105 St at 105 Ave.,Emergency Power Repair,Construction,Central,Road and Sidewalk,POINT (-113.5010725747498 53.54621788419007)
576,,"Aug 05, 2025","Sep 16, 2025",Current,Castle Down Rd Lane Closures,CASTLE DOWNS ROAD NW,153 AVENUE NW,157 AVENUE NW,Travel Delays,6 Weeks,Castle Downs Road reduced to single lanes. Alternating sidewalk and crosswalk closures on Castle Downs Road.,Road Construction,Construction,Northeast,Road and Sidewalk,POINT (-113.51903066938745 53.61971657209011)
648,,"Aug 16, 2025","Aug 16, 2025",Complete,NB and SB 82 St Left Turns to Yellowhead Trail will be banned. Westbound Yellowhead Trail Off-Ramp to 82 St will have left turns banned. Detour using alternate routes.,82 Street NW,Yellowhead Trail,,Travel Delays,"One day, 7AM to 3PM",NB and SB 82 St at Yellowhead Trail left turns banned. WB Yellowhead Trail Off-Ramp to 82 St will have left turns banned. Detour using alternate routes.,82 St and Yellowhead Trail Left Turns Banned,Construction,Northeast,Road,POINT (-113.46733061226558 53.58216594240764)
386,,"Jun 23, 2025","Jun 23, 2025",Complete,Traffic Incident,YELLOWHEAD TRAIL NW,124 STREET NW,,Traffic Incident Delays,Unknown,Stalled vehicle Yellowhead Trail westbound at 124 Street. Right lane blocked.,Traffic Incident,Traffic Incident,Northeast,Road,POINT (-113.53594189600649 53.58063953586433)
446,,"Jul 03, 2025","Nov 14, 2025",Current,66 St and 167 Ave West Leg Detour,167 Avenue NW,66 Street NW,,Directional Closure,4.5 Months,"After 9PM, Eastbound 167 Ave will be on a detour road routed to Northbound 66 St only. No access to 167 Ave, East of 66 St, or Southbound 66 St from 167 Ave. South side Shared Pathway closed and detoured through Ozerna neighbourhood.",66 and 167 Ave Roundabout,Construction,Northeast,Road and Sidewalk,POINT (-113.46654113341597 53.628517162961444)
605,,"Aug 06, 2025","Aug 28, 2025",Complete,113 Ave total closure,113 Avenue NW,79 Street NW,80 Street NW,Total Closure,10 days,"113 Ave will be closed from 79 St to 40m west. Use 112 Ave as detour. Urgent care clinic underground parking entrance to remain open, accessible from the west",Telecom repair,Construction,Central,Road and Sidewalk,POINT (-113.46252447500305 53.56274103829612)
834,,"Sep 06, 2025","Sep 14, 2025",Current,Jasper AV Lane Closure,Jasper Avenue NW,101 Street NW,100A Street NW,Increased Travel Time,Two Weekends,"Jasper AV eastbound reduced to a single lane Sept. 6,7,13,14 between the hours of 07:00-19:00hrs. South sidewalk of road segment detoured to the north sidewalk.",Building Maintenance,Construction,Central,Road and Sidewalk,POINT (-113.49077366153999 53.54112419016741)
123,,"Apr 24, 2025","Apr 30, 2025",Complete,WMD reduced to a single lane per direction,Whitemud Drive NW,53 Avenue NW,122 Street NW,Major Delays,6 Nights,April 24th - 29th Nightly from 9pm - 6am (9am on weekends). Whitemud Dr will be reduced to a single lane per direction from 53 Ave to 122 St due to a girder erection. Expect major delays.,Girder Erection,Construction,Southwest,Road,POINT (-113.54116748362445 53.48307186687647)
15,,"Apr 03, 2025","Apr 04, 2025",Complete,Westbound Yellowhead Tr On Ramp Closure,Yellowhead Trail NW,156 Street NW,,Travel Delays,1 Night(9pm - 6am),"The westbound service road on ramp to westbound Yellowhead Tr will
be closed from 9pm - 6am. Traffic will be detoured over the 156 St exit.
Use other routes.",Drainage Inspection,Construction,Northwest,Road,POINT (-113.5249490750496 53.57821620245865)
893,,"Sep 13, 2025","Sep 14, 2025",Current,156 St Total Closure,156 Street NW,77A Avenue NW,79A Avenue NW,Total Closure,2 Days,Sept 13th & 14th from 6am to 5pm only. 156st bridge from 79a Ave to 77a Ave will be closed due to a bridge assessment. Detour using 159st.,Bridge assessment,Construction,Southwest,Road,POINT (-113.59034957742045 53.512765492704645)
279,,"Jun 09, 2025","Jun 12, 2025",Complete,81 Ave Total Closure,81 Avenue NW,104 Street NW,105 Street NW,Total Closure,4 Days,81 Ave from 105 St to the alley west of 104 St will be closed. Please use other routes.,Crane Removal,Construction,Central,Road and Sidewalk,POINT (-113.49754172850454 53.517079432144264)
620,,"Aug 29, 2025","Sep 04, 2025",Current,97 ST Lane Closure,97 Street NW,112 Avenue NW,118 Avenue NW,Increased Travel Time,One Week,97 ST northbound and southbound will be reduced to a single lane between 09:00-15:30hrs daily. Keep right.,Tree/Shrub Install,Construction,Central,Road,POINT (-113.49175114844492 53.561038630869604)
32,,"Feb 07, 2024","Oct 31, 2025",Current,111 St SB reduced to a single lane,111 Street NW,34 Avenue NW,29A Avenue NW,Travel Delays,Long Term Project,"Starts Weds, February 7th @ 9am. 111st SB just north of 29 A Ave will be reduced to a single lane. SB to EB left turn will be banned. Expect travel delays.",Drainage Tunnel Shaft,Construction,Southwest,Road,POINT (-113.51634322270183 53.465892070905994)
710,,"Aug 27, 2025","Sep 20, 2025",Current,,153 Avenue NW,Castle Downs Road,121 Street NW,Travel Delays,23 Days,"153 Ave reduced to single lanes and split between Castle Downs YMCA parking lot and Castle Downs Skate Park. Split to North side to start, split to South side afterwards.",153 Ave Traffic Splits,Construction,Northeast,Road,POINT (-113.53045752343347 53.61692353279865)
61,,"Feb 12, 2024","Aug 10, 2025",Complete,Rainbow Valley Bridge Work,Whitemud Drive,53 Avenue,122 Street,Increased Travel Time,Long term Project,Traffic is split over the south bridge deck of Rainbow Valley Bridge.  Two lanes will be maintained through the construction zone.,Terwillegar Dr Proj Stage 2,Construction,Southwest,Road,POINT (-113.54116748362445 53.48307186687647)
420,,"Jun 28, 2025","Jun 28, 2025",Complete,Closure of 108 Ave; 124 St to 123 St,108 Avenue NW,124 Street NW,123 Street NW,Total Closure,1 Day (14:00 to 22:00),"108 Av, 124 St to the Alley way 40m east will be closed on June 28th for the Make Music Edmonton Event.",Special Event,Special Event,Central,Road,POINT (-113.53589832340887 53.55255290357252)
774,,"Sep 02, 2025","Sep 07, 2025",Current,100 Avenue Delays,100 Avenue NW,107 Street NW,,Travel Delays,Six Days,100 Avenue will be reduced to a single lane in both directions with no Left Turn Permitted,Utility Construction,Construction,Central,Road and Sidewalk,POINT (-113.5695062686745 53.53931473133479)
187,,"May 05, 2025","May 12, 2025",Complete,Lane Closure,86 Street NW,63 Avenue NW,51 Avenue NW,Travel Delays,7 Days,The southbound direction of 86 Street will be reduced to a single lane between 63 Avenue and 51 Avenue,Construction,Construction,Central,Road,POINT (-113.45444295902612 53.48804211137631)
545,,"Jul 24, 2025","Jul 25, 2025",Complete,Eastbound and Southbound left turn ban,Ellerslie Road SW,111 Street SW,,Travel Delays,1 Night,9:30pm - 6am only. Left turns will be banned for Southbound and Eastbound traffic at the Ellerslie Rd & 111 St SW intersection. Expect delays.,Drainage Maintenance,Construction,Southwest,Road,POINT (-113.51100764515448 53.424726637541696)
628,,"Aug 12, 2025","Aug 12, 2025",Complete,Traffic Incident,YELLOWHEAD TRAIL NW,62 STREET NW,,Traffic Incident Delays,Uknown,Traffic Incident Yellowhead Trail westbound. Right lanes blocked.,Traffic Incident,Traffic Incident,Northeast,Road,POINT (-113.5249490750496 53.57821620245865)
274,,"Jun 03, 2025","Jun 03, 2025",Complete,Lane closure,82 Avenue NW,100 Street NW,98 Street NW,Major Delays,Between 9:00 pm and 3:30 am,"Westbound 82 Avenue will be reduced to a single lane between 100 Street and 98 Street from 9:00 PM to 3:30 AM. Additionally, all left turns will be prohibited at the intersection of 99 Street and 82 Avenue during these hours.",Construction,Construction,Central,Road,POINT (-113.48279782379554 53.51804989319084)
866,,"Sep 13, 2025","Sep 15, 2025",REVISED,,MAPLE ROAD NW,8 STREET NW,12 STREET NW,Total Closure,3 Days,"Maple Road will be completely closed from 8 Street to 12 Street starting September 13, 2025 at 6:30 p.m. until September 15, 2025 at 6:00 a.m. For detours please follow detour signage.",Crossing Reconstruction,Construction,Southeast,Road and Sidewalk,POINT (-113.35352464438228 53.47308638983655)
213,,"May 22, 2025","May 29, 2025",Complete,Winterburn total Closure,Winterburn Road NW,45 Avenue NW,Edgemont Boulevard NW,Total Closure,1 Week,May 22nd - May 29th from 9am - 3pm only. Winterburn Rd from 45ave to Edgemont Blvd will be closed due to a power repair.  Use other routes.,Power Repair,Construction,Southwest,Road,POINT (-113.68895169458261 53.483138323965434)
99,,"Apr 14, 2025","Apr 14, 2025",Complete,Lane Closures,98 Avenue NW,94 Street NW,96A Street NW,Increased Travel Time,9:00 am - 2:00 pm,"98 Avenue West bound will be reduced to a single lane between 94 Street and 96A Street. Additionally, 96A Street south of 98 Avenue will be managed by flagpersons due to single-lane availability",Drainage Inspection,Construction,Central,Road,POINT (-113.47637961059768 53.537881474589405)
149,,"May 29, 2025","Jun 05, 2025",Complete,Closure of William Short Rd,William Short Road NW,Mount Lawn Road NW,,Total Closure,,A section of William Short Road will be closed for sewer repair work. Local Access will be maintained off of Mt Lawn Road up until the closure. Pedestrain detour also in place.,Sewer Replacement,Construction,Central,Road and Sidewalk,POINT (-113.45802076331863 53.5751646360366)
190,,"May 08, 2025","May 09, 2025",Complete,Northbound 50 St delays,50 Street NW,Jamha Road NW,52 Avenue NW,Travel Delays,1 Evening 18:30 - 06:00 hrs,"Starting at 18:30, Northbound 50 St will be reduced to a single lane at the Whitemud Dr westbound ramp and No Left Turns will be permitted. For access to Whitemud Dr westbound, follow the marked detour using Roper Rd.",Bridge Rehab Work,Construction,Southeast,Road,POINT (-113.41801780110136 53.48489144058176)
298,,"May 27, 2025","Jun 10, 2025",Complete,Baturyn Rehab Stage 3,100 Street NW,169 Avenue NW,171 Avenue NW,Total Closure,Two Weeks,100 St from North side of 169 Ave to South side of 171 Ave will be clsoed. Pedestrian access wil be maintained. Detour using 109 St and 172 Ave,Collector Rehab,Construction,Northeast,Road,POINT (-113.4980150503752 53.63068974554629)
38,,"Mar 17, 2025","Aug 11, 2025",Complete,103A St reduced to a signle lane per direction,103A Street SW,Ellerslie Road SW,30 Avenue SW,Travel Delays,5 Months,Starts March 17th. 103A St will be reduced to a single lane per direction from Ellerslie Rd to 30 Ave SW due to a waterline installation. Expect travel delays.,Water Line Installation,Construction,Southwest,Road,POINT (-113.49605093040658 53.42481368961232)
208,,"May 08, 2025","May 13, 2025",Complete,Reduced to one lane westbound,23 Avenue,66 Street,72 Street,Increased Travel Time,6 Days,23 Avenue westbound is reduced to one lane due to an emergency EPCOR Water repair.,Emergency watermain repair,Construction,Southeast,Road,POINT (-113.43470774767748 53.45357016529241)
53,,"Apr 04, 2025","Apr 04, 2025",Complete,112 Av Closed,112 Avenue NW,143 Street,,Total Closure,1 Day (11:55am to 12:20pm),112 Av will be closed from 143 St to 300m West of 143 St. Use other routes.,Special Event,Construction,Northwest,Road,POINT (-113.56748082688601 53.560477256991334)
848,,"Sep 11, 2025","Sep 12, 2025",Cancelled,WMD WB to TWD SB Ramp Closure,Terwillegar Drive NW,Whitemud Drive NW,,Total Closure,1 Night,Night work only from 10pm - 6am. Whitemud Dr WB to Terwillegar Dr SB ramp will be closed due to a Drainage repair. Follow detour route.,Drainage Repair,Construction,Southwest,Road,POINT (-113.59070925754911 53.456286052647954)
173,,"Apr 28, 2025","Dec 31, 2027",Revised,Yellowhead Trail Lane Reductions,Yellowhead Trail NW,St Albert Trail NW,97 Street NW,Travel Delays,Long Term Project,"Yellowhead Tr, 97 St - St Albert Tr will be reduced to 2 lanes each way in phases to accommodate the YHT Tr freeway conversion project.",YHT Freeway Conversion,Construction,Northeast,Road,POINT (-113.55691699367259 53.58114638923677)
21,,"Apr 01, 2025","May 09, 2025",Complete,"EB 127 Ave, 90 St-85 St",127 Avenue NW,90 Street NW,85 Street NW,Directional Closure,1 Month (24/7),Eastbound 127 Ave to be closed from 90 St to 85 St. Westbound 127 Ave to be reduced to a single lane from 85 St to 90 St. Please use other routes.,DRAINAGE REPAIR REPLACE,Construction,Northeast,Road,POINT (-113.47086463542703 53.584888378676474)
140,,"May 04, 2025","May 04, 2025",Complete,104 ST Northbound Closure,104 Street NW,85 Avenue NW,86 Avenue NW,Directional Closure,One Day,104 ST northbound will be closed to vehicle traffic between 85-86 AV. Detour using other routes.,Special Event,Special Event,Central,Road,POINT (-113.4975616504056 53.520846558033895)
324,,"Jun 11, 2025","Jun 11, 2025",Complete,Lane Closure,82 Avenue NW,101 Street NW,98 Street NW,Major Delays,9:00 AM - 3:30 PM,Eastbound 82 Avenue will be reduced to one lane between 101 Street and 98 Street during 9:00 AM and 3:30 PM. Northbound and Southbound turns on 100 Street and 98 Street will be banned.,Construction,Construction,Central,Road and Sidewalk,POINT (-113.48279782379554 53.51804989319084)
671,,"Aug 22, 2025","Sep 13, 2025",REVISED,184 St Reduced to 1 Lane NB,184 Street NW,105 Avenue NW,107 Avenue NW,Travel Delays,2.5 Weeks,184 St will be reduced to 1 lane NB from South of 107 Av to 107 Av. The east sidewalk will be closed as well. Use other routes.,Emergency Drainage Repair,Construction,Northwest,Road and Sidewalk,POINT (-113.63972373925942 53.55327026796662)
335,,"Jun 16, 2025","Dec 31, 2026",Current,Ellerslie Road Travel Delays,Ellerslie Road SW,Rabbit Hill Road SW,Heritage Valley Trail SW,Travel Delays,Long Term Project,Starts June 16th. Ellerslie Rd from East of Rabbit Hill Rd to Heritage Valley Trail will be undergoing road construction. Full time speed reduction in place.  Expect travel delays.,Road Construction,Construction,Southwest,Road,POINT (-113.54775433180623 53.42490050646766)
108,,"Apr 16, 2025","Nov 30, 2025",Current,111 St Closure,111 Street NW,104 Avenue NW,103 Avenue NW,Total Closure,7.5 Months,"Total closure of 111 St on the south side of 104 Ave. No pedestrian access from 111 St to 104 Av.
For more information, visit marigoldinfra.ca/current-construction-notices/ or Edmonton.ca/projects_plans/transit/valley-line-west",West LRT Construction,Construction,Central,Road and Sidewalk,POINT (-113.5120776326373 53.54610775529463)
535,,"Jul 10, 2025","Jul 25, 2025",Complete,87 Ave Eastbound Single Lane Closure,87 Avenue NW,116 Street NW,114 Street NW,Travel Delays,2 Weeks,Eastbound 87 Ave from 116 St - 114 is reduced to a single lane for an emergency drainage repair. Use other routes.,Emergency Drainage Repair,Construction,Central,Road,POINT (-113.52555489654175 53.522906506550505)
559,,"Jul 11, 2025","Aug 05, 2025",Complete,Baturyn Rehab Stage 6 and 7,172 Avenue NW,103 Street NW,106 Street NW,Total Closure,Three Weeks,172 Ave from the West side of 103 St to the East side of 106 St will be closed. Pedestrian access will be maintained. Detour using 100 St or 109 St.,Collector Rehab,Construction,Northeast,Road,POINT (-113.50621386463487 53.633430388845404)
117,,"Apr 16, 2025","Apr 17, 2025",Complete,Westbound Yellowhead Off Ramp to 149 St Closure,Yellowhead Trail NW,St Albert Trail NW,149 Street NW,Travel Delays,1 Night (9pm - 6am),The Westbound Yellowhead Trail off ramp to the westbound service road and access to 149 St will be closed for 1 night (9pm - 6am). Follow posted detour route.,Drainage Inspections,Construction,Northwest,Road,POINT (-113.57802207624547 53.581521653628485)
411,,"Jul 01, 2025","Jul 01, 2025",Complete,River Valley Road WBD Directional Closure,River Valley Road,105 Street NW,Groat Road,Directional Closure,6am - 9:30am,"Total closure of westbound River Valley Road, 105 Street - Groat Bridge to accommodate the Canada Day Road Race.",Canada Day Road Race,Special Event,Central,Road,POINT (-113.53686440013828 53.53798523953657)
295,,"Jun 11, 2025","Jun 12, 2025",Complete,Single Lane Closure Eastbound,Whitemud Drive NW,122 Street NW,111 Street NW,Travel Delays,2 Days,Single lane closure on Whitemud Dr Eastbound  from 122 St to 111St due to roadway maintenance. Closure limited to off peak hours. Expect travel delays.,Roadway Maintenance,Construction,Southwest,Road,POINT (-113.54116748362445 53.48307186687647)
796,,"Sep 11, 2025","Sep 16, 2025",Current,104 St southbound directional closure just north of Jasper Avenue,104 Street NW,Jasper Avenue NW,102 Avenue NW,Directional Closure,6 days,104 St just north of Jasper Ave will be directionally closed for southbound traffic during off peak hours (9 am - 3:30 pm),Tree removal / planting,Construction,Central,Road,POINT (-113.49924937072183 53.5409311968637)
856,,"Sep 09, 2025","Oct 15, 2025",Current,56 Ave; 86 St-West of 86 St,56 Avenue NW,86 Street NW,,Total Closure,5 Weeks (24/7),56 Ave to be totally closed from 86 St to 50m West of 86 St.,Construction,Construction,Central,Road,POINT (-113.54211900912264 53.49233152863282)
210,,"May 17, 2025","Oct 11, 2025",Revised,104 Street Closure,104 Street NW,Jasper Avenue NW,103 Avenue NW,Total Closure,Saturdays (6am-4pm),"104 Street from Jasper Avenue to 102 Avenue will be
closed Saturdays 6am - 4pm. Detour using other route.",Downtown Farmer's Market,Special Event,Central,Road,POINT (-113.49923776822413 53.54460627750803)
246,,"May 28, 2025","May 29, 2025",Complete,High Level Bridge Closure,109 Street NW,97 Avenue NW,88 Avenue NW,Total Closure,1 Night: 9:30pm - 6am,"On the night of May 28, the High Level Bridge will be closed to traffic between 9:30pm and 6am.",Bridge Maintenance,Construction,Central,Road,POINT (-113.51206944227012 53.52385132619415)
436,,"Jul 15, 2025","Jul 16, 2025",Complete,83 Ave; 104 St-102 St Total Closure,83 Avenue NW,104 Street NW,102 Street NW,Total Closure,1 Night (21:00-05:00),NB Gateway Blvd will be reduced to a single lane from 82 Ave to 83 Ave and 83 Ave from east of 104 St to Gateway Blvd and from Gateway Blvd to west of 102 St to be totally closed to vehicle and cyclist traffic.,Drainage Maintenance,Construction,Central,Road,POINT (-113.49754820832854 53.51907045994613)
136,,"Apr 21, 2025","Jul 14, 2025",Current,156 St Intersection Partial Closure,156 Street NW,Stony Plain Road NW,,Directional Closure,12 Weeks,"Partial intersection closure of Stony Plain Rd - 156 St. 
NB and SB 156 St is a right turn only at Stony Plain Rd.
EB Stony Plain Rd is a left turn only at 156 St.
WB Stony Plain Rd is a total closure at 155 St.",West LRT Construction,Construction,Northwest,Road and Sidewalk,POINT (-113.59050328880596 53.55701311399476)
450,,"Jul 01, 2025","Jul 02, 2025",Complete,University & 114 St SW Sidewalk Closure,University Avenue NW,114 Street NW,,Travel Delays,2 Days,At the intersection of 114 St and University Ave the sidewalk on the SW corner will remian closed to pedestrians. No pedestrian access over the LRT tracks and a pedestrian detour in place. Use other routes.,LRT Track Replacement,Construction,Central,Sidewalk,POINT (-113.5216594986771 53.51577122033743)
168,,"May 08, 2025","May 16, 2025",Complete,Lane closures,99 Street NW,80 Avenue NW,82 Avenue NW,Major Delays,10:00 pm - 4:00 am; 9 DAYS,99 Street will be reduced to one lane in both directions between 80 Avenue and 82 Avenue,Construction,Construction,Central,Road,POINT (-113.48611018704396 53.51610661152614)
331,,"Jun 17, 2025","Jul 15, 2025",Current,Total Closure,Austin O''Brien Road,57 Street,64 Street,Total Closure,4 Weeks,"Starting June 17, 2025 Austin O'Brien Road will be closed between 57 Street and 64 Street. Please use other routes",Drainage Install,Construction,Southeast,Road and Sidewalk,POINT (-113.42786330642068 53.535491265980504)
883,,"Sep 11, 2025","Sep 11, 2025",Current,"83 Av, 84 Av, 85 Av Total Closures",83 Avenue NW,Gateway Boulevard NW,104 Street NW,Total Closure,1 Day,Total Closure 83 Av / 84 Av / 85 Av from Gateway Blvd to 104 St. 83 Avenue Bike Lane Closed. Cyclists dismount.,Special Event,Special Event,Central,Road,POINT (-113.49506609898567 53.51905985022891)
590,,"Aug 02, 2025","Aug 03, 2025",Complete,83 Avenue; 104 St to Gateway Blvd Closure,83 Avenue NW,Gateway Boulevard NW,104 Street NW,Total Closure,2 Days (07:00 - 17:00),83 Avenue between Gateway Boulevard and 104 Street will be closed daily from 07:00 to 17:00 for a Special Event. Cyclist dismount and Walk or take provided Bike detour.,Special Event,Construction,Central,Road,POINT (-113.49506609898567 53.51905985022891)
70,,"Apr 01, 2025","Apr 04, 2025",Complete,Southbound Single Lane Closure,Groat Road NW,112 Avenue NW,,Travel Delays,4 Days,Southbound Groat Rd at 112 Ave is reduced to a single lane due to a failed manhole. Please use other routes,Emergency Manhole Repair,Construction,Northwest,Road,POINT (-113.5454363520738 53.54992362849637)
157,,"May 01, 2025","May 02, 2025",Complete,Groat Road Reduced to 1 Lane NB,Groat Road,Victoria Park Road,109 Avenue NW,Travel Delays,2 Days (9am to 3pm),Groat Rd will be reduced to 1 lane NB from Victoria Tr to 109 Av. Stay left or use other routes.,Street Light Repairs,Construction,Northwest,Road,POINT (-113.55089586904981 53.55438111307124)
82,,"Apr 08, 2025","Apr 08, 2025",Complete,"102 Ave Staged Closures, 121 St - 111 St",102 Avenue NW,121 Street NW,111 Street NW,Total Closure,1 Day (9am - 3:30pm),Staged block-by-block closures of 102 Ave from 121 St - 111 St. Local access to properties maintained via flag person control. Cyclist access on 102 Ave maintained within the road closures.,Drainage Inspection,Construction,Central,Road,POINT (-113.53083592107136 53.54302434170738)
351,,"Jun 17, 2025","Jun 21, 2025",Complete,Road Closure,95 Street NW,98 Avenue NW,97 Avenue NW,Total Closure,4 Days,95 Street will be closed between 98 Avenue and 97 Avenue,Construction,Construction,Central,Road and Sidewalk,POINT (-113.47319882553184 53.53802196325608)
241,,"May 24, 2025","May 25, 2025",Complete,Lane Closure,Walterdale Hill NW,Fort Hill NW,95 Avenue NW,Major Delays,2 Days,"Walterdale Hill, from Fort Hill down to 95 Avenue, will have a reduced traffic flow. Between 5:00 AM and 12:00 PM, the road will be reduced to a single lane. Following that, from 12:00 PM to 4:00 PM, it will open to two lanes of traffic",Construction,Construction,Central,Road,POINT (-113.50548766269038 53.524535034596056)
684,,"Aug 24, 2025","Aug 25, 2025",Complete,Whitemud reduced to a single Lane per direction,Whitemud Drive NW,122 Street NW,53 Avenue NW,Major Delays,1 Night,Night work from 9pm - 6am. Whitemud Drive will be reduced to a single lane per direction due to a drainage repair. Expect Travel delays.,Drainage Repair,Construction,Southwest,Road,POINT (-113.57201214645684 53.490407577573094)
781,,"Sep 05, 2025","Sep 08, 2025",Complete,118 Ave Closure,118 Avenue NW,90 Street NW,95 Street NW,Total Closure,Fr at 9am - Mon at 6am,"Total closure of 118 Av, 95 St - 93 St to accommodate the Kaleido Family Arts Festival. 92 St, 118 Av - 119 Av and 93 St, 119 Av to Lane S/O 119 Av will also be closed. Detour using other route",Special Event - Kaleido Family Arts Festival,Special Event,Central,Road,POINT (-113.47972938732224 53.57039182398866)
226,,"May 27, 2025","Jun 23, 2025",Complete,149 St Eastbound Ramp Closed,149 Street NW,Whitemud Drive NW,,Total Closure,18 Nights,"May 27th - 30th, June 6th - 16th & June 18th - 23rd Nightly from 10pm - 6am. 149 St to Whitemud Dr Ramp Eastbound will be closed due to bridge Maintenance. Follow detour route.",Bridge Maintenance,Construction,,Road,POINT (-113.57854280027952 53.51363442866546)
397,,"Jun 26, 2025","Jun 26, 2025",Complete,108 St Closure,108 Street NW,Jasper Avenue NW,102 Avenue NW,Total Closure,One Day,"108 St will be closed, use other routes.",Concrete Pour,Construction,Central,Road and Sidewalk,POINT (-113.50659617479108 53.54093118360785)
569,,"Aug 05, 2025","Aug 06, 2025",Complete,Lane Closures,104 Street NW,71 Avenue NW,67 Avenue NW,Major Delays,10:00 pm -6:00 am,104 Street will be reduced to one lane overnight between 71 Avenue and 67 Avenue.,Construction,Construction,Central,Road and Sidewalk,POINT (-113.49768369527999 53.503433311576686)
56,,"Apr 01, 2025","Apr 01, 2025",Complete,98 AV Traffic circle Lane Closure,98 Avenue NW,82 Street NW,94 Street NW,Increased Travel Time,9 am - 3:30 pm,"Traffic circle at 98 Avenue and 84 Street will be reduced to a single lane. Additionally, 98 Avenue will have one lane closed in each direction between 82 Street and 94 Street. These lane reductions will be in effect from 09:00 to 15:30hrs",Drainage Maintenance,Construction,Central,Road,POINT (-113.45338089694783 53.53753106066843)
228,,"Jun 04, 2025","Jun 04, 2025",Complete,Rossdale Rd; 105 St to 97 Ave - Total Closure,Rossdale Road NW,105 Street NW,97 Avenue NW,Total Closure,1 Day (12:00 to 15:00),Rossdale Road from 105 Street to 97 Avenue will be closed on June 4th from 12:00 to 15:00 for the Riverhawks School Event. Please use other routes.,Special Event,Special Event,Central,Road,POINT (-113.49721318487893 53.533961600421414)
710,,"Aug 27, 2025","Sep 20, 2025",Current,,153 Avenue NW,Castle Downs Road,121 Street NW,Travel Delays,23 Days,"153 Ave reduced to single lanes and split between Castle Downs YMCA parking lot and Castle Downs Skate Park. Split to North side to start, split to South side afterwards.",153 Ave Traffic Splits,Construction,Northeast,Road,POINT (-113.51671013704353 53.61418372617452)
674,,"Sep 01, 2025","Sep 30, 2025",Current,90 Av Reduced to 1 Lane EB,90 Avenue NW,171 Street NW,175 Street NW,Travel Delays,1 Month,90 Av will be reduced to 1 lane EB from 171 St to 175 St for approximately 1 month.,Power Duct Replacement,Construction,Northwest,Road,POINT (-113.62357914560998 53.52496072414411)
807,,"Sep 09, 2025","Sep 09, 2025",Current,"121 Ave EB Closed at 50 St, All Left Turns Banned",121 Avenue NW,50 Street NW,,Directional Closure,One Day (9AM-3:30PM),EB 121 Ave Closed at 50 St. All left turns banned at the 50 St/121 Ave Intersection.,Utility Construction,Construction,Northeast,Road,POINT (-113.46374214374902 53.575006180420125)
579,,"Aug 13, 2025","Aug 14, 2025",Complete,#1 Single lane closure,Whitemud Drive NW,Fox Drive NW,149 Street NW,Travel Delays,2 Days,Aug 13th & 14th  from 9am - 3pm only. #1 Northbound lane closure on Whitemud Drive from Fox Dr - 149 St due to a Pump station Inspection. Speed reduced accordingly. Expect travel delays.,Pump Station Inspection,Construction,Southwest,Road,POINT (-113.57854280027952 53.51363442866546)
651,,"Aug 15, 2025","Oct 22, 2025",Current,149 St Closure N of Stony Plain Rd,149 Street NW,Stony Plain Road,,Total Closure,10 Weeks,149 St will be closed from Stony Plain Rd to the alley N of Stony Plain Rd. Use other routes.,WLRT Track Construction,Construction,Northwest,Road,POINT (-113.57844844539893 53.55032195078289)
328,,"Jun 20, 2025","Jun 27, 2025",Complete,142 St Reduced to 1 Lane NB,142 Street NW,Stony Plain Road,103 Avenue NW,Travel Delays,2 Days (9am to 3pm),"142 St will be reduced to one lane NB from Stony Plain Rd to 103 Av on June 20, and 27 from 9am to 3pm. Use other routes.",Concrete Pours,Construction,Northwest,Road,POINT (-113.56559986401645 53.54292039864096)
417,,"Jun 28, 2025","Jun 29, 2025",Complete,Whitemud Drive Westbound reduced to 1 lane,Whitemud Drive NW,122 Street NW,53 Avenue NW,Travel Delays,1 Night,9pm to 9am only. Whitemud Dr WB from 122 St to 53 Ave will be reduced to 1 lane due to a project survey. Expect travel delays.,Project Survey,Construction,Southwest,Road,POINT (-113.57201214645684 53.490407577573094)
732,,"Aug 27, 2025","Aug 28, 2025",Complete,53 Ave to WMD SB Ramp Closure,53 Avenue NW,Whitemud Drive NW,,Total Closure,1 Night,Night work only from 10pm to 6am. 53 Ave to Whitemud Dr EB ramp will be closed due to a pavement marking install. Use detour route.,Pavement Marking Install,Construction,Southwest,Road,POINT (-113.57201214645684 53.4904075775731)
543,,"Jul 25, 2025","Jul 28, 2025",Complete,102 ST Total Closure,102 Street NW,Jasper Avenue NW,102 Avenue NW,Total Closure,Three Days,Total road closure (northbound and southbound) for vehicles between 18:30hrs July 25 to 06:00hrs July 28. Local parkade(s) access will be maintained,Crane Lift,Construction,Central,Road,POINT (-113.49556974628355 53.540931215120395)
96,,"Apr 16, 2025","Apr 21, 2025",Complete,Reduced to Single Lane Westbound,STADIUM ROAD NW,92 STREET NW,,Increased Travel Time,1 Week,Starts Wed April 16 for 1 week. Stadium Rd WB reduced to single lane from 92 St to east of 92 St. The east crosswalk at 92 st will be closed. Detour using other route.,Waterline Repair,Construction,Central,Road and Sidewalk,POINT (-113.47439306662322 53.559167668425495)
715,,"Aug 23, 2025","Aug 23, 2025",Complete,110 St Total Closure,110 Street NW,76 Avenue NW,77 Avenue NW,Total Closure,1 Day(7am - 4pm),110 St from 76 Ave - 77 Ave will be closed to vehicles. Bike lane will be remain open during work. Use other routes.,Concrete Repair,Construction,Central,Road,POINT (-113.51502129689503 53.51225394833979)
260,,"Jun 03, 2025","Jun 04, 2025",Complete,Yellowhead Tr Reduced to 1 Lane WB,Yellowhead Trail,127 Street NW,142 Street NW,Travel Delays,1 Night (10pm to 6am),Yellowhead Tr will be reduced to 1 lane from 127 St to 142 St starting at 10pm on June 3 to 6am on June 4. Use other routes,Drainage Inspections,Construction,Northwest,Road,POINT (-113.5659358333032 53.58100729478226)
482,,"Jul 21, 2025","Aug 05, 2025",Complete,87 Ave; 98 St-99 St,87 Avenue NW,98 Street NW,99 Street NW,Total Closure,2 Weeks,87 Ave to be totally closed from 98 St to 99 St.,Drainage Repair Replace,Construction,Central,Road,POINT (-113.48276711658713 53.522646510091946)
185,,"Jun 02, 2025","Jun 15, 2025",Complete,105A Street Closure,105A Street NW,29 Avenue NW,,Total Closure,2 Weeks,Starts June 2nd. 105A St at 29 Ave will be closed due to a sewer repair. Cyclists and vehicle traffic will need to share a single lane on 29ave.,Sewer Repair,Construction,Southwest,Road,POINT (-113.50229287598032 53.504427024771815)
41,,"Jan 01, 2023","Oct 31, 2025",Revised,Hoarding,97 Street NW,102 Avenue NW,102A Avenue NW,Increased Travel Time,,"West sidewalk and curb lane along 97 St SBD, 102 Ave - 102A Ave closed due to Winspear Center Expansion project.Pedestrians must detour using the east sidewalk. 97 St SBD reduced to single lane.",Winspear Center Project,Construction,Central,Road and Sidewalk,POINT (-113.48619122397378 53.54400734170656)
444,,"Jul 03, 2025","Nov 14, 2025",Current,Westbound 167 Ave Closure,167 Avenue NW,McConachie Boulevard,66 Street NW,Total Closure,4.5 Months,"After 9PM, 167 Ave total closure from McConachie Boulevard to 66 Street to support intersection roundabout construction. Detour using 153 Ave or Anthony Henday Drive. South side Shared Pathway closed and detoured through Matt Berry neighbourhood.",66 St and 167 Ave Roundabout,Construction,Northeast,Road and Sidewalk,POINT (-113.44263639842714 53.62849203455579)
624,,"Aug 12, 2025","Aug 13, 2025",Current,104 ST Southbound Closure,104 Street NW,102 Avenue NW,100 Avenue NW,Directional Closure,One Night,104 ST southbound closed to vehicles between the alley north of Jasper AV to the alley south of Jasper AV from 21:00hrs 12-Aug-2025 to 06:00hrs 13-Aug-2025. Local access will be maintained.,Drainage Maintenance,Construction,Central,Road,POINT (-113.49927839584169 53.53884886242321)
486,,"Jul 09, 2025","Jul 09, 2025",Complete,Jasper AV Lane Closure,Jasper Avenue NW,99 Street NW,97 Street NW,Increased Travel Time,One Day (off-peak),Jasper AV eastbound reduced to a single lane between 09:00-15:30hrs.,Crane lift,Construction,Central,Road and Sidewalk,POINT (-113.48858103529824 53.54126615782316)
520,,"Jul 21, 2025","Jul 31, 2025",Complete,101 ST Traffic Split,101 Street NW,Jasper Avenue NW,103 Avenue NW,Increased Travel Time,Ten Nights,101 ST will be reduced to a single lane and split to the east side. Pedestrian traffic will be detoured to east sidewalk. Lane reduction and split to occur nightly 22:00-06:00hrs.,Crane Lift,Construction,Central,Road and Sidewalk,POINT (-113.49372678450347 53.54093775116459)
144,,"May 17, 2025","May 19, 2025",Complete,102 Street Closure,102 Street NW,MacDonald Drive NW,Jasper Avenue NW,Total Closure,Sat 7am - Mon 6am,"Total closure of 102 St, MacDonald Dr to the alley South of Jasper Av to accommodate the Starlight Room's 35th Anniversary event.",Special Event,Special Event,Central,Road,POINT (-113.49555991900645 53.539561228570484)
192,,"Jun 07, 2025","Jun 08, 2025",Complete,112 St Closure,112 Street NW,129 Avenue NW,130 Avenue NW,Total Closure,2 Days (7 am Sat - 8 pm Sun),"Total closure of 112 St, 129 Av - 130 Av to accommodate the Serbian Days Festival.",Special Event,Special Event,Northeast,Road,POINT (-113.51359688398686 53.58744912123279)
701,,"Aug 21, 2025","Aug 21, 2025",Current,82 ST Lane Closure,82 Street NW,123 Avenue NW,124 Avenue NW,Increased Travel Time,One Day,82 ST northbound reduced to a single lane between 09:00-15:30hrs.,Crane Lift,Construction,Central,Road and Sidewalk,POINT (-113.46730521256437 53.57828662014193)
618,,"Aug 11, 2025","Aug 15, 2025",Current,107A AV Lane Closure,107A Avenue NW,95 Street NW,92 Street NW,Increased Travel Time,Five Days,107A AV eastbound reduced to a single lane. Keep left.,Power Install,Construction,Central,Road,POINT (-113.48358477924768 53.55388087781672)
822,,"Sep 03, 2025","Oct 31, 2025",Current,Single lane closures,199 Street NW,62 Avenue NW,69 Avenue NW,Travel Delays,2 Months,Starts Sept 3rd. Single lane closures on 199st from 62ave to 69ave due to a drainage install. Two way traffic to be maintained at all times. Speed reduced full time. Expect delays.,DRAINAGE INSTALL,Construction,Southwest,Road and Sidewalk,POINT (-113.66449315062239 53.50245181084258)
304,,"Jun 11, 2025","Jun 11, 2025",Complete,Southbound and Northbound lane closure,89 Street NW,83 Avenue NW,81 Avenue NW,Travel Delays,9:30 AM -3:30 PM,Southbound and Northbound lanes of 89 Street on 82 Ave will be closed between 83 Avenue and 81 Avenue.,Construction,Construction,Central,Road and Sidewalk,POINT (-113.46439488674746 53.51901841096952)
868,,"Sep 15, 2025","Sep 15, 2025",Current,91 St; 81 Ave-82 Ave Total Closure,91 Street NW,81 Avenue NW,82 Avenue NW,Total Closure,1 Day (9am-3:30pm),91 St to be totally closed to from 81 Ave to 82 Ave.,DRAINAGE MAINTENANCE,Construction,Central,Road and Sidewalk,POINT (-113.46742912369163 53.51702700570343)
88,,"Apr 15, 2025","Apr 16, 2025",Complete,Gateway Lane Closure,Gateway Boulevard NW,80 Avenue NW,Tommy Banks Way NW,Increased Travel Time,Two Nights,Gateway Blvd reduced to a single lane between 80 AV - Tommy Banks Way from 21:00-06:00hrs. 83 AV closed to thru trafffic at Gateway Blvd from 21:00-06:00hrs; local access will be maintained. Detour using other routes.,Drainage Repairs,Construction,,Road,POINT (-113.4946246519576 53.516126038173965)
548,,"Jul 23, 2025","Sep 27, 2025",Cancelled,Lane Closures,156 Street NW,79A Avenue NW,77A Avenue NW,Travel Delays,2 Months,"Southbound 156 street on the bridge will be converted to two-way traffic, accommodating both Northbound and Southbound lanes. This change will be affect the section between 79A Avenue and 77A Avenue. East bound 159 street off ramp will be closed.",Construction,Construction,Southwest,Road and Sidewalk,POINT (-113.59034957742045 53.512765492704645)
260,,"Jun 03, 2025","Jun 04, 2025",Complete,Yellowhead Tr Reduced to 1 Lane WB,Yellowhead Trail,127 Street NW,142 Street NW,Travel Delays,1 Night (10pm to 6am),Yellowhead Tr will be reduced to 1 lane from 127 St to 142 St starting at 10pm on June 3 to 6am on June 4. Use other routes,Drainage Inspections,Construction,Northwest,Road,POINT (-113.54124322478002 53.58070508980353)
59,,"Mar 31, 2025","Apr 04, 2025",Complete,Reduced to Single Lane Eastbound,104 Avenue NW,104 Street NW,105 Street NW,Increased Travel Time,5 Days,"Starts Mar 31, 2025. 104 Ave EBD reduced to single lane. South sidewalk closed, pedestrian detour using the north sidewalk. No through access on 104 St SBD at 104 Ave.",Emergency Water Repair,Construction,Central,Road and Sidewalk,POINT (-113.4992270301846 53.54618901430583)
88,,"Apr 15, 2025","Apr 16, 2025",Complete,Gateway Lane Closure,Gateway Boulevard NW,80 Avenue NW,Tommy Banks Way NW,Increased Travel Time,Two Nights,Gateway Blvd reduced to a single lane between 80 AV - Tommy Banks Way from 21:00-06:00hrs. 83 AV closed to thru trafffic at Gateway Blvd from 21:00-06:00hrs; local access will be maintained. Detour using other routes.,Drainage Repairs,Construction,,Road,POINT (-113.49551368653943 53.52182452004319)
459,,"Jul 05, 2025","Aug 30, 2025",Current,103 Av Recurring Saturday Event Closure,103 Avenue NW,124 Street NW,125 Street NW,Total Closure,Saturdays 11am-2:30pm 2 Months,103 Av will be closed from 124 St to the alley west on Saturdays from 11:00 - 14:30 for a recurring Special event. Use 125 st for local access.,Recurring Special Event,Special Event,Central,Road,POINT (-113.53589698923369 53.54461284450701)
750,,"Aug 25, 2025","Sep 02, 2025",Current,125 Street total closure,125 Street NW,122 Avenue NW,123 Avenue NW,Total Closure,9 days,125 St from 122 Ave - 123 Ave will be total closed. Use 124 St or 126 St for detour,water line repairs,Construction,Central,Road,POINT (-113.53772723605721 53.57669958700813)
271,,"May 26, 2025","Jul 21, 2025",Complete,Road Closure,98A Street NW,93A Avenue NW,93 Avenue NW,Total Closure,2 Months,98A Street will be closed between 93A Avenue and 93 Avenue,Construction,Construction,Central,Road,POINT (-113.48430260928724 53.529862683677266)
739,,"Aug 25, 2025","Aug 30, 2025",Complete,105A Avenue total closure,105A Avenue NW,96 Street NW,97 Street NW,Total Closure,6 days,"105A Avenue will be total closed for road reconstruction work. Use 96 St, 106 Ave, or 103A Ave for detour.",Road Reconstruction,Construction,Central,Road and Sidewalk,POINT (-113.48501050413034 53.549871416579954)
77,,"Apr 07, 2025","Apr 08, 2025",Complete,121 St Closed S/O Jasper Ave,121 Street NW,Jasper Avenue,,Total Closure,1 Night: 8pm - 6am,"121 St closed from Jasper Ave to the first access south of Jasper Ave with local access maintained on 100 Ave via flag person control between the access and the alley west of 119 St, EB Jasper Ave reduced to one lane at 121 St, bike lane access maintained",Drainage Repair,Construction,Central,Road,POINT (-113.53161712377863 53.572921627190475)
160,,"May 08, 2025","Jul 09, 2025",Complete,100 Av Reduced to 1 Lane Each Way,100 Avenue NW,158 Street NW,162 Street NW,Travel Delays,9 Weeks,100 Av will be reduced to 1 lane in each direction from May 8 to July 9 from 158 St to 162 St. Use other routes.,Drainage Repair,Construction,Northwest,Road,POINT (-113.60084772100222 53.53926238562694)
284,,"Jun 01, 2025","Jun 10, 2025",Complete,Southbound 108 St Emergency Closure,108 Street NW,102 Avenue NW,103 Avenue NW,Directional Closure,10 Days,Southbound 108 St will be closed from 102 Av to the alley north. The north crosswalk of 102 av is also closed.,Emergency Water Main Break,Construction,Central,Road and Sidewalk,POINT (-113.5065856454943 53.54301569836126)
2,,"Nov 12, 2024","Sep 30, 2025",Current,"116 St, 104 Ave - 105 Ave, One lane each way",116 Street NW,104 Avenue NW,105 Avenue NW,Travel Delays,10 Months,"116 St, 104 Av - 105 Av reduced to one lane each way (Single lane closures Nov 12 - 14 & Split to W/S starting Nov 15). Movements maintained at 104 Ave, Unity Square & 105 Ave intersections. 116 St east sidewalk closed, Unity Square intersection to 105 Av",Drainage Shaft Install,Construction,Central,Road and Sidewalk,POINT (-113.5212753027275 53.54631638846449)
853,,"Sep 08, 2025","Sep 18, 2025",Current,68A Street; 96A Avenue - 67A Street,68A STREET NW,96A AVENUE NW,97 AVENUE NW,Total Closure,11 Days,"68A Street total closure; 96A Avenue to 67A Street from September 08 - Sept 18, 2025, road construction. Please follow detour signage.",Road Construction,Construction,Southeast,Road and Sidewalk,POINT (-113.4341456955727 53.53506509828424)
175,,"May 08, 2025","May 09, 2025",Complete,Single Lane Closure Eastbound,Whitemud Drive NW,170 Street NW,159 Street NW,Travel Delays,1 Night,Night work (10pm - 6am) only. Whitemud Drive Eastbound from 170st to 159st will be reduced to a single lane due to a street light repair. Expect travel delays.,Street Light Repair,Construction,Southwest,Road,POINT (-113.5966398521809 53.51188926851636)
602,,"Aug 08, 2025","Aug 11, 2025",Current,107 St NB Left turn to Yellowhead Trail WB,107 Street NW,Yellowhead Trail,,Total Closure,Friday 10PM to Monday 6AM,107 Street Northbound to Yellowhead Trail Westbound double left turn will be closed while utility work on Yellowhead Trail crosses 107 St intersection. Detour using 97 Street,Yellowhead Tr Freeway Program,Construction,Northeast,Road,POINT (-113.50547563243887 53.581336959825904)
346,,"Jun 23, 2025","Jul 03, 2025",Complete,Southbound 114 Street Lane Closure,114 Street NW,83 Avenue NW,82 Avenue NW,Travel Delays,10 Days,Starting June 23 @ 19:00 Southbound 114 Street will be reduced to a single lane of traffic. The west turn bay and west travel lane will be closed at University Ave. Use other routes.,LRT Track Repair,Construction,Central,Road,POINT (-113.52573153147793 53.51650838978877)
360,,"Jun 23, 2025","Oct 24, 2025",Current,170 St Reduced to a Single per direction,170 Street SW,Windermere Boulevard SW,Ellerslie Road SW,Travel Delays,4 Months,Starts June 23rd. 170 St SW from Windermere Blvd to Ellerslie Rd will be reduced to a single lane per directions due to road construction. Expect travel delays.,Road Construction,Construction,Southwest,Road,POINT (-113.61336578876914 53.43692313936926)
205,,"May 12, 2025","May 19, 2025",Cancelled,Road Closure,University Avenue NW,110 Street NW,109 Street NW,Total Closure,7  Days,University Avenue will be closed between 110 street and 109 street.,Construction,Construction,Central,Road,POINT (-113.5150157999271 53.51457482020287)
49,,"Mar 20, 2025","Mar 28, 2025",Complete,Lane Closures on 170 St and SPR,170 Street NW,100 Avenue NW,Stony Plain Road,Travel Delays,1 Week,170 St will be reduced to 4 lane NB from 100 Av to Stony Plain Road. Stony Plain Rd will be reduced to 3 lanes WB from 170 St NB to 170 St SB. Use other routes.,Telecom Install,Construction,Northwest,Road,POINT (-113.61465858547055 53.53928717331692)
132,,"May 07, 2025","May 08, 2025",Complete,High Level Bridge Closures,109 Street NW,97 Avenue NW,88 Avenue NW,Total Closure,1 Night: 9:30pm - 6am,"On the night of May 07, the High Level Bridge will be closed to traffic between 9:30pm and 6am including the east sidewalk.",Bridge Maintenance,Construction,Central,Road and Sidewalk,POINT (-113.51206944227012 53.52385132619415)
201,,"May 12, 2025","Aug 13, 2025",Complete,Single lane closure Southbound,Winterburn Road NW,Glastonbury Boulevard NW,Whitemud Drive NW,Travel Delays,3 Months,Starts May 12th. Winterburn Road Southbound will be reduced to 1 lane at South West Granville Crossing. Southbound through traffic to use left turning lane. Southbound left turns will be ban. Expect travel delays.,Road Construction,Construction,Southwest,Road,POINT (-113.68884992169761 53.51220722381713)
823,,"Sep 11, 2025","Sep 22, 2025",Current,116 St Delays,116 Street NW,Jasper Avenue NW,,Travel Delays,12 Days,"Starting at~4am on Sep 11th, 116 St will be reduced to a single lane with shared through and left turns in each direction . Northbound will be unchanged from the previous TDN 574, while Southbound will see an additional through lane closed.",Road Construction,Construction,Central,Road and Sidewalk,POINT (-113.52755715870941 53.52467556860147)
191,,"May 05, 2025","May 05, 2025",Complete,Traffic Incident,WHITEMUD DRIVE NW,FOX DRIVE NW,,Traffic Incident Delays,Unknown,"Traffic Incident Whitemud Drive eastbound - Fox Drive, left lane blocked.",Traffic Incident,Traffic Incident,Southwest,Road,POINT (-113.5304417803415 53.493770973792785)
152,,"May 05, 2025","May 07, 2025",Complete,149A Ave; 89 St-89A St (Total Closure),149A Avenue NW,89 Street NW,89A Street NW,Total Closure,3 Days (24/7),"149A Ave from 89 St to 89A St will be closed to vehicle traffic. Please use other
routes.",DRAINAGE REPAIR REPLACE,Construction,Northeast,Road,POINT (-113.47693124915476 53.61048581965811)
303,,"Jun 06, 2025","Jun 16, 2025",Current,Ottewell Road utility work,Ottewell Road,94 Avenue,94B Avenue,Total Closure,11 Days,"Ottewell Road will be closed from 94 Av to 94B Av from June 6, 2025 to June 16, 2025.",Epcor Drainage installation,Construction,Southeast,Road and Sidewalk,POINT (-113.4345628496376 53.530746205089066)
6,,"Mar 04, 2025","Apr 18, 2025",Complete,"108 St Closed, Jasper Ave - 80m S/O Jasper Ave",108 Street NW,Jasper Avenue NW,100 Avenue NW,Total Closure,1.5 Months,"108 St closed from Jasper Ave to approx. 80m south of Jasper Ave, South crosswalk closed at Jasper Ave/108 St intersection, Access to and from alley south of Jasper Ave closed at 108 St.",Gas Repair,Construction,Central,Road,POINT (-113.50659617479108 53.54093118360785)
667,,"Sep 25, 2025","Oct 09, 2025",Current,154 St Closure,154 Street NW,107 Avenue NW,108 Avenue NW,Total Closure,2 Weeks,154 St will be closed from 107 Av to 108 Av. Use other routes.,Drainage Repairs,Construction,Northwest,Road,POINT (-113.58686623313085 53.551053715019904)
164,,"May 01, 2025","May 02, 2025",Complete,Three Lane Closure,Gateway Boulevard NW,58 Avenue NW,63 Avenue NW,Major Delays,22:00 - 6:00 am,Gateway Boulevard will be reduced one lane between 58 Avenue and 63 Avenue.,Construction,Construction,Central,Road,POINT (-113.49197201340453 53.495137119945085)
40,,"Mar 11, 2024","Aug 31, 2025",Complete,"Road, Sidewalk, and Bicycle Lane Closure",99 Street NW,102A Avenue NW,103A Avenue NW,Total Closure,,"99 St, 102A Av - City Hall Parkade closed due to pedway construction. 102A Av WBD, East of 99 St also closed. Bike lane closed. West sidewalk closed. Cyclists and peds must use the temporary SUP on the east sidewalk.",Pedway Construction,Construction,Central,Road and Sidewalk,POINT (-113.48916245648303 53.544555621776915)
318,,"Jun 10, 2025","Jun 10, 2025",Complete,Lane Closure,Gateway Boulevard NW,76 Avenue NW,80 Avenue NW,Major Delays,9:30PM-1:30AM,Gateway Boulevard will be reduced two lanes between 76 Avenue and 80 Avenue during 9:30 pm - 1:30 am,Construction,Construction,Central,Road and Sidewalk,POINT (-113.4946246519576 53.516126038173965)
250,,"May 30, 2025","May 30, 2025",Complete,"Closed: 78 Ave , 99 St - 100 St & 100 St at 78 Ave",78 Avenue NW,99 Street NW,100 Street NW,Total Closure,12 p.m. - Midnight,"Beginning at 12pm on May 30, 78 Ave will be closed from 99 St to 100 St and 100 St will be closed at the alley north and south of 78 Ave for the Grand Night Market Special Event.",Grand Night Market,Special Event,Central,Road,POINT (-113.48612628345525 53.514210803198644)
78,,"Apr 10, 2025","Apr 10, 2025",Complete,"Free Play Explores, Special Event",99 Street NW,102A Avenue NW,102 Avenue NW,Total Closure,1 Day (14:00 - 18:00),99 Street from 102A Avenue to 102 Avenue will be closed for the Free Play Explores Special Event on April 10th from 14:00 to 18:00. Sidewalk and bike lane will be maintained.,Special Event,Special Event,Central,Road,POINT (-113.48916245648303 53.544555621776915)
350,,"Jun 21, 2025","Jun 22, 2025",Complete,Sugar Boddy Classic Criterium Race,81 Avenue NW,156 Street NW,158 Street NW,Total Closure,2 Days (Sat / Sun),"Total closure of the following to accommodate the Sugar Boddy Classic Criterium. 81Av, 156 St - 158 St; 158 St, 81 Av - 79A Av; 157A St, 79A Av - 80 Av; 80 Av, 156 St - 157A St.",Special Event,Special Event,Central,Road,POINT (-113.59034463340403 53.514935877500996)
683,,"Aug 20, 2025","Sep 03, 2025",Current,Total closure in front of 11818 -37 STREET from 118 ave to 119 ave,37 Street,118 Ave,119 Ave,Total Closure,13 days,Total closure in front of 11818 -37 STREET from 118 ave to 119 ave. Detour on 38 street.,DRAINAGE REPAIR REPLACE,Construction,Northeast,Road and Sidewalk,POINT (-113.39840449148537 53.570370147982196)
291,,"Jun 05, 2025","Jun 06, 2025",Complete,167 St; 91 Ave-92A Ave,167 Street NW,91 Avenue NW,92A Avenue,Total Closure,2 Days (9am-3:30pm),167 St will be closed in front of (9122) between 91 Ave and 92A Ave to vehicle traffic. Please use other routes.,GRINDING & PAVING,Construction,Northwest,Road,POINT (-113.6110629640134 53.52613815240535)
474,,"Jul 05, 2025","Jul 06, 2025",Complete,111 Street Total Closure,111 Street NW,82 Avenue NW,83 Avenue NW,Total Closure,2 Days,111 Street from 83 Ave - 82 Ave will be closed on July 5th & 6th. Building parkade access will remain open during construction. Use other routes.,Drainage Install,Construction,Central,Road,POINT (-113.5178213453063 53.518110742891764)
178,,"May 18, 2025","May 18, 2025",Complete,Vaisakhi Nagar (Sikh Parade),Mill Woods Road East NW,Mill Woods Road South NW,26 Avenue NW,Total Closure,1 day,"Mill Woods Rd South and Mill Woods Rd East will be closed in stages for the Vaisakhi Nagar Parade. 
23 Av will experience a closure when the parade crosses between 12:00 - 13:00 hr.",Special Event Parade,Special Event,Southeast,Road,POINT (-113.4084562769306 53.45768828049046)
361,,"Jul 01, 2025","Jul 02, 2025",Complete,99 Avenue Closure,99 Avenue NW,107 Street NW,109 Street NW,Total Closure,July 1 at 6am - July 2 at 1am,"Total closure of 99 Av from the lane East of 109 St to 107 St to accommodate
Canada Day at the Alberta Legislature.",Canada Day at Alberta Leg,Special Event,Central,Road,POINT (-113.50477383004673 53.53725707805055)
460,,"Jul 05, 2025","Jul 09, 2025",Complete,118 AV Eastbound Lane Closure,118 Avenue NW,91 Street NW,90 Street NW,Increased Travel Time,Two Days,118 AV eastbound will be reduced to a single lane. No access to 90 ST south of 118 AV; no thru traffic on 90 ST south of 118 AV to 118 AV. Detour using other routes.,Sewer Maintenance,Construction,Central,Road,POINT (-113.48122587543607 53.57038681449613)
373,,"Jun 27, 2025","Jun 27, 2025",Complete,102 St total closure,102 Street NW,Jasper Avenue NW,102 Avenue NW,Total Closure,1 day (9am - 3:30pm),102 St from 102 Ave south 50m will be total closed for 1 day between 9am - 3:30pm. Use 103 St or 101 St for detour. East sidewalk will be closed. All parkades on 102 St accessible from Jasper Ave,Building Maintenance,Construction,Central,Road and Sidewalk,POINT (-113.49556974628355 53.540931215120395)
561,,"Jul 27, 2025","Aug 11, 2025",Complete,WMD Reduced to a single lane per direction,Whitemud Drive NW,122 Street NW,Terwillegar Drive NW,Major Delays,2 Weeks,Nightly from 9pm - 6am (9am on the weekends). Whitemud Drive will be reduced to a single lane per direction due to bridge construction. Expect major delays.,Bridge Construction,Construction,Southwest,Road,POINT (-113.5708197261924 53.48248635019089)
671,,"Aug 22, 2025","Sep 05, 2025",Current,184 St Reduced to 1 Lane NB,184 Street NW,105 Avenue NW,107 Avenue NW,Travel Delays,2 Weeks,184 St will be reduced to 1 lane NB from South of 107 Av to 107 Av. The east sidewalk will be closed as well. Use other routes.,Emergency Drainage Repair,Construction,Northwest,Road and Sidewalk,POINT (-113.63982939113912 53.54859772775772)
56,,"Apr 01, 2025","Apr 01, 2025",Complete,98 AV Traffic circle Lane Closure,98 Avenue NW,82 Street NW,94 Street NW,Increased Travel Time,9 am - 3:30 pm,"Traffic circle at 98 Avenue and 84 Street will be reduced to a single lane. Additionally, 98 Avenue will have one lane closed in each direction between 82 Street and 94 Street. These lane reductions will be in effect from 09:00 to 15:30hrs",Drainage Maintenance,Construction,Central,Road,POINT (-113.47160281174514 53.5380901592866)
129,,"Apr 15, 2025","Apr 15, 2025",Complete,Traffic Incident,WHITEMUD DRIVE NW,53 AVENUE NW,,Traffic Incident Delays,Unknown,Traffic Incident Whitemud Drive eastbound - beyond 53 Ave.,Traffic Incident,Traffic Incident,Southwest,Road,POINT (-113.5304417803415 53.493770973792785)
299,,"Jun 11, 2025","Jun 30, 2025",Complete,Baturyn Rehab Stage 4,100 Street NW,171 Avenue NW,101 Street NW,Total Closure,Two Weeks,100 St from the North side of 171 Ave to the East side of 101 St will be closed. Pedestrian access will be maintained. Detour using 109 St and 172 Ave.,Collector Rehab,Construction,Northeast,Road,POINT (-113.49626077923593 53.63289615807137)
539,,"Jul 22, 2025","Jul 26, 2025",Complete,Lane Closure,51 Avenue NW,99 Street NW,Gateway Boulevard NW,Travel Delays,4 Days,Westbound 51 Avenue will be reduced one lane between 99 Street and Gateway Boulveard.,Construction,Construction,Central,Road and Sidewalk,POINT (-113.49185093360715 53.488195976395644)
572,,"Aug 09, 2025","Aug 09, 2025",Complete,Jasper Ave Closure,Jasper Avenue NW,100 Street NW,109 Street NW,Total Closure,Sat. Aug 9 (11am - 2pm),"Jasper Av, 100 St - 109 St will be totally closed as part of the Cariwest Parade route. No parking permitted. Vehicles will be tagged and towed.",Cariwest Parade,Special Event,Central,Road,POINT (-113.49003537681858 53.54117078851361)
251,,"May 28, 2025","Oct 30, 2025",Current,Saskatchewan Dr Reduced To a Single Lane,Saskatchewan Drive NW,109 Street NW,104 Street NW,Travel Delays,5 Months,Starting May 28 Saskatchewan Dr from 109 st - 104 st will be redued to a single lane of traffic to accommodate Summer Street. Speeds reduced to 40km/hr.,Saskatchewan Dr Summer Street,Special Event,Central,Road,POINT (-113.51185838326633 53.52408134650435)
143,,"May 27, 2025","Jun 04, 2025",Complete,Baturyn Rehab Stage 2,100 Street NW,168 Avenue NW,169 Avenue NW,Total Closure,Two Weeks,100 St from the North side of 168 Ave to the South half of 169 Ave will be closed. Pedestrian access will be maintained. Detour using 109 St and 172 Ave,Collector Rehab,Construction,Northeast,Road,POINT (-113.4984128359827 53.630017196999084)
239,,"May 27, 2025","Jun 12, 2025",Complete,165 Street Closure,165 Street NW,97 Avenue NW,99 Avenue NW,Total Closure,2 Weeks,165 St will be closed from May 27 to June 12. Use other routes.,Emergency Drainage Repair,Construction,Northwest,Road,POINT (-113.60597947269184 53.53492346265587)
364,,"Jun 18, 2025","Jul 11, 2025",Complete,Road Closure,76 Street NW,105 Avenue NW,106 Avenue NW,Total Closure,24 Days,76 Street will be closed between 106 Avenue and 105 Avenue. 105 Avenue will be closed between 77 Street and 76 Street. East bound 106 Avenue will be reduced one lane between 76 Street and 75 street,Construction,Construction,Central,Road and Sidewalk,POINT (-113.44456768266662 53.547940471500674)
67,,"Apr 08, 2025","Apr 09, 2025",Complete,Sask. DR Westbound Closure,Saskatchewan Drive NW,99 Street NW,Queen Elizabeth Park Road NW,Directional Closure,One Night,"Sask DR westbound, 99 ST - QEPR closed to vehicle traffic. Detour using other routes.",Drainage Inspection/Repairs,Construction,Central,Road,POINT (-113.4935585708168 53.52418933310096)
820,,"Sep 08, 2025","Nov 15, 2025",Current,115 St Closure,115 Street NW,Jasper Avenue NW,,Total Closure,10 Weeks,115 St will be closed in both direcitons at the south side of Jasper Av. Use other routes.,Road Construction,Construction,Central,Road and Sidewalk,POINT (-113.51946289012776 53.5409417594192)
503,,"Jul 18, 2025","Jul 27, 2025",Complete,Borden Park Rd Closure,Borden Park Road NW,73 Street NW,79 Street NW,Total Closure,10 Days,"Intermittent closure of Borden Park Rd, 73 St - 79 St; 73 St, 112 Ave - Borden Park Rd & 79 St, 113 Ave - 115 Ave for load in/out & event days. Local traffic access to the pool & tennis court maintained via 79 St - 112 Ave. Special event - K Days.",Special Event,Special Event,Central,Road,POINT (-113.45051388084218 53.56421978749676)
804,,"Sep 16, 2025","Sep 16, 2025",Current,123 St Closure,123 Street NW,102 Avenue NW,Jasper Avenue NW,Total Closure,One Day,"123 St from 102 Ave to 65 meters south (the area immediately in front of ""TheCobalt"" building, will be closed in both directions. Use 122 St or 124 St fordetour",Crane Lift,Construction,Central,Road and Sidewalk,POINT (-113.53412815221492 53.54301657658639)
564,,"Aug 05, 2025","Aug 14, 2025",Revised,Baturyn Rehab Stage 8,109 Street NW,172 Avenue NW,171 Avenue NW,Total Closure,Two Weeks,109 St from 172 Ave to the North side of 171 Ave will be closed. Pedestrian access will be maintained. Detour using 100 St or 109 St.,Collector Rehab,Construction,Northeast,Road,POINT (-113.51085183045555 53.63333817448863)
812,,"Sep 06, 2025","Sep 08, 2025",Complete,102 St Closure,102 Street NW,MacDonald Drive NW,Jasper Avenue NW,Total Closure,Sat at 7am - Mon at 6am,102 St closed from MacDonald Dr to north of MacDonald Dr. Local access maintained via Jasper Ave - 102 St. Special Event. Detour using other route.,Special Event - Purple City Music Fest 2025,Special Event,Central,Road,POINT (-113.49555991900645 53.539561228570484)
603,,"Aug 13, 2025","Aug 15, 2025",Complete,Walterdale Bridge Reduced Lanes,Walterdale Hill NW,Fort Hill NW,95 Avenue NW,Travel Delays,2 Nights (9pm - 6am),Walterdale Bridge will be reduced to a single lane of traffic August 13 & 14 from 9pm - 6am. Use other routes.,Bridge Maintenance,Construction,Central,Road,POINT (-113.50548766269038 53.524535034596056)
217,,"Jun 07, 2025","Oct 11, 2025",Current,104 Street Closure,104 Street NW,Jasper Avenue NW,103 Avenue NW,Total Closure,Saturdays (6am-4pm),104 Street from Jasper Avenue to south of 103 Avenue will be closed Saturdays 6am - 4pm. Detour using other route.,Downtown Farmer's Market,Special Event,Central,Road,POINT (-113.49923776822413 53.54460627750803)
654,,"Sep 07, 2025","Sep 07, 2025",Current,101 ST Traffic Split,101 Street NW,103 Avenue NW,102 Avenue NW,Increased Travel Time,One Day,101 ST southbound reduced to a single lane.,Sign Maintenance,Construction,Central,Road,POINT (-113.49397662037548 53.54478955312297)
703,,"Aug 26, 2025","Oct 31, 2025",Current,Left Turns will be banned on Jasper Avenue at 116 street,Jasper Avenue NW,116 Street NW,,Increased Travel Time,Two Months,"Left Turns will be banned on Jasper Avenue at 116 street, please use 109, 111, 121 streets as alternative routes",Construction,Construction,Central,Road,POINT (-113.52132063434321 53.54094139539932)
639,,"Aug 18, 2025","Sep 12, 2025",Current,101 Street lane closures,101 Street NW,108 Avenue NW,111 Avenue NW,Travel Delays,4 weeks,"111 St from 108 Ave - 111 Ave will have single lane closures during 22:00 hrs - 06:00 hrs. No left turns on 108 Ave, Kingway, and 110 Ave for both directions. No Left Turn on 110A Ave from 101 St southbound.",Drainage Trunk Maintenance,Construction,Central,Road,POINT (-113.49367944526267 53.558895942568334)
529,,"Jul 19, 2025","Jul 26, 2025",Complete,97 ST Lane Closures,97 Street NW,118 Avenue NW,124 Avenue NW,Increased Travel Time,One Week,97 ST northbound and southbound alternating lane closures during off-peak hours (09:00-15:30hrs).,Drainage repairs,Construction,Central,Road,POINT (-113.49203430163989 53.57038968237327)
835,,"Sep 06, 2025","Sep 07, 2025",Complete,82 Avenue Traffic Split,82 Avenue NW,111 Street NW,112 Street NW,Travel Delays,1 Night(9pm - 9am),Westbound lanes on 82 Ave from 111 St - 112 will be closed and two-way traffic maintained on the eastbound lanes. The north sidewalk will be closed and pedestrians detoured. Use other routes.,Crane Lift,Construction,Central,Road and Sidewalk,POINT (-113.5178213453063 53.518110742891764)
583,,"Aug 09, 2025","Aug 10, 2025",Complete,83 Ave Total Closure,83 Avenue NW,112 Street NW,111 Street NW,Total Closure,1 Night (9pm - 9am),83 Avenue from 112 St - 111 St will be closed to complete a crane lift. The south sidewalk will be closed and detoured. Use other routes.,Crane Lift,Construction,Central,Road and Sidewalk,POINT (-113.5208061227842 53.51957939618755)
781,,"Sep 05, 2025","Sep 08, 2025",Complete,118 Ave Closure,118 Avenue NW,90 Street NW,95 Street NW,Total Closure,Fr at 9am - Mon at 6am,"Total closure of 118 Av, 95 St - 93 St to accommodate the Kaleido Family Arts Festival. 92 St, 118 Av - 119 Av and 93 St, 119 Av to Lane S/O 119 Av will also be closed. Detour using other route",Special Event - Kaleido Family Arts Festival,Special Event,Central,Road,POINT (-113.4872854607074 53.57038959361365)
550,,"Jul 21, 2025","Aug 29, 2025",Complete,Northbound Right Turning Lane Closure,159 Street NW,Whitemud Drive NW,78 Avenue NW,Travel Delays,2 Months,Starts July 21 @ 9am. The northbound 159st right turn bay to Whitmeud Eastbound turnbay will be closed due to bridge construction. Right turns permitted at the intersection. Expect travel delays.,Bridge Repair,Construction,Southwest,Road,POINT (-113.5966398521809 53.51188926851636)
797,,"Aug 28, 2025","Sep 25, 2025",Current,92 St total closure,92 Street NW,105A Avenue NW,107A Avenue NW,Total Closure,1 month,92 St will be total closed. Use 95 St or 82 St as detour.,Road reconstruction,Construction,Central,Road and Sidewalk,POINT (-113.47925802356895 53.55473524169338)
697,,"Aug 20, 2025","Aug 21, 2025",Complete,98A St; 93 Ave-93A Ave Total Closure,98A Street NW,93 Avenue NW,93A Avenue NW,Total Closure,1 night,98A St will be totally closed to vehicle traffic from 93 Ave to 93A Ave. Please use other routes.,Paving,Construction,Central,Road,POINT (-113.48427537271057 53.52825922664779)
198,,"May 16, 2025","May 20, 2025",Complete,Intersection Total Closure,111 Avenue NW,105 Street NW,106 Street NW,Total Closure,5 Days,"Total closure of 111 Avenue; 105 Street to 106 Street, for LRT Crossing Replacement work. Starts May 16th at 18:30. Sidewalk and crosswalks will be affected, pedestrain detour will be in place. Please use other routes.",LRT Crossing Replacement,Construction,Central,Road and Sidewalk,POINT (-113.50105662474297 53.558908021307765)
172,,"May 27, 2025","May 27, 2025",Complete,"104 Ave (Travel Delays/Closures), 101 St - 105 St",104 Avenue NW,101 Street NW,105 Street NW,Travel Delays,1 Night (4pm - Midnight),"(4pm - 9pm) Travel delays on 104 Ave, 101 St - 105 St due to lane reductions, (9pm - Midnight) closure of 104 Ave, 101 St - 105 St with ETS access maintianed. Please use other routes.",Special Event,Special Event,Central,Road,POINT (-113.5010725747498 53.54621788419007)
873,,"Sep 15, 2025","Sep 25, 2025",Current,Whitemud Dr EB reduced to a single lane,Whitemud Drive NW,Fox Drive NW,Terwillegar Drive NW,Major Delays,10 Nights,Nightly from 9pm - 6am. Whitemud Dr EB will be reduced to a single lane from Fox Dr to Terwillegar Dr. Expect major delays.,Milling and Paving,Construction,Southwest,Road,POINT (-113.56559641293937 53.502879927141066)
613,,"Aug 08, 2025","Aug 30, 2025",Complete,88 Ave; 95 St-96 St Total Closure,88 Avenue NW,95 Street NW,96 Street NW,Total Closure,23 Days (24/7),88 Ave to be totally closed from 95 St to 60m West of 95 St.,WATER LINE INSTALL,Construction,Central,Road,POINT (-113.47308980473078 53.52349618537491)
226,,"May 27, 2025","Jun 23, 2025",Complete,149 St Eastbound Ramp Closed,149 Street NW,Whitemud Drive NW,,Total Closure,18 Nights,"May 27th - 30th, June 6th - 16th & June 18th - 23rd Nightly from 10pm - 6am. 149 St to Whitemud Dr Ramp Eastbound will be closed due to bridge Maintenance. Follow detour route.",Bridge Maintenance,Construction,,Road,POINT (-113.57844844539895 53.550321950782795)
138,,"Apr 28, 2025","Nov 14, 2025",Current,Full time speed reduction,Maskêkosihk Trail NW,Winterburn Road NW,Uplands Boulevard NW,Travel Delays,6 Months,Starts April 28th. Maskêkosihk Trail from Winterburn Rd to Uplands Blvd will have a full time speed reduction and periodic single lane clousres. Expect travel delays.,Road Construction,Construction,Southwest,Road,POINT (-113.65869410456763 53.45526893094848)
21,,"Apr 01, 2025","May 09, 2025",Complete,"EB 127 Ave, 90 St-85 St",127 Avenue NW,90 Street NW,85 Street NW,Directional Closure,1 Month (24/7),Eastbound 127 Ave to be closed from 90 St to 85 St. Westbound 127 Ave to be reduced to a single lane from 85 St to 90 St. Please use other routes.,DRAINAGE REPAIR REPLACE,Construction,Northeast,Road,POINT (-113.47965521851727 53.584846513149024)
26,,"Jun 01, 2023","Nov 14, 2025",Current,111 St NB Lane Closure,111 Street NW,29A Avenue NW,34 Avenue NW,Travel Delays,Long Term Drainage Project,"Starts Thurs, June 1st at 9am. 111 St NB at 29A Av will be reduced to a single lane. The WB 29A Av to NB 111 St Right turn bay will be closed with Right turns banned on red lights. The East crosswalk will be closed with a pedestrian detour in place.",Drainage Shaft,Construction,Southwest,Road and Sidewalk,POINT (-113.51634322270183 53.465892070905994)
415,,"Jul 01, 2025","Jul 01, 2025",Complete,Saskatchewan Dr Closure,Saskatchewan Drive,116 Street NW,111 Street NW,Total Closure,7:00am - 9:00am,"Total closure of Saskatchewan Dr, 111 St - 116 St to accommodate the Canada Day Road Race.",Canada Day Road Race,Construction,Central,Road,POINT (-113.51772413845032 53.526579230602195)
105,,"Apr 14, 2025","Jul 07, 2025",Current,118 Street Closure,118 Street NW,104 Avenue NW,103 Avenue NW,Total Closure,3 Months,"Total closure of 118 St on the south side of 104 Ave. 
For more information, visit marigoldinfra.ca/current-construction-notices/ or Edmonton.ca/projects_plans/transit/valley-line-west",West LRT Construction,Construction,Central,Road and Sidewalk,POINT (-113.52497484601629 53.546214867479605)
579,,"Aug 13, 2025","Aug 14, 2025",Complete,#1 Single lane closure,Whitemud Drive NW,Fox Drive NW,149 Street NW,Travel Delays,2 Days,Aug 13th & 14th  from 9am - 3pm only. #1 Northbound lane closure on Whitemud Drive from Fox Dr - 149 St due to a Pump station Inspection. Speed reduced accordingly. Expect travel delays.,Pump Station Inspection,Construction,Southwest,Road,POINT (-113.56559641293937 53.502879927141066)
387,,"Jul 02, 2025","Nov 30, 2025",Current,231 St Closed,231 Street NW,Secord Road,Rosenthal Boulevard,Total Closure,5 Months,231 St will be closed from July 2 to November 30. Use other routes.,Road Rehab,Construction,Northwest,Road,POINT (-113.71342142501427 53.53228348949716)
257,,"May 29, 2025","May 29, 2025",Complete,,Whitemud Drive NW,53 Avenue NW,,Traffic Incident Delays,Unknown,Traffic Incident Whitemud Drive eastbound - before 53 Ave. Right lane blocked,Traffic Incident,Traffic Incident,,Road,POINT (-113.5304417803415 53.493770973792785)
859,,"Sep 15, 2025","Sep 15, 2025",Current,103 ST Northbound Closure,103 Street NW,100 Avenue NW,Jasper Avenue NW,Directional Closure,One Night,103 ST northbound closed to vehicles between the hours of 21:00-06:00hrs. Local access will be maintained.,Drainage Repairs,Construction,Central,Road,POINT (-113.49738338079794 53.53882879982644)
195,,"May 14, 2025","May 31, 2025",Complete,EB Directional Closure - 100 Ave; 112 St to 113 St,100 Avenue NW,112 Street NW,113 Street NW,Directional Closure,18 Days,"Eastbound directional closure of 100 Ave from 112 St to 113 Street, from May 14th to May 31 for Power Install work. Directional Closure only to be in place during off peak hours. North Sidewalk closure in place for the duration of work.",Power Install,Construction,Central,Road and Sidewalk,POINT (-113.51395010086831 53.53885676803797)
46,,"Apr 17, 2025","Apr 21, 2025",Complete,Turning lane closures,Ellerslie Road SW,141 Street SW,,Travel Delays,4 Days,April 17th at 7pm to April 21st at 6am. 141st Northbound to Ellerslie Rd Eastbound right turning lane closed. Ellerslie Rd Westbound to 141st Southbound left turning lane closed. All turning movements at intersection still maintianed. Expect delays.,Gas Line Install,Construction,Southwest,Road and Sidewalk,POINT (-113.51100764515448 53.424726637541696)
282,,"Jun 29, 2025","Jul 16, 2025",Complete,Dovercourt Av Closed,Dovercourt Avenue,135 Street NW,122 Avenue NW,Total Closure,2.5 Weeks,Dovercourt Av will be closed from 135 St to approximately 30m west of 135 St. Use other routes.,Raised Crosswalk Construction,Construction,Northwest,Road,POINT (-113.5575125974665 53.57605883115949)
125,,"Apr 30, 2025","May 06, 2025",Complete,WMD SB to TWD SB Ramp closure,Whitemud Drive NW,Terwillegar Drive NW,,Total Closure,5 Nights,"April 30, and May 2, 3, 4, and 5 nightly from 9pm - 6am. Whitemud Dr SB  to Terwillegar Dr SB ramp will be closed. Follow detour route.",Girder Erection,Construction,Southwest,Road,POINT (-113.5708197261924 53.48248635019089)
267,,"Jun 07, 2025","Jun 09, 2025",Complete,98 Street; 107 Av to 107 Av - Closure,98 Street NW,107 Avenue NW,106 Avenue NW,Total Closure,3 Days,98 Street from 107 Avenue to 106 Avenue closed due to a special event.,Special Event - Van bLoc Party,Special Event,Central,Road,POINT (-113.49066052456625 53.55158389209391)
487,,"Jul 14, 2025","Jul 21, 2025",Complete,99A St; 9638 99A St-Scona Rd Total Closure,99A Street NW,96 Avenue NW,Scona Road NW,Total Closure,8 Days,99A street will be closed between 9638 99A St to Scona Rd from 19:00 to 06:00 nightly.,SEWER MAINTENANCE,Construction,Central,Road,POINT (-113.48538527430948 53.5343836195114)
442,,"Jun 27, 2025","Jun 27, 2025",Complete,Traffic Incident,WHITEMUD DRIVE NW,149 STREET NW,,Traffic Incident Delays,Unknown,Traffic Incident Whitemud Srive westbound - near 149 St.,Traffic Incident,Traffic Incident,Southwest,Road,POINT (-113.57854280027952 53.51363442866546)
286,,"Jun 07, 2025","Jun 18, 2025",Complete,106A Ave Closure,106A Avenue NW,92 Street NW,85 Street NW,Total Closure,1.5 weeks,106A Ave closed from 92 Street to 30m east. South sidewalk closed. Pedestrian detour using north sidewalk.,Water Work,Construction,Central,Road and Sidewalk,POINT (-113.47813794400504 53.55299228464243)
181,,"May 02, 2025","Jun 04, 2025",Complete,72 Street Closure,72 Street NW,87 Avenue NW,88 Avenue NW,Total Closure,5 Weeks,72 St will be closed with Local Access only.,Drainage Utility Installations,Construction,Southeast,Road and Sidewalk,POINT (-113.438298169537 53.52208675026713)
559,,"Jul 11, 2025","Aug 05, 2025",Complete,Baturyn Rehab Stage 6 and 7,172 Avenue NW,103 Street NW,106 Street NW,Total Closure,Three Weeks,172 Ave from the West side of 103 St to the East side of 106 St will be closed. Pedestrian access will be maintained. Detour using 100 St or 109 St.,Collector Rehab,Construction,Northeast,Road,POINT (-113.50122408347914 53.633749016130636)
16,,"Dec 04, 2024","May 09, 2025",Complete,Eastbound 127 Ave Reduced to One Lane,127 Avenue NW,87 Street NW,85 Street NW,Travel Delays,5 Months,Eastbound 127 Ave reduced to one inside lane. Sidewalk open at a reduced width.,Utility Repair,Construction,Northeast,Road and Sidewalk,POINT (-113.47441758591191 53.58482710788882)
90,,"Apr 14, 2025","Apr 22, 2025",Complete,82 AV Traffic Split,82 Avenue NW,98 Street NW,96 Street NW,Increased Travel Time,9 Days,Road segment reduced to a single lane in each direction and split to the north side.,Water Install,Construction,Central,Road,POINT (-113.47667993465969 53.518040247503045)
110,,"Apr 17, 2025","Nov 30, 2025",Current,109 St-104 Av Lane Reductions/Turn Bans,109 Street NW,104 Avenue NW,,Travel Delays,7.5 Months,"109 St reduced to 2 lanes each way. Left turns banned for SB, EB, and WB. 104 Av reduced to 1 lane each way.
For more information, visit marigoldinfra.ca/current-construction-notices/ or Edmonton.ca/projects_plans/transit/valley-line-west",West LRT Construction,Construction,Central,Road and Sidewalk,POINT (-113.5084285917609 53.54622882225017)
574,,"Jul 31, 2025","Sep 10, 2025",Current,116 St Delays,116 Street NW,Jasper Avenue NW,,Travel Delays,6 Weeks,"At Jasper Av: Northbound 116 St will be reduced to a single, shared through and left turn lane and Southbound 116 St dedicated left turn lane is closed (two thru lanes are open with left turns permitted from adjacent lane)   Expect Delays. Use 121 St of 109 St to detour.",Road Rehab,Construction,Southeast,Road and Sidewalk,POINT (-113.52755715870941 53.52467556860147)
515,,"Jul 19, 2025","Jul 20, 2025",Complete,83 Avenue; 104 St to Gateway Blvd Closure,83 Avenue NW,Gateway Boulevard NW,104 Street NW,Total Closure,2 Days,83 Avenue between Gateway Boulevard and 104 Street will be closed daily from 07:00 to 17:00 for a Special Event,Special Event,Special Event,Central,Road,POINT (-113.49506609898567 53.51905985022891)
23,,"Jun 20, 2022","Jun 20, 2026",Current,WLRT Construction,Stony Plain Road NW,139 Street NW,157 Street NW,Travel Delays,Long Term Project,"Stony Plain Rd, from 139 St - 157 St, and 149 St, from 100 Av - 102 Av,
will be reduced to 1 lane in each direction for LRT construction work.
Use other routes. Various sidewalk closures will also be required for this
and pedestrians will be detoured",WLRT Construction,Construction,Northwest,Road and Sidewalk,POINT (-113.5920806553219 53.54129416446347)
61,,"Feb 12, 2024","Aug 10, 2025",Complete,Rainbow Valley Bridge Work,Whitemud Drive,53 Avenue,122 Street,Increased Travel Time,Long term Project,Traffic is split over the south bridge deck of Rainbow Valley Bridge.  Two lanes will be maintained through the construction zone.,Terwillegar Dr Proj Stage 2,Construction,Southwest,Road,POINT (-113.57201214645684 53.490407577573094)
662,,"Aug 20, 2025","Aug 21, 2025",Current,109 Street High Level Bridge Detour,109 Street NW,97 Avenue NW,,Total Closure,One Night,"Wednesday August 20th, 9pm to 6am, the east access to High Level Bridge, will be closed. Follow the marked detour to the west access.",Construction,Construction,Central,Road,POINT (-113.5103202004725 53.52765147616023)
150,,"May 01, 2025","May 02, 2025",Complete,Yellowhead Trail Lane reductions and closure,Yellowhead Trail NW,St Albert Trail NW,149 Street NW,Travel Delays,1 Nihgt (9 pm - 6 am),"Yellowhead Tr WB, St Albert Tr to 149 St will be reduced to a single lane. Between the hours of 1am to 4am there will be up to a 20 minute total closure, Traffic will be detoured over the St Albert Trail Overpass to access Yellowhead Trail WB.",YHT Freeway Conversion,Construction,Northwest,Road,POINT (-113.55691699367259 53.58114638923677)
601,,"Jul 31, 2025","Jul 31, 2025",Complete,Traffic incident,51 AVENUE NW,108A STREET NW,106A STREET NW,Travel Delays,Unknown,"Traffic incident on 51 ave, one lane open for WB traffic and EB lanes blocked. Emergency responders at the scene",Traffic incident,Traffic Incident,Central,Road,POINT (-113.51097174497777 53.48824952538471)
392,,"Jul 17, 2025","Jul 27, 2025",Complete,"139 St Closed, 109 Av closed WB",139 Street NW,109 Avenue NW,109A Avenue NW,Total Closure,11 Days,139 St will be closed at 109 Av and 109 Av will be closed WB starting East of 139 St to 139 St. Use other routes.,Drainage Repairs,Construction,Northwest,Road,POINT (-113.56137286483708 53.55438678525527)
331,,"Jun 17, 2025","Jul 15, 2025",Current,Total Closure,Austin O''Brien Road,57 Street,64 Street,Total Closure,4 Weeks,"Starting June 17, 2025 Austin O'Brien Road will be closed between 57 Street and 64 Street. Please use other routes",Drainage Install,Construction,Southeast,Road and Sidewalk,POINT (-113.42371831870904 53.53690092538892)
790,,"Sep 03, 2025","Sep 05, 2025",Current,50 St Split to East,50 Street NW,121 Avenue NW,118 Avenue NW,Travel Delays,Three Days,50 St split to the East side from South of 118 Ave to South of 121 Ave.,50 St Split to East,Construction,Northeast,Road,POINT (-113.41857448744679 53.57035036835398)
167,,"May 12, 2025","Jun 23, 2025",Complete,"76 Ave Closed, 114 St - 115 St",76 Avenue NW,114 Street NW,115 Street NW,Directional Closure,41 Days,76 Avenue will be closed to westbound traffic between 114 street and 115 street from May 12 - June 23. North bound 115 street will be closed between 76 Avenue and Alley 76 Ave from May 22 and June 23.,Waterline Installation,Construction,Central,Road,POINT (-113.52581887360502 53.512239232119036)
127,,"Apr 25, 2025","Apr 28, 2025",Complete,Terwillegar Dr NB Closure,Terwillegar Drive NW,40 Avenue NW,Whitemud Drive NW,Directional Closure,3 Nights,"April 25, 26, and 27 Nightly from 9pm - 9am. Terwillegar Dr NB will be closed at 40 Ave due to a girder erection. No Whitemud Dr access from Terwillegar Dr NB. Detour using 40ave to Riverbend Rd.",Girder Erection,Construction,Southwest,Road,POINT (-113.5708197261924 53.48248635019089)
236,,"May 24, 2025","May 27, 2025",Complete,113 St Closure,113 Street NW,100 Avenue NW,Jasper Avenue NW,Total Closure,4 Days,113 St and the east sidewalk will be closed from 100 Av to approximately 50m north. Use other routes.,Utility Construction,Construction,Central,Road and Sidewalk,POINT (-113.51578379200838 53.538848187309526)
43,,"Apr 04, 2025","Apr 06, 2025",Complete,"87 Av Reduced to 1 Lane EB, 156 Closed NB",87 Avenue NW,156 Street NW,,Travel Delays,"3 Nights, 2 Days","Starting Friday, April 4 at 9pm, 87 Av will be reduced to 1 lane EB, 1 Lane SB on 156 St and 156 St will be closed NB. Use other routes. Left turns will be banned in all directions in the intersection.",Drainage Repair,Construction,Northwest,Road,POINT (-113.5792153635038 53.52099661643206)
438,,"Jul 03, 2025","Jul 03, 2025",Complete,Filming,Queen Elizabeth Park Road,Saskatchewan Drive,Walterdale Hill,Total Closure,1 hour (12a.m. - 1a.m.),Detour using 99 Street.  Emergency Vehicle and ETS access maintained.,Filming,Special Event,Central,Road,POINT (-113.50261119765074 53.52664356273152)
627,,"Aug 13, 2025","Oct 15, 2025",Current,Single Lane Closure,104 Street NW,82 Avenue NW,80 Avenue NW,Increased Travel Time,2 Months (24/7),104 Street is reduced to two lane southbound between 82 Avenue (Whyte Avenue) and 80 Avenue.,Construction,Construction,Central,Road and Sidewalk,POINT (-113.49757913031738 53.518075060706636)
604,,"Aug 01, 2025",,Current,113 St Southbound One-Way Conversion,113 Street NW,106 Avenue NW,111 Avenue NW,Directional Closure,Permanent Change,113 St will be converted to a permanent wouthbound one-way road. Northbound 113 St will be permanently closed.,Active Mode Installation,Construction,Central,Road,POINT (-113.51580037890547 53.55888562812375)
289,,"Jun 07, 2025","Jun 07, 2025",Complete,96 St Closure,96 Street NW,Jasper Avenue NW,103 Avenue NW,Total Closure,8am to 5pm,Starts Sat. June 7 from 8am to 5pm. 96 St closed from Jasper Ave - 103 Ave. 96 St - 102A Ave intersection closed including the bike lane. Slow Zone Yield to Pedestrians will be implemented. Detour using other route.,Special Event,Special Event,Central,Road,POINT (-113.48200683766316 53.543626564701356)
64,,"Jan 01, 2024","Oct 31, 2025",Current,97 St; 79 Ave-80 Ave Total Closure,97 Street NW,79 Avenue NW,80 Avenue NW,Total Closure,22 Months,"97 ST, 79-80 AV northbound and southbound closed for drainage shaft installation. Pedestrian detour as per posted signage. Local access will be maintained. Detour using other routes.",Drainage Shaft Installation,Construction,Central,Road,POINT (-113.47976256948479 53.51514569786142)
215,,"May 14, 2025","May 14, 2025",Complete,Traffic Incident,WHITEMUD DRIVE NW,122 STREET NW,,Traffic Incident Delays,Unknown,Stalled car in the right lane Eastbound Whitemud Drive on the Rainbow Valley Bridge.,Traffic Incident,Traffic Incident,Southwest,Road,POINT (-113.54116748362445 53.48307186687647)
575,,"Aug 08, 2025","Aug 11, 2025",Current,Yellowhead Tr Reduced to 1 Lane WB,Yellowhead Trail,Saint Albert Trail,142 Street NW,Travel Delays,3 Nights and 2 Days,"Yellowhead Tr will be reduced to 1 lane WB from 11pm on Friday, August 8 until 6am on Sunday, August 11. Use other routes.",Drainage Maintenance,Construction,Northwest,Road,POINT (-113.5659358333032 53.58100729478226)
465,,"Jul 11, 2025","Jul 13, 2025",Complete,Whyte Avenue Art Walk,105 Street NW,82 Avenue NW,83 Avenue NW,Total Closure,3 Days (06:00 - 19:00),105 Street from north side of 82 Avenue to alley north of 82 Avenue closed daily from 06:00 to 19:00 for the Whyte Avenue Art Walk.,Special Event,Special Event,Central,Road,POINT (-113.50046161087198 53.51808033120938)
406,,"Jun 05, 2025","Jul 23, 2025",Complete,113 Street Southbound Lane Closure,113 Street NW,67 Avenue NW,,Travel Delays,1 Month,Southbound 113 St at 67 Ave is reduced to a single travel lane. The west sidewalk will be closed and pedestrian detour in place. Use other routes.,Emergency Drainage Repair,Construction,Central,Road and Sidewalk,POINT (-113.52284195310055 53.50389928199053)
357,,"Jul 01, 2025","Jul 01, 2025",Complete,Canada Day Lendrum Criterium,113A Street NW,54 Avenue NW,57 Avenue NW,Total Closure,1 Day (7am - 6pm),"Total Closures as follows: 1) 113A St, 54 Av - 57 Av 2) 56 Av, 113A St - 113 St 3) 113 St 55 Av - 56 Av 4) 55 Av, 113 St - 113A St 5) 54 Av, 113A St - 114 St 6) 114 St, 54 Av - 57 Av 7) 57 Av, 114 St - 113A St. See attached map.",Special Event,Special Event,Southwest,Road,POINT (-113.52175463348921 53.49062521834529)
587,,"Aug 17, 2025","Aug 17, 2025",Complete,2025 City Marathon 2/4,Jasper Avenue NW,99 Street NW,124 Street NW,Total Closure,5am to 2:30pm,"Total closure Jasper Ave, 99 St to 124 Street; Single lane on Jasper Avenue EB, 124 St - 119 St available for Local Access.",Edmonton Marathon,Special Event,Central,Road,POINT (-113.5360702819065 53.5415043532287)
635,,"Aug 24, 2025","Aug 24, 2025",Complete,95 St Closure,95 Street NW,108 Avenue NW,109A Avenue NW,Total Closure,8am - 9pm,"Total closure of the folowing roads to accommodate the Festa Italiana event.
95 St, 108 Av - 109A Av; 108A Av, 94 St - 95 St; 109A Av, 94 St - 95 St;",Special Event,Special Event,Central,Road,POINT (-113.48406630799765 53.55474887014992)
432,,"Jul 07, 2025","Jul 09, 2025",Complete,LowLevel Lane Closure,Connors Road NW,98 Avenue NW,McDougall Hill Road NW,Increased Travel Time,Two Nights,Low Level Bridge northbound will be reduced to a single lane nightly between 20:00-06:00hrs.,Bridge Wash,Construction,Central,Road,POINT (-113.48151337299662 53.536860805784656)
313,,"Jun 16, 2025","Jul 22, 2025",Complete,Directional closure westbound,31 Avenue,Youville Drive West,66 Street,Increased Travel Time,37 Days,"Beginning Monday June 16 at 7:00 a.m., 31 Avenue is closed to westbound traffic; a single lane eastbound is maintained.",Active modes construction,Construction,Southeast,Road and Sidewalk,POINT (-113.4323304998152 53.46238447270332)
336,,"Jun 22, 2025","Jun 22, 2025",Complete,Santa Maria Goretti Annual Feast Day,110 Avenue NW,90 Street NW,92 Street NW,Total Closure,6am - 5pm,"Closure of 110 Ave, 90 St - alley east of 92 St; 90 St, 110 Ave - alley south of 111 Ave.",Special Event,Special Event,Central,Road,POINT (-113.47928556493376 53.55968587868358)
828,,"Sep 09, 2025","Sep 13, 2025",Current,Whitemud Drive reduced to a single lane per direction,Whitemud Drive NW,53 Avenue NW,122 Street NW,Major Delays,4 Nights,Night work only from 10pm - 6am. Whitemud Dr will be reduced to a single lane per direction from 53ave to 122st due to bridge construction. Expect delays.,Bridge Construction,Construction,Southwest,Road,POINT (-113.57201214645684 53.490407577573094)
788,,"Aug 30, 2025","Aug 31, 2025",Complete,"82 Ave, 111 St - 112 St Traffic Split",82 Avenue NW,111 Street NW,112 Street NW,Travel Delays,1 Night(9pm - 9am),The westbound lanes on 82 Ave from 111 St - 112 St will be closed. Two-way traffic will be split and maintained on the eastbound lanes. The North sidewalk will be closed and detoured. Please use other routes.,Crane Lift,Construction,Central,Road and Sidewalk,POINT (-113.5178213453063 53.518110742891764)
536,,"Jul 21, 2025","Aug 16, 2025",Complete,83 Ave; 98 St-99 St,83 Avenue NW,98 Street NW,99 Street NW,Total Closure,27 Days,83 Ave to be totally closed from 98 St to 99 St.,Drainage Repair Replace,Construction,Central,Road,POINT (-113.48279177434134 53.519045172223976)
478,,"Jul 08, 2025","Jul 09, 2025",Complete,56 St; Gateway Blvd-103A St Total Closure,56 Avenue NW,Gateway Boulevard,103A Street NW,Total Closure,1 Night (21:00-06:00),56 Ave to be toatally closed from Gateway Blvd to 103A St.,Sewer Maintenance,Construction,Central,Road,POINT (-113.49197150192849 53.493236761747994)
378,,"Jun 23, 2025","Jun 27, 2025",Complete,123 Street total closure,123 Street NW,102 Avenue NW,Jasper Avenue NW,Total Closure,5 days,123 St from 102 Ave to alley north of Jasper Ave will be total closed. Use 122 St or 124 St for detour,Crane demobilization,Construction,Central,Road and Sidewalk,POINT (-113.53412815221492 53.54301657658639)
876,,"Sep 09, 2025","Oct 09, 2025",Current,,66 STREET SW,25 AVENUE SW,ORCHARDS BOULEVARD SW,Travel Delays,31 Days,"Starting September 9, 2025, until October 9, 2025, traffic on 66 Street SW travelling in both directions will be reduced, for a brief distance at the intersection of Orchards Blvd to a split traffic. Please choose alternate routes.",DRAINAGE INSTALL,Construction,Southeast,Road and Sidewalk,POINT (-113.44260080720267 53.4105600036769)
501,,"Jul 11, 2025","Jul 11, 2025",Complete,Traffic Incident,YELLOWHEAD TRAIL NW,107 STREET NW,,Traffic Incident Delays,Unknown,Traffic Incident Yellowhead Trail westbound at 107 St.,Traffic Incident,Traffic Incident,Northeast,Road,POINT (-113.50547563243887 53.581336959825904)
307,,"May 26, 2025","Jul 18, 2025",Current,EPCOR Drainage install,75 Street,86 Avenue,87 Avenue,Major Delays,54 Days,Reduced to one lane northbound for EPCOR Drainage install.,EPCOR Drainage install,Construction,Southeast,Road,POINT (-113.44288555818623 53.52115745471293)
595,,"Aug 05, 2025","Aug 12, 2025",Complete,Emily Murphy Park Road Closed,Emily Murphy Park Road NW,116 Street NW,Groat Road NW,Total Closure,1 Week,Emily Murphy Park Rd will be closed from 116 St - Groat Rd to complete a sewer repair. Access maintained to Emily Murphy Park via Groat Rd. Use other routes.,Sewer Repair,Construction,Central,Road,POINT (-113.53762194808881 53.53200655832504)
212,,"May 20, 2025","Aug 25, 2025",Complete,41 Ave SW Total Closure,41 Avenue SW,170 Street SW,Chappelle Way SW,Total Closure,3 Months,Starts May 20th @ 9am. 41 Ave SW from 170 St to Chappelle Way will be closed due to road construction. Local access to be maintained from either the east or west end of the closure. Follow detour route.,Road Construction Rehab,Construction,Southwest,Road,POINT (-113.59479677180826 53.395786136435284)
718,,"Aug 26, 2025","Aug 26, 2025",Complete,Single Inside lane Closure,Terwillegar Drive NW,40 Avenue NW,Whitemud Drive NW,Travel Delays,1 Day,The inside lane on Terwillegar drive Northbound from 40ave to Whitemud drive will be closed due to a concrete pour. Lane closure to go into both AM and PM peak hours. Expect delays.,Concrete Pour,Construction,Southwest,Road,POINT (-113.5708197261924 53.48248635019089)
774,,"Sep 02, 2025","Sep 07, 2025",Current,100 Avenue Delays,100 Avenue NW,107 Street NW,,Travel Delays,Six Days,100 Avenue will be reduced to a single lane in both directions with no Left Turn Permitted,Utility Construction,Construction,Central,Road and Sidewalk,POINT (-113.50476041134615 53.538838953919765)
188,,"May 12, 2025","May 23, 2025",Complete,Single lane closure both directions,Riverbend Road NW,48 Avenue NW,45 Avenue NW,Travel Delays,2 Weeks,Starts May 12th. Riverbend road from 48 Ave to 45 Ave will be reduced to 1 lane in each direction due to a hydrant repair. Expect travel delays.,Hydrant Repair,Construction,Southwest,Road,POINT (-113.57778334730428 53.48669947875726)
146,,"Apr 28, 2025","May 02, 2025",Complete,Reduced to Single Lane under Flagperson Control,Rowland Road NW,84 Street NW,87 Street NW,Increased Travel Time,9am - 2pm,"Dawson Br reduced to single lane, two way traffic maintained under flagperson
control. Detour using other route",Bridge Maintenance,Construction,Central,Road,POINT (-113.46916132813115 53.54828007916903)
855,,"Sep 08, 2025","Sep 11, 2025",Current,101 ST Traffic Split,101 Street NW,106 Avenue NW,109A Avenue NW,Increased Travel Time,Three Nights,"101 ST northbound and southbound reduced to a single lane with alternating splits between 19:00hrs-06:00hrs. No access to 108 AV (east/west) from 101 ST, no access to 107 AV east of 101 ST. Local access will be maintained.",Mill & Overlay,Construction,Central,Road,POINT (-113.49371908431814 53.54980704789978)
355,,"Jun 21, 2025","Jun 21, 2025",Complete,YTH Service Rd E of 156 St to YHT WB Closed,Yellowhead Trail,149 Street NW,156 Street NW,Total Closure,1 Day,The ramp to WB Yellowhead Tr from the Yellowhead Tr service road will be closed from East of 156 St to Yellowhead Tr. Use other routes.,Paving,Construction,Northwest,Road,POINT (-113.59177943676596 53.578733720210636)
526,,"Jul 31, 2025","Aug 11, 2025",Complete,Single Lane Closure,104 Street NW,82 Avenue NW,80 Avenue NW,Increased Travel Time,11 Days (24/7),"104 Street is reduced to two lane southbound between 82 Avenue (Whyte Avenue) and 80 Avenue. Expect delays until 6am, August 11th.",Construction,Construction,Central,Road and Sidewalk,POINT (-113.49757913031738 53.518075060706636)
402,,"Jul 31, 2025","Jul 31, 2025",Revised,Alley Closure,118 Avenue NW,94 Street Nw,93 Street NW,Total Closure,19:00-22:00,Alley South of 118 Avenue will be closed between 94 Street and 93 Street. Alley West of 93 Street will be closed between 118 Avenue and alley of South 118 Avenue.,Special Event,Special Event,Central,Road and Sidewalk,POINT (-113.48576288255836 53.57038858839272)
490,,"Jul 19, 2025","Jul 20, 2025",Complete,104 St Closure,104 Street NW,Jasper Avenue NW,102 Avenue NW,Total Closure,Sat at 4pm-Sun at 1am,104 St closed from Jasper Ave - 102 Ave from July 19 at 4pm to July 20 at 1am due to special event - 104 Street Car Show.,Special Event,Special Event,Central,Road,POINT (-113.49924937072183 53.5409311968637)
833,,"Sep 08, 2025","Dec 08, 2025",Current,Calgary Tr SW Service road Northbound Closed,103A Street SW,Calgary Trail SW,,Directional Closure,3 Months,Starts Sept 8th. Calgary Tr SW service Rd NB will be closed at 103A St due to a Drainage repair. Southbound access from Ellerslie Rd remains open.,Drainage Repair,Construction,Southwest,Road,POINT (-113.49583592863067 53.41751349427647)
622,,"Aug 18, 2025","Aug 29, 2025",Current,Jasper AV Traffic Split,Jasper Avenue NW,95 Street NW,96 Street NW,Increased Travel Time,Two Weeks,Road segment will be reduced to a single lane in each direction with alternating splits (to the north and/or to the south).,Crosswalk repairs,Construction,Central,Road,POINT (-113.4787396494315 53.54514187236652)
890,,"Sep 12, 2025","Sep 14, 2025",Current,50 St and 137 Ave Intersection Closure,50 Street NW,137 Avenue NW,,Total Closure,Two Nights (9PM to 9AM),"50 Street and 137 Ave intersection will be closed, all traffic sent to right turn bays. Pedestrians maintained.",Milling and Paving,Construction,Northeast,Road,POINT (-113.41795115236478 53.53768539739798)
208,,"May 08, 2025","May 13, 2025",Complete,Reduced to one lane westbound,23 Avenue,66 Street,72 Street,Increased Travel Time,6 Days,23 Avenue westbound is reduced to one lane due to an emergency EPCOR Water repair.,Emergency watermain repair,Construction,Southeast,Road,POINT (-113.44392277920078 53.453541532256146)
453,,"Jul 11, 2025","Jul 12, 2025",Complete,97 Ave WBD reduced to two lanes,97 Avenue NW,101 Street NW,102 Street NW,Travel Delays,2 days,97 Ave westbound will be reduced to two lanes starting 7pm Fri Jul 11 until 6pm Sat Jul 11.,drainage maintenance,Construction,Central,Road and Sidewalk,POINT (-113.4937415753259 53.534234263574355)
693,,"Aug 21, 2025","Aug 22, 2025",Complete,SB 83 St to EB Argyll Rd,,83 Street NW,Argyll Road,Directional Closure,1 night (9pm-6am),SB 83 St to EB Argyll Rd Left Turn Closure. Please use other routes.,LOOPS REPAIR REPLACE,Construction,Central,Road,POINT (-113.46057937802404 53.54428523590112)
780,,"Aug 29, 2025","Sep 02, 2025",Complete,University Ave Eastbound Single Lane Closure,University Avenue NW,115 Street NW,114 Street NW,Travel Delays,5 Days(Fri 6pm - Tue 3pm),Starting Friday @ 6pm the Eastbound University Ave #1 turning lane (EB to SB) from 115 St - 114 St will be closed for a waterline install. The south service road will be closed and local traffic maintained. Use other routes.,Waterline Install,Construction,Central,Road,POINT (-113.52884402100275 53.51697419868827)
101,,"Apr 09, 2025","Apr 09, 2025",Complete,Traffic Incident,ST ALBERT TRAIL NW,137 AVENUE NW,,Traffic Incident Delays,Unknown,Traffic Incident St. Albert Tr southbound at 137 Ave. Left lanes blocked.,Traffic Incident,Traffic Incident,Northwest,Road,POINT (-113.55637893928153 53.57903788113347)
428,,"Jul 09, 2025","Jul 16, 2025",Complete,95 ST Traffic Split,95 Street NW,109A Avenue NW,110 Avenue NW,Increased Travel Time,One Week,Roadway width will be reduced in both directions and split to the east side.,Drainage Repairs,Construction,Central,Road,POINT (-113.48549759117265 53.55732258796453)
870,,"Sep 15, 2025","Sep 22, 2025",Current,WMD EB @ 53ave on and off ramps closed,Whitemud Drive NW,53 Avenue NW,,Total Closure,7 Nights,Nightly from 9pm - 6am. WMD EB @ 53 Ave on and off ramps both closed due to milling and paving. Follow detour route.,Milling and Paving,Construction,Southwest,Road,POINT (-113.5304417803415 53.493770973792785)
818,,"Sep 08, 2025","Sep 11, 2025",Current,101 ST Lane Closures,101 Street NW,Kingsway NW,111 Avenue NW,Increased Travel Time,Four Days,101 ST northbound and southbound reduced to a single lane between 111 AV - Kingsway. Kingsway reduced to a single lane eastbound and westbound between 99 ST - 102 ST. No left turns will be permitted at intersection of 101 ST & Kingsway. All obstructions to occur between 20:00-06:00hrs.,Drainage Maintenance,Construction,Central,Road,POINT (-113.49367944526267 53.558895942568334)
511,,"Aug 10, 2025","Aug 11, 2025",Complete,118 AV Eastbound Lane Closure,118 Avenue NW,93 Street NW,91 Street NW,Increased Travel Time,Two Days,118 AV eastbound will be reduced to a single lane. No access to 92 ST south of 118 AV; no thru traffic on 92 ST south of 118 AV to 118 AV. Detour using other routes.,Sewer Maintenance,Construction,Central,Road,POINT (-113.4842339927919 53.570389741739746)
730,,"Aug 22, 2025","Aug 22, 2025",Complete,TEST closure,180A Avenue NW,93 Street NW,94 Street NW,Major Delays,1 day,TEST DETAILS,TEST REASON,Construction,Northwest,Road and Sidewalk,POINT (-113.48472460214265 53.64289847432143)
265,,"May 30, 2025","May 30, 2025",Complete,Traffic Incident,97 STREET NW,123 AVENUE NW,,Traffic Incident Delays,Unknown,Traffic Incident 97 St southbound near 123 Ave. Right lanes blocked.,Traffic Incident,Traffic Incident,Central,Road,POINT (-113.49209671590035 53.57830356547727)
8,,"Mar 24, 2025","Oct 31, 2025",Current,Jasper Ave reduced to one lane each way,Jasper Avenue,114 Street NW,117 Street NW,Travel Delays,7 Months,9am on March 24: Jasper Ave reduced to one lane each direction from 114 St - 117 St. Access to and from 115 St & 117 St north of Jasper Ave will be closed. EB & WB left turns banned at 114 St. Additional delays / impacts to follow under new/revised TDNs.,Imagine Jasper Ave - Phase #1,Construction,Central,Road,POINT (-113.52313983831827 53.54094175104735)
843,,"Sep 04, 2025","Sep 18, 2025",Current,TOTAL CLOSURE,94B AVENUE NW,61 STREET NW,68 STREET NW,Total Closure,15 Days,"94B AVENUE WILL BE CLOSED FROM 61 STREET TO 68 STREET FROM SEPTEMBER 04 - SEPTEMBER 18, 2025. FOR DETOURS FOLLOW DETOUR SIGNAGE.",ROAD CONSTRUCTION,Construction,Southeast,Road and Sidewalk,POINT (-113.43307515093494 53.53335915960103)
123,,"Apr 24, 2025","Apr 30, 2025",Complete,WMD reduced to a single lane per direction,Whitemud Drive NW,53 Avenue NW,122 Street NW,Major Delays,6 Nights,April 24th - 29th Nightly from 9pm - 6am (9am on weekends). Whitemud Dr will be reduced to a single lane per direction from 53 Ave to 122 St due to a girder erection. Expect major delays.,Girder Erection,Construction,Southwest,Road,POINT (-113.57201214645684 53.490407577573094)
759,,"Aug 25, 2025","Oct 27, 2025",Current,Hermitage Road split to the South side at Victoria Trail,Hermitage Road,Victoria Trail,,Travel Delays,Three Months,Hermitage Road split to the South side at Victoria Trail,Utility Installation,Construction,Northeast,Road,POINT (-113.39758149895248 53.584057374210914)
255,,"Jun 05, 2025","Jun 06, 2025",Complete,#1 Single lane closure Northbound,Whitemud Drive NW,53 Avenue NW,Fox Drive NW,Travel Delays,1 Day,"June 5th from 9am - 3pm only. #1 single lane closure Northbound on Whitemud
Dr from 53 Ave to Fox Dr. Expect delays.",Guardrail Repair,Construction,Southwest,Road,POINT (-113.56559641293937 53.502879927141066)
36,,"Nov 20, 2024","Mar 31, 2025",Complete,"Flagging on Ellerslie Rd, Rabbit Hill Rd - 141 St",Ellerslie Road SW,Rabbit Hill Road SW,141 Street SW,Travel Delays,Long Duration,"From Novemeber 20, 2024 to March 31, 2025 there will be intermittent flagging
operations on Ellerslie Rd, Rabbit Hill Rd - 141 St. Traffic will be stopped for very short durations during off-peak hours.",Trucks Turning,Construction,Southwest,Road,POINT (-113.58983573962888 53.425074385191095)
884,,"Sep 13, 2025","Sep 13, 2025",Current,Eastbound 83 Ave Directional Closure,83 Avenue NW,108 Street NW,106 Street NW,Directional Closure,1 Day,Eastbound 83 Ave from 108 Ave - 106 Ave will be closed in stages to maintain local access. Bike lane will remain open during closures. Use other routes.,Waterline Installation,Construction,Central,Road,POINT (-113.50347853753468 53.51908223822867)
231,,"May 21, 2025","Jul 25, 2025",Current,Total Closure,Lakewood Road East,28 Avenue,29 Avenue,Total Closure,66 Days,Local access maintained.,EPCOR Drainage repair,Construction,Southeast,Road,POINT (-113.44150620871939 53.45840456744338)
112,,"Apr 14, 2025","Apr 14, 2025",Complete,Northbound 149 St Directional Closure,149 Street NW,124 Avenue NW,Yellowhead Trail NW,Directional Closure,3 hours (9pm -12am),On April 14 (9pm - 12am) northbound 149 St from 124 Ave to Yellowhead will be closed with no access to eastbound Yellowhead Tr. Follow posted detour route to 142 St.,Drainage Inspection,Construction,Northwest,Road,POINT (-113.57798208717149 53.57899679234379)
412,,"Jul 01, 2025","Jul 01, 2025",Complete,Groat Road SBD Closure,Groat Road,River Valley Road,Emily Murphy Park Road,Directional Closure,6am - 8:30am,"Total closure of southbound Groat Road & Bridge,  River Valley Rd - Emily Murphy Park Rd and single lane closure on southbound Groat Road , 107 Av - River Valley Rd to accommodate the Canada Day Road Race.",Canada Day Road Race,Special Event,Central,Road,POINT (-113.53762194808881 53.53200655832504)
93,,"Apr 14, 2025","Apr 22, 2025",Complete,"102 Ave Closed, Alley E/O 124 St - 123 St",102 Avenue NW,124 Street NW,123 Street NW,Total Closure,7 Days,"At 7pm on Apr 14 - Apr 19 & Apr 22 (9am - noon), 102 Av will be closed from the alley east of 124 St - 123 St. There will be periodic closures of the 102 Av bike facility with cyclists asked to use the north sidewalk under a dismount and walk condition.",Drainage Install,Construction,Central,Road,POINT (-113.53589795229281 53.54302873504602)
619,,"Aug 15, 2025","Aug 18, 2025",Current,118 AV Lane Closures,118 Avenue NW,Wayne Gretzky Drive NW,79 Street NW,Increased Travel Time,Four Days,Alternating lane closures for both eastbound and westbound traffic.,Bridge Washing,Construction,Central,Road,POINT (-113.4625368541889 53.57039299719229)
424,,"Jul 07, 2025","Jul 07, 2025",Complete,westbound lane closure,103A Avenue NW,93 Street NW,95 Street NW,Major Delays,1 day (9am - 3:30pm),103A Ave westbound will be reduced to a single lane from 93 St to 95 St. 93 St at 103A Ave will be right turns only. 95 St at 103A Ave is banned left turns.,Drainage Maintenance,Construction,Central,Road,POINT (-113.47699435681916 53.54851014412237)
555,,"Jul 26, 2025","Jul 27, 2025",Complete,83 Avenue; 104 St to Gateway Blvd Closure,83 Avenue NW,Gateway Boulevard NW,104 Street NW,Total Closure,2 Days,83 Avenue between Gateway Boulevard and 104 Street will be closed daily from 07:00 to 17:00 for a Special Event,Special Event,Special Event,Central,Road,POINT (-113.49506609898567 53.51905985022891)
278,,"Jun 03, 2025","Jun 11, 2025",Complete,92 St closure,92 Street NW,105 Avenue NW,105A Avenue NW,Total Closure,9 Days,92 St closed from 105 Ave to 105A Ave. East sidewalk closed only. Pedestrian Detour using west sidewalk.,Water maintenance,Construction,Central,Road and Sidewalk,POINT (-113.47653419768025 53.550508505790816)
867,,"Sep 12, 2025","Sep 13, 2025",Current,Stadium Rd Closure,Stadium Road NW,107A Avenue NW,112 Avenue NW,Total Closure,Fri & Sat (3pm - midnight),"Total Closure on a) Stadium Rd, 107A Av-112 Av b) Muttart Crossing, 106A Av-Stadium Rd. Expect travel delays on a) 95 St, 103A Av - 115 Av b) 112 Av, 82 St-97 St c) 107A Av,92-97 St d) 86 St, 112 Av-Fort Rd.",Commonwealth Stadium Event - Morgan Wallen Concert,Special Event,Central,Road,POINT (-113.47326158870477 53.56102089512186)
341,,"Jun 13, 2025","Jun 13, 2025",Complete,Traffic Incident,GATEWAY BOULEVARD NW,51 AVENUE NW,,Traffic Incident Delays,Unknown,Traffic Incident Gateway Blvd at 51 Ave. Expect delays.,Traffic Incident,Traffic Incident,Southwest,Road,POINT (-113.49292190286717 53.48557651480033)
740,,"Aug 25, 2025","Aug 28, 2025",Current,Total closure beside address 4802 – 118 Ave on 48 Street.,48 Street,118 Avenue,119 Avenue,Total Closure,4 Days,Total closure beside address 4802 – 118 Ave on 48 Street. Please use 49 street to detour.,Water line installation,Construction,Northeast,Road and Sidewalk,POINT (-113.41532532510301 53.57035217704571)
608,,"Aug 14, 2025","Aug 14, 2025",Current,101 AV Lane Closure,101 Street NW,Jasper Avenue NW,102 Avenue NW,Increased Travel Time,One Day,101 ST reduced to two lanes in each direction between 09:00-15:30hrs.,Drainage Maintenance,Construction,Central,Road,POINT (-113.49372678450347 53.54093775116459)
72,,"Apr 07, 2025","Mar 31, 2026",Current,34 St at Ellerslie Rd SW Intersection Closure,34 Street SW,Ellerslie Road SW,Charlesworth Drive SW,Total Closure,12 Months,34 St will be closed from Charlesworth Dr - south of Ellerslie Rd.,Road Reconstruction,Construction,Southeast,Road and Sidewalk,POINT (-113.39355685202047 53.42486041489653)
214,,"May 20, 2025","Jun 17, 2025",Complete,Southbound lane closure,97 Street NW,63 Avenue NW,56 Avenue NW,Directional Closure,37 Days,97 Street Southbound will be closed between 63  Avenue and  56 Avenue.,Construction,Construction,Central,Road,POINT (-113.47940660057886 53.491733177154885)
321,,"Jun 20, 2025","Jun 20, 2025",Complete,96 St Closure,96 Street NW,104 Avenue NW,105A Avenue NW,Total Closure,9am - 4pm,"96 St in front of Bissel Center will be closed from 9am to 4pm due to National
Indigenous People's Day event. Detour using other route",Special Event,Special Event,Central,Road,POINT (-113.48419447751601 53.54814040040825)
170,,"May 01, 2025","Jul 10, 2025",Current,Meadowlark Road Total Closure,Meadowlark Road NW,87 Avenue NW,88A Avenue NW,Total Closure,10 Weeks,"Starts 9am, May 1st. Total closure of Meadowlark Rd, 87 Av - 88A Av for West LRT Construction. For more information visit:
www.marigoldinfra.ca/current-construction-notices/ 
www.edmonton.ca/projects_plans/transit/valley-line-west",West LRT Construction,Construction,Northwest,Road and Sidewalk,POINT (-113.59665962257691 53.51953764480032)
631,,"Aug 23, 2025","Aug 23, 2025",Complete,River Valley Road Closure,River Valley Road NW,105 Street NW,Groat Road NW,Total Closure,1 Day (6 am to 2 pm),River Valley Road from 105 St to Groat road will be closed. Access to Groat Road SB from Victoria Park Road maintained. Golf Course access maintained from the West side of River Valley Road.,Do North - Special Event,Special Event,Central,Road,POINT (-113.50107997650335 53.53057554626964)
437,,"Jul 03, 2025","Jul 03, 2025",Complete,Filming,Walterdale Hill,Saskatchewan Drive,95 Avenue,Total Closure,1 hour (12a.m. - 1a.m.),Detour using 99 Street.  Emergency Vehicle and ETS access maintained.,Filming,Special Event,Central,Road,POINT (-113.51173415906193 53.52392925569046)
788,,"Aug 30, 2025","Aug 31, 2025",Complete,"82 Ave, 111 St - 112 St Traffic Split",82 Avenue NW,111 Street NW,1132 Street NW,Travel Delays,1 Night(9pm - 9am),The westbound lanes on 82 Ave from 111 St - 112 St will be closed. Two-way traffic will be split and maintained on the eastbound lanes. The North sidewalk will be closed and detoured. Please use other routes.,Crane Lift,Construction,Central,Road and Sidewalk,POINT (-113.5178213453063 53.518110742891764)
829,,"Sep 07, 2025","Oct 26, 2025",Current,132 Ave/Delwood Road Intersection Closure,132 Avenue NW,Delwood Road,,Total Closure,7 Weeks,132 Ave will be closed ~100m West of Delwood Road. Delwood Road will be closed South of 132A Ave. Local access maintained East of 82 St to the service roads. Alternating sidewalk closures as required.,132 Ave Rehab,Construction,Northeast,Road and Sidewalk,POINT (-113.47884291999127 53.5922355757053)
333,,"Jun 18, 2025","Jun 27, 2025",Complete,Single lane closures per direction,178 Street NW,81 Avenue NW,76 Avenue NW,Travel Delays,2 Weeks,Starts June 18th @ 9am. 178st over Whitemud Dr will be reduced to a single straight through lane per direction due to bridge maintenance. All turning movements to be mainained. Expect travel delays.,Bridge Maintenance,Construction,Southwest,Road,POINT (-113.63025642939529 53.50940697185498)
83,,"Apr 03, 2025","Apr 07, 2025",Complete,Intersection Closure: 121 Ave & 125 St,121 Avenue NW,125 Street NW,,Total Closure,5 Days,Intersection Closure: 121 Ave & 125 St,Waterline Repair,Construction,Central,Road,POINT (-113.46374214374902 53.575006180420125)
147,,"Apr 29, 2025","Apr 29, 2025",Complete,142 St NB Closure,142 Street NW,124 Avenue NW,Yellowhead Trail NW,Directional Closure,1 Night 9pm - 6am,"NB closure of 142 Street, 124 Avenue to the Yellowhead Trail EB Service Road from 9pm - 6am.",YHT Freeway Conversion,Construction,Northeast,Road,POINT (-113.56590218984242 53.57885720551455)
221,,"May 22, 2025","May 23, 2025",Complete,Single lane closure Eastbound,Whitemud Drive NW,Terwillegar Drive NW,122 Street NW,Travel Delays,1 Night,May 22nd @ 10pm to May 23rd @ 6am only. Whitemud Dr Eastbound from Terwillegar Dr to 122 St will be reduced to one lane due to a street light repair. Expect travel delays.,Street Light Repair,Construction,Southwest,Road,POINT (-113.5708197261924 53.48248635019089)
680,,"Aug 23, 2025","Aug 24, 2025",Complete,Single Lane closure Westbound,Whitemud Drive Nw,122 Street NW,Terwillegar Drive NW,Travel Delays,1 Night,Night work from 10pm - 9am only. Whitemud Dr Westbound from 122st to Terwillegar Dr will be reduced to a single lane due to bridge construction. Expect Travel delays.,Bridge Construction,Construction,Southwest,Road,POINT (-113.5708197261924 53.48248635019089)
51,,"Mar 27, 2025","Jun 20, 2028",Hold,Various Lane Closures,142 Street NW,101 Avenue NW,103 Avenue NW,Travel Delays,6 Years,142 St will be reduced in capacity between 101 Av and 103 Av in vairous phases for West LRT construction. Use other routes.,WLRT Construction,Construction,Northwest,Road,POINT (-113.56574305603966 53.54416139080085)
533,,"Jul 22, 2025","Sep 02, 2025",Current,Campbell Rd Reduced to 1 lane Each Way,Campbell Road,156 Street NW,Anthony Henday Drive,Travel Delays,6 Weeks,Campbell Rd will be reduced to 1 lane in each direction. Use other routes.,Road Repairs,Construction,Northwest,Road,POINT (-113.57655952837851 53.62920076409079)
636,,"Aug 22, 2025","Aug 22, 2025",Complete,96 St Closure,96 Street NW,106 Aveue NW,106A Avenue,Total Closure,8am - 3pm,"Total Closure 96 St, 106 Av - 106A Av to accommodate the Annual Radius BBQ event.",Special Event,Special Event,Central,Road,POINT (-113.48587155793628 53.55161834471916)
125,,"Apr 30, 2025","May 06, 2025",Complete,WMD SB to TWD SB Ramp closure,Whitemud Drive NW,Terwillegar Drive NW,,Total Closure,5 Nights,"April 30, and May 2, 3, 4, and 5 nightly from 9pm - 6am. Whitemud Dr SB  to Terwillegar Dr SB ramp will be closed. Follow detour route.",Girder Erection,Construction,Southwest,Road,POINT (-113.5304417803415 53.493770973792785)
366,,"Jun 21, 2025","Jun 21, 2025",Complete,Taste of UW,Warry Link SW,Washburn Drive SW,Warry Way SW,Total Closure,1 Day - 9 am to 11 pm,Warry Link from Washburn Drive to Warry Way will be closed to traffic for the 4th Annual Taste of UW Event on Satuday June 21.,Special Event,Special Event,Southwest,Road,POINT (-113.6241093674457 53.437078460902875)
468,,"Jul 02, 2025","Aug 30, 2025",Current,Road Closure,57 Avenue NW,175 Street NW,Lessard Road NW,Total Closure,2 Months,57 Avenue will be closed between 175 Street and Lessard Drive. Use other routes.,Road Construction,Construction,Southwest,Road and Sidewalk,POINT (-113.62561081999482 53.49323934004934)
645,,"Aug 14, 2025","Aug 15, 2025",Complete,Road Closure,84 Street NW,179 Avenue NW,180 Avenue NW,Travel Delays,1 Day,84 Street between 179 and 180 Av will be closed for a special event,Special Event,Special Event,Northeast,Road,POINT (-113.47009821422138 53.640576021142934)
481,,"Jul 07, 2025","Jul 18, 2025",Complete,90 Ave; 98 St-99 St Total Closure,90 Avenue NW,98 Street NW,99 Street NW,Total Closure,2 Weeks,90 Ave to be totally closed from 98 St to 99 St.,Drainage Repair Replace,Construction,Central,Road,POINT (-113.48274772752909 53.52540875639827)
825,,"Sep 05, 2025","Sep 26, 2025",Current,50 Ave Total Closure,50 Avenue NW,114 Street NW,114B Street NW,Total Closure,3 Weeks,50 Ave from 114 St - 114B St will be closed for a waterline installation. Please use other routes.,Waterline Installation,Construction,Central,Road,POINT (-113.52424262420448 53.48732723305164)
325,,"Jun 14, 2025","Jun 15, 2025",Complete,112 Street Southbound Lane Closure,112 Street NW,87 Avenue NW,86 Avenue NW,Travel Delays,2 Days,112 St from 87 Ave - 86 Ave will be reduced to a single lane. The west sidewalk will be closed and pedestrians detoured. Use other routes.,Building Repair,Construction,Central,Road and Sidewalk,POINT (-113.52085572454202 53.52289966741331)
448,,"Jul 10, 2025","Jul 11, 2025",Complete,Dawson Bridge Closure,Rowland Road NW,84 Street NW,87 Street NW,Total Closure,One Night,Dawson Bridge closed to vehicle traffic (both directions) between 20:00hrs-06:00hrs. Detour using other routes.,Bridge Maintenance,Construction,Central,Road,POINT (-113.46916132813115 53.54828007916903)
359,,"Jun 19, 2025","Aug 15, 2025",Complete,Service Road total closure,Jasper Avenue NW,90 Street NW,87 Street NW,Total Closure,9 weeks,"Jasper Ave Service Road, from 87 St to 90 St will be total closed in sections.",concrete and road work,Construction,Central,Road and Sidewalk,POINT (-113.47314218111272 53.55165488836687)
446,,"Jul 03, 2025","Nov 14, 2025",Current,66 St and 167 Ave West Leg Detour,167 Avenue NW,66 Street NW,,Directional Closure,4.5 Months,"After 9PM, Eastbound 167 Ave will be on a detour road routed to Northbound 66 St only. No access to 167 Ave, East of 66 St, or Southbound 66 St from 167 Ave. South side Shared Pathway closed and detoured through Ozerna neighbourhood.",66 and 167 Ave Roundabout,Construction,Northeast,Road and Sidewalk,POINT (-113.44263639842714 53.62849203455579)
334,,"Jun 16, 2025","Jun 27, 2025",Complete,Single lane closures per direction,Whitemud Drive NW,178 Street NW,,Travel Delays,2 Weeks,Nightly from 10am - 6am. Whitemud Dr at 178 St will be reduced to a single lane per direction due to bridge maintenance. Speed reduction to remain in place full time. Expect travel delays.,Bridge Maintenance,Construction,Southwest,Road,POINT (-113.62994081178164 53.51212071587992)
777,,"Sep 03, 2025","Sep 03, 2025",Complete,108 St Closure,108 Street NW,102 Avenue NW,104 Avenue NW,Total Closure,5am - 5pm,Starts Wed Sept 3rd at 5am until 5pm. 108 St closed from 102 Ave - 104 Ave. 102 Ave closed from alley east to alley west of 108 St. 103 Ave cross traffic will remain open. Detour using other route.,Special Event - Downtown Campus Road Party,Special Event,Central,Road,POINT (-113.50658090226364 53.54622776762732)
411,,"Jul 01, 2025","Jul 01, 2025",Complete,River Valley Road WBD Directional Closure,River Valley Road,105 Street NW,Groat Road,Directional Closure,6am - 9:30am,"Total closure of westbound River Valley Road, 105 Street - Groat Bridge to accommodate the Canada Day Road Race.",Canada Day Road Race,Special Event,Central,Road,POINT (-113.50107997650335 53.53057554626964)
475,,"Jun 12, 2025","Aug 14, 2025",Current,142 Street LRT Construction,142 Street NW,Stony Plain Road NW,103 Avenue NW,Total Closure,3 Months,142 Street from Stony Plain Road to 103 Avenue is closed to all traffic for LRT construction.  Stony Plain Road will remian at one lane in each drection.  Detour using Groat Road or 149 Street,LRT Construction,Construction,Northwest,Road and Sidewalk,POINT (-113.56559986401645 53.54292039864096)
795,,"Sep 02, 2025","Dec 31, 2025",Current,88 Ave; 95 St-96 St Total Closure,88 Avenue NW,95 Street NW,96 Street NW,Total Closure,4 Months (24/7),88 Ave to be totally closed from 95 St to 60m West of 95 St.,DRAINAGE REPAIR REPLACE,Construction,Central,Road and Sidewalk,POINT (-113.47308980473078 53.52349618537491)
711,,"Aug 25, 2025","Aug 29, 2025",Current,96 ST Traffic Splits,96 Street NW,104 Avenue NW,105A Avenue NW,Increased Travel Time,Five Days,Alternating traffic splits along road segment.,Telecom Install,Construction,Central,Road,POINT (-113.48419447751601 53.54814040040825)
337,,"Jun 15, 2025","Jun 17, 2025",Complete,Lane Closure,Walterdale Hill NW,Fort Hill NW,95 Avenue NW,Major Delays,10:00 PM - 04:00 AM,"Walterdale Hill, from Fort Hill down to 95 Avenue, will have a reduced traffic flow.
Between 10:00 PM and 04:00 AM, the road will be reduced to a single lane.",Construction,Construction,Central,Road,POINT (-113.50548766269038 53.524535034596056)
374,,"Jul 03, 2025","Jul 03, 2025",Complete,102 St total closure,102 Street NW,Jasper Avenue NW,102 Avenue NW,Total Closure,1 day (9am - 3:30pm),102 st from 102 Ave to south 50m will be total closed for 1 day between 9am - 3:30pm. Use 103 St or 101 St for detour. East sidewalk will be closed. All parkades on 102 St accessible from Jasper Ave,Building Maintenance,Construction,Central,Road and Sidewalk,POINT (-113.49556974628355 53.540931215120395)
137,,"Apr 28, 2025","Sep 05, 2025",Complete,106st Reduced to a single lane per direction,106 Street NW,36A Avenue NW,35 Avenue NW,Travel Delays,4 Months,Starts April 28th @ 9am. 106st from 36A Ave to 35Ave will be reduced to 1 lane per direction due to a drainage repair. Expect travel delays.,Drainage Repair,Construction,Southwest,Road,POINT (-113.50415419714412 53.47121212687826)
498,,"Jul 16, 2025","Jul 17, 2025",Complete,103 Av Closure,103 Avenue NW,112 Street NW,113 Street NW,Total Closure,"1 Night, 10pm - 6am","103 Av closed, 120 - 121 St with local access maintained.",Utility Work,Construction,Central,Road,POINT (-113.51391912115432 53.54459703966061)
63,,"Apr 14, 2025","Apr 17, 2025",Complete,"Total Closure of Groat Rd, 111 Ave - RVR",Groat Road NW,111 Avenue NW,River Valley Road NW,Total Closure,3 nights,"On the nights of April 14th - 16th 9PM - 6AM, Groat Rd will be closed from 111 Ave - River Valley Rd for 2025 Spring Sweep",2025 Spring Sweep,Construction,Northwest,Road,POINT (-113.53686440013828 53.53798523953657)
435,,"Jul 09, 2025","Jul 10, 2025",Complete,97 St; 81 Ave-82 Ave Total Closure,97 Street NW,81 Avenue NW,82 Avenue NW,Total Closure,1 Night (21:00-02:00),97 St from north of 81 Ave to 82 Ave will be totally closed to vehicle traffic. EB 82 Ave will be reduce to a single lane.,Drainage Maintenance,Construction,Central,Road and Sidewalk,POINT (-113.47973566190227 53.517048543155774)
592,,"Aug 07, 2025","Aug 10, 2025",Complete,98 Avenue Lane Reductions,98 Avenue NW,91 Street NW,96A Street NW,Increased Travel Time,4 Days,"1) Single lane traffic 98 Av, 91 St - 97 St Off-Peak Hours
2) Travel delays Connors Rd
3) 92 St/94 St/95 St, 97 Av - 98 Av Temp One Way NBD
4) 93 St, 97 Av - 98 Av Temp One Way SBD",2025 Folk Music Festival,Special Event,Central,Road,POINT (-113.47637961059768 53.537881474589405)
258,,"May 29, 2025","May 29, 2025",Complete,Traffic Incident,YELLOWHEAD TRAIL NW,107 STREET NW,,Traffic Incident Delays,Unknown,Traffic Incident Yellowhead Trail westbound - east of 107 St. Left lane blocked.,Traffic Incident,Traffic Incident,Northeast,Road,POINT (-113.50547563243887 53.581336959825904)
863,,"Sep 09, 2025","Sep 09, 2025",Complete,,GATEWAY BOULEVARD NW,19 AVENUE NW,,Traffic Incident Delays,Uknown,Traffic Incident Gateway Blvd at 19 Ave.,Traffic Incident,Traffic Incident,Southwest,Road,POINT (-113.49292190286717 53.48557651480033)
451,,"Jul 07, 2025","Jul 10, 2025",Complete,112 St Total Closure,112 Street NW,171 Avenue NW,176 Avenue NW,Total Closure,"Four Days, 7AM to 7PM",112 St closed from 171 Ave to 176 Ave. Detour using 97 St/Castle Downs Road/112 St.,Milling and Paving,Construction,Northeast,Road,POINT (-113.51654028714113 53.63340565912786)
747,,"Aug 05, 2025","Sep 13, 2025",Current,61 Ave; 86 St-West of 86 St,61 Avenue NW,86 Street NW,,Total Closure,3 Weeks,61 Ave to be totally closed from 86 St to 50m West of 86 St.,ROAD CONSTRUCTION REHAB,Construction,Central,Road,POINT (-113.53665895889723 53.49754407176405)
848,,"Sep 11, 2025","Sep 12, 2025",Cancelled,WMD WB to TWD SB Ramp Closure,Terwillegar Drive NW,Whitemud Drive NW,,Total Closure,1 Night,Night work only from 10pm - 6am. Whitemud Dr WB to Terwillegar Dr SB ramp will be closed due to a Drainage repair. Follow detour route.,Drainage Repair,Construction,Southwest,Road,POINT (-113.5708197261924 53.48248635019089)
733,,"Aug 27, 2025","Aug 28, 2025",Complete,WMD EB reduced to a single lane,Whitemud Drive NW,53 Avenue NW,Terwillegar Drive NW,Travel Delays,1 Night,Night work only from 10pm to 6am. Whitemud Dr EB from 53ave to Terwillegar Dr will be reduced to a single lane. Expect travel delays.,Pavement Marking Install,Construction,Southwest,Road,POINT (-113.57201214645684 53.490407577573094)
494,,"Jul 14, 2025","Jul 15, 2025",Complete,100 Av Closure,100 Avenue NW,118 Street NW,119 Street NW,Total Closure,"1 Night, 10pm - 6am","100 Av closed, 118 - 119 St with local access maintained.",Utility Work,Construction,Central,Road,POINT (-113.52497913120887 53.53936896910719)
352,,"Jun 28, 2025","Sep 01, 2025",Current,139 Ave Total Closure,139 Avenue NW,Victoria Trail NW,30 Street NW,Total Closure,3 Months,139 Ave closed from Victoria Trail to West of 30 Street. Alternating North and South sidewalk closures.,Hairsine Neighbourhood Rehab,Construction,Northeast,Road,POINT (-113.3859856440122 53.602714390917676)
184,,"May 10, 2025","May 13, 2025",Complete,156 St Closure,156 Street NW,91 Avenue NW,92 Avenune NW,Total Closure,3 Days,156 St will be closed from 91 Av to 92 Av from May 10 to May 13. The east sidewalk will also be closed. Use other rotues.,Emergency Drainage Repairs,Construction,Northwest,Road,POINT (-113.59032259546821 53.52492127402122)
523,,"Jul 25, 2025","Jul 26, 2025",Complete,Northbound 105 St Closure,105 Street NW,106 Avenue NW,107 Avenue NW,Directional Closure,2 Days,"Friday and Saturday, Northbound 105 St will be closed for road repairs. Work on Friday will be limited to 9am - 330pm.",Road Work,Construction,Southeast,Road,POINT (-113.50107896530749 53.549820362259325)
879,,"Sep 12, 2025","Sep 12, 2025",Current,103 AV Traffic Split,103 Avenue NW,103 Street NW,102 Street NW,Increased Travel Time,One Day,103 AV eastbound and westbound reduced to a single lane in each direction with split to the north side. 102 ST southbound reduced to a single lane at 103 AV. All work between 0900-1530hrs.,Drainage Maintenance,Construction,Central,Road,POINT (-113.49738915171598 53.544594579855016)
455,,"Jul 03, 2025","Jul 24, 2025",Complete,122 Av/131 St Intersection Closure,122 Avenue NW,131 Street NW,,Total Closure,3 Weeks,"The intersection of 122 Av and 131 St will be closed.Use other routes. Local pedestrian access maintained, follow signage on site.",Road Reconstruction,Construction,Central,Road and Sidewalk,POINT (-113.49006497945945 53.57621543091898)
815,,"Sep 07, 2025","Sep 08, 2025",Current,Total closure of 50 Street NB/SB bridge over Whitemud Drive.,50 STREET NW,Whitemud Drive,,Increased Travel Time,1 Night (20:00 - 6:00),"The 50 Street bridge over Whitemud Drive will be closed in both directions starting September 7, 2025, at 8 p.m. until September 8, 6:00 a.m. for bridge construction. Please use alternate routes.",Bridge Construction,Construction,Southeast,Road and Sidewalk,POINT (-113.41817544496175 53.4872421652954)
807,,"Sep 09, 2025","Sep 09, 2025",Current,"121 Ave EB Closed at 50 St, All Left Turns Banned",121 Avenue NW,50 Street NW,,Directional Closure,One Day (9AM-3:30PM),EB 121 Ave Closed at 50 St. All left turns banned at the 50 St/121 Ave Intersection.,Utility Construction,Construction,Northeast,Road,POINT (-113.41838214144374 53.57507185771445)
308,,"Jun 12, 2025","Jun 12, 2025",Complete,Southbound lane closure,96 Street NW,82 Avenue NW,81 Avenue NW,Directional Closure,9:30AM-3:30PM,Southbound of 96 Street will be closed between 82 Avenue and 81 Avenue. Eastbound 82 Ave will be reduced into one lane between 97 Ave and 95A Street.,Construction,Construction,Central,Road and Sidewalk,POINT (-113.47667993465969 53.518040247503045)
732,,"Aug 27, 2025","Aug 28, 2025",Current,53 Ave to WMD SB Ramp Closure,53 Avenue NW,Whitemud Drive NW,,Total Closure,1 Night,Night work only from 10pm to 6am. 53 Ave to WMD SB ramp will be closed due to a pavement marking install. Use detour route.,Pavement Marking Install,Construction,Southwest,Road,POINT (-113.55868614568186 53.4901720728705)
114,,"Apr 14, 2025","Apr 15, 2025",Complete,Single Lane Closure Southbound,Whitemud Drive NW,53 Avenue NW,Terwillegar Drive NW,Travel Delays,1 Night,April 14th @ 10pm to April 15th @ 6am. Whitemud Dr southbound from 53 Ave to Terwillegar Dr overpass will be reduced to one lane. Expect travel delays.,Light Pole Repair,Construction,Southwest,Road,POINT (-113.5708197261924 53.48248635019089)
656,,"Aug 19, 2025","Aug 19, 2025",Current,101 ST Lane Closure,107 Avenue NW,101 Street NW,103 Street NW,Increased Travel Time,One Day,107 AV westbound reduced to single lane between 09:00-15:30hrs.,Power Line Install,Construction,Central,Road,POINT (-113.4937119799313 53.5511516408433)
507,,"Jul 15, 2025","Jul 18, 2025",Complete,"EB 99 Ave Closed, 110 St - 109 St",99 Avenue NW,110 Street NW,109 Street NW,Directional Closure,4 Days,"Eastbound 99 Ave Closed, 110 St - 109 St.",Power Install,Construction,Central,Road,POINT (-113.51026839033374 53.53724685166811)
11,,"Mar 27, 2025","Apr 09, 2025",Complete,122 Street Closure,122 Street NW,Stony Plain Road NW,103 Avenue NW,Total Closure,2 Weeks,"Total closure of 122 St on the south side of Stony Plain Road.
For more information please visit marigoldinfra.ca/current-constructionnotices/",WLRT Construction,Construction,Central,Road and Sidewalk,POINT (-113.53239686909336 53.54645894768977)
86,,"Apr 07, 2025","Apr 07, 2025",Cancelled,Total Closure,109 Street NW,67 Avenue NW,68 Avenue NW,Total Closure,9:00 am -10:30 am,109 Street will be reduced to a single lane in each direction and subject to 10-minute closures between 9:00 AM and 10:30 AM,Construction,Construction,Central,Road,POINT (-113.51199236718793 53.50390112726083)
755,,"Aug 25, 2025","Aug 29, 2025",Current,111 AV Westbound Lane Closure,111 Avenue NW,102 Street NW,105 Street NW,Increased Travel Time,Five Days,111 AV westbound single lane (curb lane) closure.,Water Repairs,Construction,Central,Road,POINT (-113.50105662474297 53.558908021307765)
394,,"Jun 26, 2025","Jul 03, 2025",Complete,Road Closure,99A Street NW,96 Avenue NW,Scona Road NW,Total Closure,18 Days,99A street will be closed between 9638 99A St to Scona Rd.,Construction,Construction,Central,Road and Sidewalk,POINT (-113.48538527430948 53.5343836195114)
29,,"Jul 25, 2023","Jul 21, 2025",Complete,106st Reduced to 1 Lane Per Direction,106 Street NW,40 Avenue NW,42 Avenue NW,Travel Delays,Long Term Drainage Project,"Starts July 25th. 106st from 40ave to 42ave will be reduced to a single lane per
direction due to a drainage shaft installation. Expect travel delays.",Drainage Shaft,Construction,Southwest,Road,POINT (-113.50616431995685 53.47500371687062)
551,,"Aug 11, 2025","Oct 18, 2025",Revised,98 Av & 213 St Closure,98 Avenue NW,213 Street NW,Winterburn Road,Total Closure,10 Weeks,98 Av will be closed between 213 and 215 St. 213 St will be closed from 98 Av to approximately 50 M N of 98 Av.,Water Line Install,Construction,Northwest,Road,POINT (-113.6860942268538 53.53623385146676)
244,,"Jun 03, 2025","Jun 13, 2025",Complete,91 Street Road Repair,91 Street,41 Avenue SW,73 Avenue SW,Total Closure,11 Days,"Starting June 3, 91 Street is closed from 41 Avenue SW to 73 Avenue SW (Rge Rd 510) for road repairs.",Road Construction,Construction,Southeast,Road,POINT (-113.4672879531645 53.39585395642586)
344,,"Jun 16, 2025","Jun 19, 2025",Complete,Travel Delays,Ellerslie Road,91 Street SW,101 Street SW,Travel Delays,4 Days,"Ellerslie Road EB right lane closure from 91 Street SW - 101 Street  SW , off peak hours for the duration of the work. Please proceed with caution.",Tree shrub install/removal,Construction,Southeast,Road,POINT (-113.47376103564329 53.42501687163976)
419,,"Jun 29, 2025","Jun 29, 2025",Complete,EB Jasper Av Delays,Jasper Avenue NW,121 Street NW,119 Street NW,Travel Delays,1 Day,Jasper Av will be reduced to a single lane in the eastbound direction and the south sidewalk will be closed with a detour to the north sidewalk.,Crane Lift,Construction,Central,Road and Sidewalk,POINT (-113.53082997196275 53.540943710347946)
89,,"Apr 26, 2025","Apr 26, 2025",Complete,148 Street Closure,148 Street NW,98 Avenue NW,Summit Drive NW,Total Closure,2 Hours (9:30 am - 11:30 am),"Total closure of 148 St, 98 Av - Summit Dr to support the Hike for Pilgrims Hospice event.",Special Event,Special Event,Northwest,Road,POINT (-113.57624154409446 53.53616359024319)
48,,"Mar 03, 2025","Apr 04, 2025",Complete,Webber Greens Dr Reduced to 1 Lane EB,Webber Greens Drive,Suder Greens Drive,199 Street NW,Travel Delays,5 Weeks,"Webber Greens Dr will be reduced to 1 lane EB from Mar 3 to Mar 31. Use other
routes. The sidewalk on the North side of Webber Greens Dr will be closed.",Power Install,Construction,Northwest,Road and Sidewalk,POINT (-113.66434327227738 53.523383785046)
85,,"Apr 04, 2025","Apr 14, 2025",Complete,NB Campbell Rd reduced to one lane,Campbell Road,Mark Messier Trail,Anthony Henday Drive,Travel Delays,1 Week,Northbound right lane of Campbell Rd closed at the Naki Transit Center. Access to and from the Transit Centre is maintained.,Road Repair,Construction,Northwest,Road,POINT (-113.57655952837851 53.62920076409079)
223,,"May 20, 2025","May 24, 2025",Complete,Single Lane Closure,99 Street NW,89 Avenue NW,91 Avenue NW,Major Delays,4 Days,Single lane closures on 99 Street between 89 Avenue and 91 Avenue.  Northbound single lane closure is on May 20-21 and Southbound single lane closure is on May May 22-23.,Construction,Construction,Central,Road,POINT (-113.48609180172197 53.524470488869184)
157,,"May 01, 2025","May 02, 2025",Complete,Groat Road Reduced to 1 Lane NB,Groat Road,Victoria Park Road,109 Avenue NW,Travel Delays,2 Days (9am to 3pm),Groat Rd will be reduced to 1 lane NB from Victoria Tr to 109 Av. Stay left or use other routes.,Street Light Repairs,Construction,Northwest,Road,POINT (-113.5374161146178 53.53935562056402)
70,,"Apr 01, 2025","Apr 04, 2025",Complete,Southbound Single Lane Closure,Groat Road NW,112 Avenue NW,,Travel Delays,4 Days,Southbound Groat Rd at 112 Ave is reduced to a single lane due to a failed manhole. Please use other routes,Emergency Manhole Repair,Construction,Northwest,Road,POINT (-113.55121577064297 53.5604891346782)
161,,"Apr 28, 2025","May 09, 2025",Complete,WB directional Closure of 99 Av; 112 St to 113 St,99 Avenue NW,112 Street NW,113 Street NW,Directional Closure,12 Days,"West bound driectional closure of  99 Avenue from 112 Street to 113 Street will be inplace for Power Install work. North sidewalk closure also in place, pedestrain detour to the south side around the work area. Please use other routes.",Power Install,Construction,Central,Road and Sidewalk,POINT (-113.51396296520014 53.53725611325087)
561,,"Jul 27, 2025","Aug 11, 2025",Complete,WMD Reduced to a single lane per direction,Whitemud Drive NW,122 Street NW,Terwillegar Drive NW,Major Delays,2 Weeks,Nightly from 9pm - 6am (9am on the weekends). Whitemud Drive will be reduced to a single lane per direction due to bridge construction. Expect major delays.,Bridge Construction,Construction,Southwest,Road,POINT (-113.54116748362445 53.48307186687647)
3,,"Jan 20, 2025","Jun 14, 2025",Complete,"100 Ave Closed, 110 St - E/O 110 St",100 Avenue NW,110 Street NW,109 Street NW,Total Closure,4.5 Months,"100 Ave closed from 110 St to the first access east of 110 St with local access
maintained between 109 St and the east end of the closure. The north sidewalk of 100 Ave will be signed as a shared pathway between 110 St and the 100 Ave bike facility.",Drainage Shaft Install,Construction,Central,Road and Sidewalk,POINT (-113.51026578039665 53.53885023512868)
831,,"Sep 04, 2025","Sep 04, 2025",Complete,97 Street SB - 137 Ave Traffic Incident,97 STREET NW,137 AVENUE NW,,Traffic Incident Delays,Unknown,"Traffic Incident Southbound on 97 ST south of 137 Ave. Left lane is blocked, stay right",Traffic Incident,Traffic Incident,Northeast,Road,POINT (-113.48837550340336 53.56931199273022)
685,,"Aug 24, 2025","Aug 25, 2025",Complete,WMD WB to TWD SB Ramp Closure,Terwillegar Drive NW,Whitemud Drive NW,,Total Closure,1 Night,Night work only from 10pm - 6am. Whitemud Dr WB to Terwillegar Dr SB ramp will be closed due to a Drainage repair. Follow detour route.,Drainage Repair,Construction,Southwest,Road,POINT (-113.5708197261924 53.48248635019089)
176,,"May 07, 2025","Aug 22, 2025",Current,101 Av - Ravine Dr Recuded to 1 Lane,101 Avenue NW,Ravine Drive,,Travel Delays,4 Months,101 Av and Ravine Dr will be reduced to 1 lane with a yield to oncoming traffic setup. Use other routes.,Drainage Maintenance,Construction,Northwest,Road,POINT (-113.56396523412583 53.54125513503594)
444,,"Jul 03, 2025","Nov 14, 2025",Current,Westbound 167 Ave Closure,167 Avenue NW,McConachie Boulevard,66 Street NW,Total Closure,4.5 Months,"After 9PM, 167 Ave total closure from McConachie Boulevard to 66 Street to support intersection roundabout construction. Detour using 153 Ave or Anthony Henday Drive. South side Shared Pathway closed and detoured through Matt Berry neighbourhood.",66 St and 167 Ave Roundabout,Construction,Northeast,Road and Sidewalk,POINT (-113.43733904838501 53.62863840326516)
234,,"May 21, 2025","May 21, 2025",Complete,Traffic Incident,MARK MESSIER TRAIL NW,156 STREET NW,,Traffic Incident Delays,Unknown,Traffic Incident Mark Messier Trail northbound. Expect delays.,Traffic Incident,Traffic Incident,Northwest,Road,POINT (-113.59124242923853 53.610987151836355)
569,,"Aug 05, 2025","Aug 06, 2025",Complete,Lane Closures,104 Street NW,71 Avenue NW,67 Avenue NW,Major Delays,10:00 pm -6:00 am,104 Street will be reduced to one lane overnight between 71 Avenue and 67 Avenue.,Construction,Construction,Central,Road and Sidewalk,POINT (-113.49768137583537 53.50738423395618)
132,,"May 07, 2025","May 08, 2025",Complete,High Level Bridge Closures,109 Street NW,97 Avenue NW,88 Avenue NW,Total Closure,1 Night: 9:30pm - 6am,"On the night of May 07, the High Level Bridge will be closed to traffic between 9:30pm and 6am including the east sidewalk.",Bridge Maintenance,Construction,Central,Road and Sidewalk,POINT (-113.50853003569836 53.53418047719651)
347,,"Jun 27, 2025","Jul 01, 2025",Complete,University Ave Total Closure,University Avenue NW,115 Street NW,114 Street NW,Total Closure,5 Days,From 18:30 on June 27th to 06:00 July 1st University Ave will be closed from 115 St - 114 St. Follow posted detour route to 87 Ave. Pedestrians will be detoured and wayfinding signage in place. Use other Routes.,LRT Track Repair,Construction,Central,Road and Sidewalk,POINT (-113.52884402100275 53.51697419868826)
204,,"Jun 05, 2025","Aug 29, 2025",REVISED,Hawks Ridge Blvd Closed,Hawks Ridge Boulevard,Hawks Ridge Link,Redtail Common,Total Closure,3 Months,Hawks Ridge Blvd will be closed from Redtail Common to Hawks Ridge Link. Hawks Ridge Link will also be closed from Hawks Ridge Blvd to Peregrine Terrace. Use other routes.,Sewer Install,Construction,Northwest,Road,POINT (-113.69095601230744 53.58735826930868)
670,,"Aug 31, 2025","Aug 31, 2025",Complete,98 St Closure,98 Street NW,105 Avenue NW,107A Avenue nW,Total Closure,9am - 430pm,Starts Sunday Aug 31 at 9am to 430pm. 98 St closed from 105 Ave - 107A Ave due to special event. Parking ban in effect. Detour using other route.,Special Event - Chinatown Summer Festival,Special Event,Central,Road,POINT (-113.48940818645332 53.54856958822002)
368,,"Jul 01, 2025","Jul 02, 2025",Complete,High Level Bridge Closure,109 Street NW,97 Avenue NW,88 Avenue NW,Total Closure,Tues 9:30pm to Wed 1am,"See attached map for details. Road closures as follows: 1. River Valley Road @
9:30pm 2. Walterdale Hill, QE Park Road, 107 St, 98 Av - Jasper Av @ 9:45pm 3.
High Level Bridge @ 10:15pm 4. 97 Av, 105 St - 109 St, 109 St, 97 Av - 100 Av @
11pm.",Canada Day Fireworks,Special Event,Central,Road and Sidewalk,POINT (-113.51206944227012 53.52385132619415)
457,,"Jul 16, 2025","Jul 19, 2025",Complete,97 ST Lane Closures,97 Street NW,116 Avenue NW,118 Avenue NW,Increased Travel Time,Four Days,97 ST northbound at 118 AV will be reduced to single lane (09:00-15:30hrs) and reduced to two lanes outside of these hours. 118 AV eastbound will be reduced to single lane eastbound.,Grind & Pave,Construction,Central,Road and Sidewalk,POINT (-113.49181349984443 53.56731248536923)
542,,"Jul 21, 2025","Jul 21, 2025",Complete,108 Street Total Closure,108 Street NW,82 Avenue NW,83 Avenue NW,Total Closure,1 Day,108 Street from 83 Ave - 82 Ave will be closed for a crane lift. Pedestrians detoured as required. Use other routes,Crane Lift,Construction,Central,Road and Sidewalk,POINT (-113.50934367209491 53.51809605752522)
810,,"Sep 02, 2025","Sep 16, 2025",Current,Baturyn Rehab Stage 10,109 Street NW,169A Avenue NW,168 Avenue NW,Total Closure,Two Weeks,"109 St will be closed from the South side of 169A Ave to the North side of 168 Ave with local access maintained. Pedestrian access will be maintained. Detour using 100 St, 172 Ave, and 171 Ave.",Collector Rehab,Construction,Northeast,Road,POINT (-113.51232624622715 53.631544528393725)
772,,"Sep 02, 2025","Sep 02, 2025",Complete,#1 Single Lane Closure,Whitemud Drive NW,159 Street NW,156 street NW,Travel Delays,1 Day,"Sept 2nd, 10am - 2pm only. Single lane closure on Whitemud Dr EB from 159st to 156st. Expect travel delays.",Electronic Sign Maintenance,Construction,Southwest,Road,POINT (-113.5966398521809 53.51188926851636)
261,,"Jun 05, 2025","Jun 08, 2025",Complete,52 St Road Closure,52 Street NW,129 Avenue NW,130 Avenue NW,Total Closure,Thu at noon - Sun at midnight,"52 St, 130 Ave to south of 130 Ave closed due to special event. Local access maintained via 52 St - 129 Ave.",Special Event - Portugal Day,Special Event,Northeast,Road,POINT (-113.42144976091286 53.58760476755329)
792,,"Aug 28, 2025","Aug 28, 2025",Current,102 Av will be closed from 120 St to the alley east to safely accommodate bikes and pedestrians on the roadway,102 Avenue NW,120 Street NW,119 Street NW,Total Closure,1 Day,"102 Av will be closed, use other routes. Bikes and pedestrians will be detoured onto a shared ""slow zone"" path on the street.",Emergency Water Line Repairs,Construction,Central,Road and Sidewalk,POINT (-113.52866233098511 53.54301780213661)
385,,"Jul 02, 2025","Nov 08, 2025",REVISED,95 Av Reduced to 1 Lane Each Way,95 Avenue NW,163 Street NW,170 Street NW,Travel Delays,4 Months,95 Av will be reduced to 1 lane in each direction from July 2 to November 8. The sidewalks on the north and south side will alternate being closed. 165 and 167 St will be closed. Use other routes and follow pedestrian detours.,Road Rehabilitation,Construction,Northwest,Road and Sidewalk,POINT (-113.61527439566788 53.53168398335468)
822,,"Sep 03, 2025","Oct 31, 2025",Current,Single lane closures,199 Street NW,62 Avenue NW,69 Avenue NW,Travel Delays,2 Months,Starts Sept 3rd. Single lane closures on 199st from 62ave to 69ave due to a drainage install. Two way traffic to be maintained at all times. Speed reduced full time. Expect delays.,DRAINAGE INSTALL,Construction,Southwest,Road and Sidewalk,POINT (-113.66576533527477 53.49384935580956)
857,,"Sep 08, 2025","Sep 09, 2025",Cancelled,test closure,167 ave,142 st nw,127 st,Travel Delays,1,this is a test disruption,this is a test disruption,Special Event,Northwest,,POINT (-113.54123948300901 53.62875038439428)
471,,"Jul 12, 2025","Jul 30, 2025",Complete,100 St Closure,100 Street NW,102 Avenue NW,103 Avenue NW,Total Closure,2.5 Weeks,"Starts Sat July 12 at 6am. 100 St closed from 102 Ave - 103 Ave. East sidewalk
closed, detour using west sidewalk. 102A Ave EBD, 100 St - 101 St closed, local
access via 100 St SBD - S of 103 Ave. Taste of Edmonton. Detour using 97 St or 101 St.",Special Event,Special Event,Central,Road and Sidewalk,POINT (-113.49070462506157 53.543361722501004)
787,,"Sep 04, 2025","Sep 04, 2025",Current,102 ST,102 Street NW,Jasper Avenue NW,102 Avenue NW,Total Closure,One Day,Road segment closed to northbound and southbound vehicle thru traffic. Local access will be maintained.,Crane Lift,Construction,Central,Road and Sidewalk,POINT (-113.49556974628355 53.540931215120395)
694,,"Aug 21, 2025","Aug 22, 2025",Current,Princess Elizabeth AV Lane Closure,Princess Elizabeth Avenue NW,102 Street NW,101 Street NW,Increased Travel Time,One Night,Princess Elizabeth AV eastbound reduced to a single lane between 102 ST and 60 meters east of 102 ST from 21:00hrs 21-Aug-2025 to 06:00hrs 22-Aug-2025.,Power Install/Maintenance,Construction,Central,Road,POINT (-113.49592435451413 53.569513516565166)
362,,"Jun 17, 2025","Jun 17, 2025",Complete,Traffic Incident,WHITEMUD DRIVE NW,111 STREET NW,,Traffic Incident Closure,Unknown,Traffic Incident  - Semi truck blocking the eastbound lanes and part of the 111 St off ramp. Major dealys.,Traffic Incident,Traffic Incident,Southwest,Road,POINT (-113.51688553146936 53.482653515031586)
698,,"Aug 21, 2025","Aug 22, 2025",Complete,98 St; 93 Ave-93A Ave Night Total Closure,98 Street NW,93 Avenue NW,93A Avenue NW,Total Closure,1 night,98 St will be totally closed to vehicle traffic from 93 Ave to 93A Ave. Please use other routes.,Paving,Construction,Central,Road,POINT (-113.48269248195211 53.528245029664845)
803,,"Jun 04, 2025","Sep 30, 2025",Current,101A Ave (Okisikow Way NW) is total closed.,101A Avenue NW,97 Street NW,,Total Closure,4 months (24/7),101A Avenue NW closed from 97 St - 96 St. North sidewalk closed. Pedestrian detour using south sidewalk. Vehicle detour using Jasper Ave and 96 St from Jasper Ave.,Road Rehab,Construction,Central,Road and Sidewalk,POINT (-113.48239495904674 53.54319396374643)
547,,"Jul 26, 2025","Aug 07, 2025",Complete,107 Street Total Closure,107 Street NW,86 Avenue NW,Saskatchewan Drive NW,Total Closure,2 Weeks,Starting July 26th 107 St from 86 Ave to the alley south of Saskatchewan Dr. will be closed. The East to West shared use path will be detoured. Use other routes.,Drainage Construction,Construction,Central,Road and Sidewalk,POINT (-113.50630144583164 53.521933807988134)
562,,"Aug 11, 2025","Aug 01, 2026",Current,Rainbow Valley Bridge Work,Whitemud Drive NW,53 Avenue NW,122 Street NW,Increased Travel Time,Long term Project,Traffic is split over the north bridge deck of Rainbow Valley Bridge. Two lanes will be maintained through the construction zone.,Terwillegar Dr Proj Stage 2,Construction,Southwest,Road,POINT (-113.57201214645684 53.490407577573094)
408,,"Jun 25, 2025","Jul 20, 2025",Complete,113 Street Periodic Closures,113 Street NW,107 Avenue NW,108 Avenue NW,Total Closure,Periodic during 26 Days,113 St will be closed periodically between 107 Av and the alley north of 107 Av.. Use other routes.,Development Work,Construction,Central,Road and Sidewalk,POINT (-113.51577795895335 53.551413990226536)
462,,"Jul 31, 2025","Aug 08, 2025",Current,104 Av Closure,104 Avenue NW,160 Street NW,161 Street NW,Total Closure,8 Days,104 Av will be closed from 160 St to 161 St. Use other routes,Sewer Repairs,Construction,Northwest,Road,POINT (-113.59743658569136 53.54641247294431)
505,,"Jul 14, 2025","Sep 05, 2025",Revised,SB Victoria Trail Outside Lane Closure,Victoria Trail,144 Avenue NW,137 Avenue NW,Travel Delays,7 Weeks,Southbound curb lane of Victoria Trail closed to support work from Hairsine Neighbourhood Rehab.,Hairsine Neighbourhood Rehab,Construction,Northeast,Road,POINT (-113.38288088708703 53.60826884639357)
634,,"Aug 13, 2025","Aug 24, 2025",Complete,83 Ave; 101 St-102 St Total Closure,83 Avenue NW,101 Street NW,102 Street NW,Total Closure,2 Weeks,83 Ave to be totally closed from 101 St to 102 St. Please use other routes.,DRAINAGE REPAIR REPLACE,Construction,Central,Road,POINT (-113.4912825161539 53.51906336543975)
671,,"Aug 22, 2025","Sep 05, 2025",Current,184 St Reduced to 1 Lane NB,184 Street NW,105 Avenue NW,107 Avenue NW,Travel Delays,2 Weeks,184 St will be reduced to 1 lane NB from South of 107 Av to 107 Av. The east sidewalk will be closed as well. Use other routes.,Emergency Drainage Repair,Construction,Northwest,Road and Sidewalk,POINT (-113.63972373925942 53.55327026796662)
651,,"Aug 15, 2025","Oct 22, 2025",Current,149 St Closure N of Stony Plain Rd,149 Street NW,Stony Plain Road,,Total Closure,10 Weeks,149 St will be closed from Stony Plain Rd to the alley N of Stony Plain Rd. Use other routes.,WLRT Track Construction,Construction,Northwest,Road,POINT (-113.57799920175694 53.54173236913862)
196,,"Apr 28, 2025","Jul 15, 2025",Current,Reduced to single lane PM peak,23 Avenue NW,57 Street NW,85 Street NW,Travel Delays,2.5 months,23 Ave WB will be reduced to a single lane daily from 9am - 6:30pm. Sidewalk closed on the N/S of 23 Ave. Pedestrians detoured to the S/S of 23 Ave.,SUP install,Construction,Southeast,Road and Sidewalk,POINT (-113.42771432571433 53.45376385778172)
882,,"Sep 12, 2025","Sep 13, 2025",Current,102A Ave Closure,102A Avenue NW,96 Street NW,97 Street NW,Total Closure,Fri at 12pm - Sat at 7pm,"Total closure of 102A Ave, 96 St - 97 St to accommodate the iHuman Art Walk event. The bike will remain open. Detour using other route.",Special Event - iHuman Art Walk,Special Event,Central,Road,POINT (-113.48294851031301 53.545535104072435)
272,,"Jun 06, 2025","Jun 06, 2025",Complete,102 St closure,102 Street NW,Jasper Avenue NW,102 Avenue NW,Total Closure,"Fri June 6, 9am - 3:30pm",102 St closed from 102 Ave to south 50m. YMCA parkade and DATS bus stop to remain open. East sidewalk closed only. Pedestrian Detour using west sidewalk.,Crane Lift,Construction,Central,Road and Sidewalk,POINT (-113.49556974628355 53.540931215120395)
708,,"Aug 29, 2025","Aug 29, 2025",Current,111 AV Lane Closure,111 Avenue NW,105 Street NW,102 Street NW,Increased Travel Time,One Day,111 AV eastbound will be reduced to a single lane between 09:00-15:30hrs.,Drainage Maintenance,Construction,Central,Road,POINT (-113.49555167002035 53.55889367694429)
531,,"Jul 26, 2025","Jul 26, 2025",Complete,95 ST Total Closure,95 Street NW,108 Avenue NW,109A Avenue NW,Total Closure,One Day (04:00-09:00hrs),95 ST northbound and southbound closed to vehicle traffic between 04:00-09:00hrs. Local access will be maintained. Detour using other routes.,Road work,Construction,Central,Road,POINT (-113.48549759117265 53.55732258796453)
431,,"Jul 10, 2025","Jul 31, 2025",Complete,108 St Closure,108 Street NW,41 Avenue NW,42 Avenue NW,Total Closure,3 Weeks,108 St will be closed from 41 Ave to 42 Ave. Use other routes,Sewer Repair,Construction,Southwest,Road,POINT (-113.51123296583222 53.47781970834696)
282,,"Jun 29, 2025","Jul 16, 2025",Complete,Dovercourt Av Closed,Dovercourt Avenue,135 Street NW,122 Avenue NW,Total Closure,2.5 Weeks,Dovercourt Av will be closed from 135 St to approximately 30m west of 135 St. Use other routes.,Raised Crosswalk Construction,Construction,Northwest,Road,POINT (-113.56110944461858 53.57325576540425)
350,,"Jun 21, 2025","Jun 22, 2025",Complete,Sugar Boddy Classic Criterium Race,81 Avenue NW,156 Street NW,158 Street NW,Total Closure,2 Days (Sat / Sun),"Total closure of the following to accommodate the Sugar Boddy Classic Criterium. 81Av, 156 St - 158 St; 158 St, 81 Av - 79A Av; 157A St, 79A Av - 80 Av; 80 Av, 156 St - 157A St.",Special Event,Special Event,Central,Road,POINT (-113.59508110906934 53.515560336307665)
893,,"Sep 13, 2025","Sep 14, 2025",Current,156 St Total Closure,156 Street NW,77A Avenue NW,79A Avenue NW,Total Closure,2 Days,Sept 13th & 14th from 6am to 5pm only. 156st bridge from 79a Ave to 77a Ave will be closed due to a bridge assessment. Detour using 159st.,Bridge assessment,Construction,Southwest,Road,POINT (-113.59035788756594 53.50985087347888)
286,,"Jun 07, 2025","Jun 18, 2025",Complete,106A Ave Closure,106A Avenue NW,92 Street NW,85 Street NW,Total Closure,1.5 weeks,106A Ave closed from 92 Street to 30m east. South sidewalk closed. Pedestrian detour using north sidewalk.,Water Work,Construction,Central,Road and Sidewalk,POINT (-113.47270167090268 53.55668661395866)
854,,"Sep 08, 2025","Sep 28, 2025",Current,,105 Street,80 Avenue,81 Avenue,Total Closure,21 Days,"Beginning Monday Sept 8 at 9 a.m., 105 Street is closed to vehicle traffic from 80 Avenue to 81 Avenue.",Sewer Installation,Construction,Central,Road,POINT (-113.50045660859884 53.516134719325095)
582,,"Aug 22, 2025","Aug 22, 2025",Complete,114 Ave total closure,114 Avenue NW,94 Street NW,95 Street NW,Total Closure,1 day (2pm - 11:30pm),114 Ave will be total closed from 2pm - 11:30pm for La French Taste special event.,Special Event,Special Event,Central,Road,POINT (-113.48567234653054 53.56426347601103)
110,,"Apr 17, 2025","Nov 30, 2025",Current,109 St-104 Av Lane Reductions/Turn Bans,109 Street NW,104 Avenue NW,,Travel Delays,7.5 Months,"109 St reduced to 2 lanes each way. Left turns banned for SB, EB, and WB. 104 Av reduced to 1 lane each way.
For more information, visit marigoldinfra.ca/current-construction-notices/ or Edmonton.ca/projects_plans/transit/valley-line-west",West LRT Construction,Construction,Central,Road and Sidewalk,POINT (-113.5103202004725 53.52765147616023)
23,,"Jun 20, 2022","Jun 20, 2026",Current,WLRT Construction,Stony Plain Road NW,139 Street NW,157 Street NW,Travel Delays,Long Term Project,"Stony Plain Rd, from 139 St - 157 St, and 149 St, from 100 Av - 102 Av,
will be reduced to 1 lane in each direction for LRT construction work.
Use other routes. Various sidewalk closures will also be required for this
and pedestrians will be detoured",WLRT Construction,Construction,Northwest,Road and Sidewalk,POINT (-113.56136986206472 53.54360426742868)
521,,"Jul 28, 2025","Jul 31, 2025",Complete,101 ST Lane Closure,101 Street NW,104 Avenue NW,103 Avenue NW,Increased Travel Time,Four Days,101 ST southbound reduced to single lane between 104-103 AV from 09:00-15:30hrs.,Landscaping,Construction,Central,Road and Sidewalk,POINT (-113.4937288397726 53.54615345857694)
24,,"Mar 25, 2025","Mar 28, 2025",Complete,Westbound Yellowhead Trail Lane Closure,Yellowhead Trail NW,97 Street NW,107 Street NW,Travel Delays,1 Week,"Starting March 25 Westbound Yellowhead Trail from 97 St - 107 St will
be reduced to two lanes. Use other routes",Underground Investigation,Construction,Northeast,Road,POINT (-113.49210036127148 53.58116276607829)
97,,"Apr 14, 2025","Nov 30, 2025",Current,104 Avenue Lane Reductions,104 Avenue NW,105 Street NW,123 Street NW,Travel Delays,7.5 Months,"104 Ave, 105 St - 123 St will be reduced to a single lane each way starting Mon, April 14th. 
For more information visit marigoldinfra.ca/current-construction-notices/ or Edmonton.ca/projects_plans/transit/valley-line-west",West LRT Construction,Construction,Central,Road and Sidewalk,POINT (-113.5010725747498 53.54621788419007)
175,,"May 08, 2025","May 09, 2025",Complete,Single Lane Closure Eastbound,Whitemud Drive NW,170 Street NW,159 Street NW,Travel Delays,1 Night,Night work (10pm - 6am) only. Whitemud Drive Eastbound from 170st to 159st will be reduced to a single lane due to a street light repair. Expect travel delays.,Street Light Repair,Construction,Southwest,Road,POINT (-113.61543271451671 53.5120766172567)
31,,"Nov 14, 2023","Dec 05, 2025",Current,45 Ave Travel Delays,45 Avenue NW,106 Street NW,,Travel Delays,Long Term Drainage Project,45ave will be reduced to a single travel lane in front of L.Y Cairns School just east of 106st. Expect travel delays.,Drainage Shaft,Construction,Southwest,Road,POINT (-113.55960811146159 53.483398137171974)
607,,"Aug 05, 2025",,Complete,100 Ave and 105 St lane closures,100 Avenue NW,105 Street NW,,Travel Delays,,"105 St southbound to 100 Ave eastbound no left turn. 100 Ave eastbound to 105 St northbound no left turn. 105 St northbound, just south of 100 Ave reduced to a single lane. Use 104 St or 106 St as detours",Drainage Repairs,Construction,Central,Road,POINT (-113.5695062686745 53.53931473133479)
106,,"Apr 15, 2025","Nov 30, 2025",Current,117 Street Closure,117 Street NW,104 Avenue NW,103 Avenue NW,Total Closure,7.5 Months,"Total closure of 117 St on the south side of 104 Ave. No pedestrian access to 104 Av from 117 St.
For more information, visit marigoldinfra.ca/current-construction-notices/ or Edmonton.ca/projects_plans/transit/valley-line-west",West LRT construction,Construction,Central,Road and Sidewalk,POINT (-113.5231354229313 53.546224761084154)
528,,"Aug 02, 2025","Aug 04, 2025",Complete,Borden Park Rd Closure,Borden Park Road NW,73 Street NW,79 Street NW,Total Closure,3 Days,"Intermittent closure of Borden Park Rd, 73 St - to west of 73 St for special event. Local traffic access to the pool & tennis court maintained via 79 St - 112 Ave. Heritage Festival",Special Event,Special Event,Central,Road,POINT (-113.46251786740099 53.56373685907716)
185,,"Jun 02, 2025","Jun 15, 2025",Complete,105A Street Closure,105A Street NW,29 Avenue NW,,Total Closure,2 Weeks,Starts June 2nd. 105A St at 29 Ave will be closed due to a sewer repair. Cyclists and vehicle traffic will need to share a single lane on 29ave.,Sewer Repair,Construction,Southwest,Road,POINT (-113.500901396776 53.460165474123826)
43,,"Apr 04, 2025","Apr 06, 2025",Complete,"87 Av Reduced to 1 Lane EB, 156 Closed NB",87 Avenue NW,156 Street NW,,Travel Delays,"3 Nights, 2 Days","Starting Friday, April 4 at 9pm, 87 Av will be reduced to 1 lane EB, 1 Lane SB on 156 St and 156 St will be closed NB. Use other routes. Left turns will be banned in all directions in the intersection.",Drainage Repair,Construction,Northwest,Road,POINT (-113.59033222425887 53.51945348037158)
396,,"Jun 25, 2025","Jul 04, 2025",Complete,90 St and 105A Ave intersection closure,90 Street NW,105A Avenue NW,,Total Closure,10 days,"intersection of 90 St and 105A Ave will be total closed. Use 87 St, 92 St, or 106 Ave as detour. Sidewalks to remain open but crossings will be closed",Water install,Construction,Central,Road and Sidewalk,POINT (-113.47639195643244 53.58090552209474)
118,,"Apr 17, 2025","Apr 21, 2025",Complete,Reduced to Single Lane Each Direction,101 Street NW,102 Avenue NW,102A Avenue NW,Increased Travel Time,Thur at 7pm to Mon at 6am,"Starts Thur at 7pm until Mon at 6am. 101 St from 102 Ave to 102A Ave reduced to single lane in each direction. East sidewalk closed, pedestrian detour using the west sidewalk. Detour using other route.",Crane Lift,Construction,Central,Road and Sidewalk,POINT (-113.49372272403056 53.54314264213059)
484,,"Jul 07, 2025","Jul 23, 2025",Complete,101A AV Total Closure,101A Avenue NW,90 Street NW,92 Street NW,Total Closure,Two weeks +,"101A AV, 90 ST to the alley west of 90 ST closed in both directions to vehicle traffic. Detour using other routes.",Drainage Repairs,Construction,Central,Road,POINT (-113.4708542506073 53.54457726362809)
194,,"May 10, 2025","May 10, 2025",Complete,"106 St Closed, 100 Ave - 60m South",106 Street NW,100 Avenue NW,99 Avenue NW,Total Closure,1 Day (8am to 5pm),"Starting at 8am on May 10th, 106 St will be closed from 100 Ave to approx. 60m south of 100 Ave including the west sidewalk to allow for a crane lift.",Crane Lift,Construction,Central,Road and Sidewalk,POINT (-113.50292151367864 53.538834998994695)
14,,"Feb 13, 2024","Aug 01, 2025",Current,107 St Closure,107 Street NW,102 Avenue NW,104 Avenue NW,Total Closure,Long Term Project,"107 Street, 103 Av - 104 Av SB will be closed permanantly. NB will be
reduced to a single lane.
107 St, 102 Av - 103 Av will be closed to all traffic except for Fire Hall
Access
For more information visit marigoldinfra.ca/current-construction-notices/",WLRT Production,Construction,Central,Road and Sidewalk,POINT (-113.50474780312669 53.54301439294063)
295,,"Jun 11, 2025","Jun 12, 2025",Complete,Single Lane Closure Eastbound,Whitemud Drive NW,122 Street NW,111 Street NW,Travel Delays,2 Days,Single lane closure on Whitemud Dr Eastbound  from 122 St to 111St due to roadway maintenance. Closure limited to off peak hours. Expect travel delays.,Roadway Maintenance,Construction,Southwest,Road,POINT (-113.51688553146936 53.482653515031586)
97,,"Apr 14, 2025","Nov 30, 2025",Current,104 Avenue Lane Reductions,104 Avenue NW,105 Street NW,123 Street NW,Travel Delays,7.5 Months,"104 Ave, 105 St - 123 St will be reduced to a single lane each way starting Mon, April 14th. 
For more information visit marigoldinfra.ca/current-construction-notices/ or Edmonton.ca/projects_plans/transit/valley-line-west",West LRT Construction,Construction,Central,Road and Sidewalk,POINT (-113.53412880335408 53.54620168462635)
246,,"May 28, 2025","May 29, 2025",Complete,High Level Bridge Closure,109 Street NW,97 Avenue NW,88 Avenue NW,Total Closure,1 Night: 9:30pm - 6am,"On the night of May 28, the High Level Bridge will be closed to traffic between 9:30pm and 6am.",Bridge Maintenance,Construction,Central,Road,POINT (-113.50853003569836 53.53418047719651)
518,,"Jul 18, 2025","Jul 20, 2025",Complete,Walterdale Hill; 109 St to 105 St - Travel Delays,Walterdale Hill NW,109 Street NW,105 Street NW,Travel Delays,3 Days,Walterdale Hill; 109 St to 105 St travel delays from July 18th to July 20th for a special event. Please use other routes.,Special Event,Special Event,Central,Road,POINT (-113.50227447698454 53.52725274639282)
417,,"Jun 28, 2025","Jun 29, 2025",Complete,Whitemud Drive Westbound reduced to 1 lane,Whitemud Drive NW,122 Street NW,53 Avenue NW,Travel Delays,1 Night,9pm to 9am only. Whitemud Dr WB from 122 St to 53 Ave will be reduced to 1 lane due to a project survey. Expect travel delays.,Project Survey,Construction,Southwest,Road,POINT (-113.54116748362445 53.48307186687647)
406,,"Jun 05, 2025","Jul 23, 2025",Complete,113 Street Southbound Lane Closure,113 Street NW,67 Avenue NW,,Travel Delays,1 Month,Southbound 113 St at 67 Ave is reduced to a single travel lane. The west sidewalk will be closed and pedestrian detour in place. Use other routes.,Emergency Drainage Repair,Construction,Central,Road and Sidewalk,POINT (-113.52047638661487 53.5218914497166)
309,,"Jun 06, 2025","Jun 20, 2025",Current,LANE CLOSURE,93 Street NW,34 Avenue NW,34 A Avenue NW,Travel Delays,15 DAYS,93 Street -  BETWEEN 34 Avenue and 34 A Avenue WILL BE REDUCED TO ONE LANE WITH PEDESTRIAN ACCOMMODATION. TRAFFIC DELAYS,DRAINAGE REPAIR REPLACE,Construction,Southeast,Road and Sidewalk,POINT (-113.47500624980005 53.46588431985356)
578,,"Jul 29, 2025","Aug 05, 2025",Current,156 St reduced to 1 lane each way,156 Street NW,111 Avenue NW,112 Avenue NW,Travel Delays,1 Week,156 St is reduced to one lane each way from 111 Av to 112 Av. 112 Av is closed EB and WB at 156 St. Left turns from 112 Av to 156 St are banned in both directions.,Emergency Gas Line Repairs,Construction,Northwest,Road,POINT (-113.59053704879825 53.55893438935895)
387,,"Jul 02, 2025","Nov 30, 2025",Current,231 St Closed,231 Street NW,Secord Road,Rosenthal Boulevard,Total Closure,5 Months,231 St will be closed from July 2 to November 30. Use other routes.,Road Rehab,Construction,Northwest,Road,POINT (-113.71346334161966 53.517927714293556)
651,,"Aug 15, 2025","Oct 22, 2025",Current,149 St Closure N of Stony Plain Rd,149 Street NW,Stony Plain Road,,Total Closure,10 Weeks,149 St will be closed from Stony Plain Rd to the alley N of Stony Plain Rd. Use other routes.,WLRT Track Construction,Construction,Northwest,Road,POINT (-113.57799920175694 53.54173236913862)
725,,"Aug 24, 2025","Aug 24, 2025",Current,Jasper AV Lane Closure,Jasper Avenue NW,101 Street NW,100 Street NW,Increased Travel Time,One Day,Jasper AV eastbound single lane closure.,Building repair/maintenance,Construction,Central,Road and Sidewalk,POINT (-113.49372678450347 53.54093775116459)
116,,"Apr 11, 2025","Apr 11, 2025",Complete,Southbound Directional Closure,170 Street SW,Rabbit Hill Road SW,,Directional Closure,1 Day,170 St SW Southbound closure at Rabbit Hill Rd SW due to a traffic incident. Use other routes,Traffic Incident,Traffic Incident,Southwest,Road,POINT (-113.61373090629247 53.4104774319706)
281,,"Jun 02, 2025","Jun 14, 2025",Complete,124 Av,124 Avenue NW,134 Street NW,St Albert Trail,Total Closure,13 Days,124 Av will be clsoed from 134 St to St Albert Tr. Use other routes.,Raised Crosswalk Construction,Construction,Northwest,Road,POINT (-113.55755757792487 53.57816543325713)
761,,"Sep 05, 2025","Sep 05, 2025",Current,97 ST & 118 AV Lane Closures,97 Street NW,117 Avenue NW,120 Avenue NW,Increased Travel Time,One Day,"97 ST northbound 117-118 AV reduced to a single lane, left turns onto 118 AV westbound will be restricted. 97 ST southbound will be reduced to a single lane, left turns onto 118 AV eastbound will be permitted. 118 AV eastbound at 97 ST will be reduced to a single thru lane, left turns onto 97 ST northbound will be permitted. All obstructions between 09:00-15:00hrs.",Drainage Maintenance,Construction,Central,Road,POINT (-113.4918294310872 53.568853487940416)
488,,"Jul 09, 2025","Jul 14, 2025",Complete,YHT WB to St. Albert Trail Off-Ramp Closure,Yellowhead Trail NW,St Albert Trail NW,,Total Closure,Four Days,"Wednesday 9PM to Thursday at 6AM plus Thursday at 9PM continuously to Saturday at 9AM, Yellowhead Trail Westbound to St. Albert Trail Off-Ramp will be closed. Detour using mid-block access between 127 Street or detour using 149 Street to 128 Avenue.",Utility Installation,Construction,Northeast,Road,POINT (-113.55691699367259 53.58114638923677)
124,,"Apr 24, 2025","May 02, 2025",Complete,WMD WB to TWD SB Ramp closure,Whitemud Drive NW,Terwillegar Drive NW,,Total Closure,6 Nights,"April 24, 25, 26, 27, 29, and May 1 Nightly from 9pm - 6am (9am on weekends). Whitemud Dr WB to Terwillegar Dr SB ramp will be closed. Follow detour route.",Girder Erection,Construction,Southwest,Road,POINT (-113.5304417803415 53.493770973792785)
264,,"May 30, 2025","Jun 10, 2025",Complete,Total Closure,Davies Road,83 Street,86 Street,Total Closure,12 days,Davies Road closed from 100m east of 86 Street to 86 Street.  Local access maintained.,Emergency EPCOR Drainage work,Construction,Southeast,Road,POINT (-113.45502433424842 53.493927464425106)
518,,"Jul 18, 2025","Jul 20, 2025",Complete,Walterdale Hill; 109 St to 105 St - Travel Delays,Walterdale Hill NW,109 Street NW,105 Street NW,Travel Delays,3 Days,Walterdale Hill; 109 St to 105 St travel delays from July 18th to July 20th for a special event. Please use other routes.,Special Event,Special Event,Central,Road,POINT (-113.51173415906193 53.52392925569046)
17,,"Aug 14, 2023","Apr 14, 2025",Complete,104 Av Lane Reductions,104 Avenue NW,121 Street NW,105 Street NW,Travel Delays,Long Term Project,"104 Ave: 2 lanes each way 121 St - 105 St, 109 St: 2 lanes each way
north & south of 104 Ave, Alternating closures of sidewalks as work
progresses - pedestrian access maintained, Left turns banned SB & WB
at 109 St/104 Ave and EB at 107 St/104 Ave",WLRT Construction,Construction,Central,Road and Sidewalk,POINT (-113.5308365123644 53.54626250012303)
31,,"Nov 14, 2023","Dec 05, 2025",Current,45 Ave Travel Delays,45 Avenue NW,106 Street NW,,Travel Delays,Long Term Drainage Project,45ave will be reduced to a single travel lane in front of L.Y Cairns School just east of 106st. Expect travel delays.,Drainage Shaft,Construction,Southwest,Road,POINT (-113.50432350754652 53.48310641302649)
596,,"Jul 21, 2025","Aug 06, 2025",Complete,104 ST Southbound Closre,104 Street NW,102 Avenue NW,Jasper Avenue NW,Directional Closure,Two+ Weeks,Intersection of 104 ST southbound closed at 102 AV. Local access maintained via Jasper AV.,Telus Work,Construction,Central,Road,POINT (-113.4992313535387 53.54300562045794)
874,,"Sep 09, 2025","Sep 14, 2025",Current,Jasper Ave / 124 St reduced to single lane,Jasper Avenue NW,124 Street NW,,Major Delays,6 days,"Jasper Ave and 124 St will be reduced to a single lane in each direction starting immediately until Sun, Aug 14",Water valve repairs,Construction,Central,Road,POINT (-113.5360702819065 53.5415043532287)
546,,"Jul 28, 2025","Sep 27, 2025",Current,170 St Reduced to 2 Lane NB,170 Street NW,90 Avenue NW,95 Avenue NW,Travel Delays,8 Weeks,170 St will be reduced to 2 lane NB from 20m S of 95 Av to 20m N of 95 Av. Stay left or use other routes. The crosswalk on the N and E sides will be closed.,Road/Sidewalk Repairs,Construction,Northwest,Road and Sidewalk,POINT (-113.61527439566788 53.53168398335468)
188,,"May 12, 2025","May 23, 2025",Complete,Single lane closure both directions,Riverbend Road NW,48 Avenue NW,45 Avenue NW,Travel Delays,2 Weeks,Starts May 12th. Riverbend road from 48 Ave to 45 Ave will be reduced to 1 lane in each direction due to a hydrant repair. Expect travel delays.,Hydrant Repair,Construction,Southwest,Road,POINT (-113.57880447617103 53.48364762703372)
527,,"Aug 08, 2025","Sep 05, 2025",Current,124 AV Closure,124 Avenue NW,85 Street NW,86 Street NW,Total Closure,Four Weeks,Road segment closed to vehicle traffic.,Waterline Replace,Construction,Central,Road,POINT (-113.47086166150828 53.5798428308045)
623,,"Aug 14, 2025","Aug 29, 2025",Current,160 Street Closed,160 Street NW,110 Avenue NW,110A Avenue NW,Total Closure,2 Weeks,160 St will be closed from 110 Av to 110A Av. Use other routes.,Water Line Installation,Construction,Northwest,Road,POINT (-113.5958662484914 53.556041231005075)
584,,"Aug 05, 2025","Aug 08, 2025",Complete,107 Street Total Closure,107 Street NW,78 Avenue NW,79 Avenue NW,Total Closure,4 Days (8am - 3pm),107 Street from 78 Ave to the alley north of 78 ave will be closed daily from 8am - 3pm . Use other routes.,Concrete Pour,Construction,Central,Road,POINT (-113.50632395781406 53.51424728480858)
400,,"Jul 01, 2025","Jul 07, 2025",Complete,81 Ave; 101 St to 100 St - Closure,81 Avenue NW,101 Street NW,100 Street NW,Total Closure,1 Week,Special event closusre of 81 Ave; 101 St to 100 St. Local Access will be maintained from 101 Street.,Special Event,Special Event,Central,Road,POINT (-113.4912946128746 53.51706956045672)
501,,"Jul 11, 2025","Jul 11, 2025",Complete,Traffic Incident,YELLOWHEAD TRAIL NW,107 STREET NW,,Traffic Incident Delays,Unknown,Traffic Incident Yellowhead Trail westbound at 107 St.,Traffic Incident,Traffic Incident,Northeast,Road,POINT (-113.5249490750496 53.57821620245865)
403,,"Jul 19, 2025","Jul 19, 2025",Complete,Road and Alley Closure,94 Street NW,118 Avenue NW,117 Avenue NW,Total Closure,09:00 AM-5:00 PM,94 Street will be closed between 118 Avenue and Alley South of 118 Avenue. Alley South of 118 Avenue will be closed between 94 Street and Alley West of  93 Street. Alley West of 93 Street will be closed between 118 Avenue and Alley of South of 118 Avenue.,Special Event,Special Event,Central,Road and Sidewalk,POINT (-113.48576288255836 53.57038858839272)
191,,"May 05, 2025","May 05, 2025",Complete,Traffic Incident,WHITEMUD DRIVE NW,FOX DRIVE NW,,Traffic Incident Delays,Unknown,"Traffic Incident Whitemud Drive eastbound - Fox Drive, left lane blocked.",Traffic Incident,Traffic Incident,Southwest,Road,POINT (-113.56559641293937 53.502879927141066)
703,,"Aug 26, 2025","Oct 31, 2025",Current,Left Turns will be banned on Jasper Avenue at 116 street,Jasper Avenue NW,116 Street NW,,Increased Travel Time,Two Months,"Left Turns will be banned on Jasper Avenue at 116 street, please use 109, 111, 121 streets as alternative routes",Construction,Construction,Central,Road,POINT (-113.49728526790835 53.54471679403813)
39,,"Mar 17, 2025","May 30, 2025",Complete,Single Lane closure per direction,Ellerslie Road SW,Calgary Trail SW,103A Street SW,Major Delays,2.5 Months,Starts March 17th. Ellerslie Rd from Calgary Tr SW to 103 A st will be reduced to one lane westbound until May 30th. Eastbound to be reduced to one lane with a left turn ban until April 17th. Expect major delays.,Water Line Installation,Construction,Southwest,Road,POINT (-113.49455051315498 53.42475577591607)
79,,"Apr 10, 2025","Apr 10, 2025",Complete,96 ST Traffic Split,96 Street NW,82 Avenue NW,81 Avenue NW,Increased Travel Time,One Day,Road segment will be reduced to a single lane between 09:00-15:30hrs with northbound and southbound traffic maintained under flagsperson control.,Power Install,Construction,Central,Road,POINT (-113.47667993465969 53.518040247503045)
873,,"Sep 15, 2025","Sep 25, 2025",Current,Whitemud Dr EB reduced to a single lane,Whitemud Drive NW,Fox Drive NW,Terwillegar Drive NW,Major Delays,10 Nights,Nightly from 9pm - 6am. Whitemud Dr EB will be reduced to a single lane from Fox Dr to Terwillegar Dr. Expect major delays.,Milling and Paving,Construction,Southwest,Road,POINT (-113.5708197261924 53.48248635019089)
186,,"May 22, 2025","Jul 03, 2025",Complete,167 Ave Split to South,167 Avenue NW,66 Street NW,,Travel Delays,Four Weeks,"After 9AM, 167 Ave split to South side through 66 St using left turn bays for WB traffic. Left turns maintained via split phase signal timing. Phase 1 of work. Detour using 153 Avenue, Manning Drive, and 97 Street to access Anthony Henday Drive.",66 St and 167 Ave Roundabout,Construction,Northeast,Road,POINT (-113.44263639842714 53.62849203455579)
131,,"Apr 30, 2025","May 02, 2025",Complete,104 ST Northbound Total Closure,104 Street NW,81 Avenue NW,82 Avenue NW,Total Closure,Three Days,104 ST northbound counterflow lane will be closed to vehicle traffic. Detour using other routes.,Hydrant Install,Construction,Central,Road,POINT (-113.49754172850454 53.517079432144264)
372,,"Jul 01, 2025","Jul 01, 2025",Complete,Canada Day Fireworks Mill woods,66 Street NW,23 Avenue NW,28 Avenue NW,Total Closure,1 Night (7:30 - Midnight),"Total Closure of 66 St, 23 Av to 28 Av from 7:30 p.m. to midnight.
Supportive total road closures from 10:45 p.m. to midnight.:
1) 28 Av, 66 St - Mill Woods Rd;
2) 23 Av, Mill Woods Rd - 66 St;
3) Mill Woods Rd, 23 Av - 28 Av",Canada Day Celebrations,Special Event,Southeast,Road,POINT (-113.43443361417008 53.45846077977932)
172,,"May 27, 2025","May 27, 2025",Complete,"104 Ave (Travel Delays/Closures), 101 St - 105 St",104 Avenue NW,101 Street NW,105 Street NW,Travel Delays,1 Night (4pm - Midnight),"(4pm - 9pm) Travel delays on 104 Ave, 101 St - 105 St due to lane reductions, (9pm - Midnight) closure of 104 Ave, 101 St - 105 St with ETS access maintianed. Please use other routes.",Special Event,Special Event,Central,Road,POINT (-113.4937288397726 53.54615345857694)
20,,"Oct 28, 2024","Oct 31, 2025",Current,Yellowhead Tr North Service Rd Closure,Yellowhead Trail NW,127 Street NW,St Albert Trail NW,Travel Delays,1 Year,"Total closure of the Yellowhead Tr North Service Rd from West of 129
St to East of 128 St. Local access to 129 St, 128 St, and 126 Av
maintained from 127 St.",YHT Freeway conversion,Construction,Northwest,Road,POINT (-113.55691699367259 53.58114638923677)
273,,"Jun 02, 2025","Jun 02, 2025",Complete,Lane Closure,82 Avenue NW,101 Street NW,98 Street NW,Major Delays,Between 9:00 pm and 3:30 am,"Eastbound 82 Avenue will be reduced to a single lane between 101 Street and 98 Street from 9:00 PM to 3:30 AM. Additionally, the left turn lane on northbound and westbound 99 Street will be closed during the same hours.",Construction,Construction,Central,Road,POINT (-113.49126925599182 53.518063721903665)
448,,"Jul 10, 2025","Jul 11, 2025",Complete,Dawson Bridge Closure,Rowland Road NW,84 Street NW,87 Street NW,Total Closure,One Night,Dawson Bridge closed to vehicle traffic (both directions) between 20:00hrs-06:00hrs. Detour using other routes.,Bridge Maintenance,Construction,Central,Road,POINT (-113.45710449785884 53.549364414253695)
47,,"Mar 27, 2025","May 31, 2025",Complete,99 Av Closed,99 Avenue NW,146 Street NW,145 Street NW,Total Closure,2 Years,99 Av is closed from 146 St to 145 St. Use other routes.,Drainage Shaft Repair,Construction,Northwest,Road,POINT (-113.57277910219527 53.53766562713782)
257,,"May 29, 2025","May 29, 2025",Complete,,Whitemud Drive NW,53 Avenue NW,,Traffic Incident Delays,Unknown,Traffic Incident Whitemud Drive eastbound - before 53 Ave. Right lane blocked,Traffic Incident,Traffic Incident,,Road,POINT (-113.57201214645684 53.490407577573094)
885,,"Sep 10, 2025","Sep 10, 2025",Complete,,YELLOWHEAD TRAIL NW,124 STREET NW,,Traffic Incident Delays,Uknown,Stalled vehicle Yellowhead Tr westbound at 124 St. Left lane blocked.,,Traffic Incident,Northeast,Road,POINT (-113.53594189600649 53.58063953586433)
10,,"Mar 29, 2025","Mar 31, 2025",Complete,110 St Closed at Jasper Ave,110 Street NW,100 Avenue NW,Jasper Avenue,Total Closure,3 Days,"Mar 29, Mar 30, & off-peak hours Mar 31: 110 St closed at Jasper Ave (Local access maintained via flag persons), EB Jasper Ave right lane closed, west & south crosswalks & sidewalks on SW corner closed at Jasper Ave/110 St, 110 St bike lane maintained.",Drainage Repair,Construction,Central,Road and Sidewalk,POINT (-113.51026578039665 53.53885023512868)
296,,"Jun 06, 2025","Jun 07, 2025",Complete,81 Ave; 101 St to 100 St - Closure,81 Avenue NW,101 Street NW,100 Street NW,Total Closure,2 Days,Two Event day closures on Friday June 6th from 7pm to 10pm and Saturday June 7th from 11am to 10pm. Local Access will be maintained from 101 Street.,Special Event,Special Event,Central,Road,POINT (-113.4912946128746 53.51706956045672)
684,,"Aug 24, 2025","Aug 25, 2025",Complete,Whitemud reduced to a single Lane per direction,Whitemud Drive NW,122 Street NW,53 Avenue NW,Major Delays,1 Night,Night work from 9pm - 6am. Whitemud Drive will be reduced to a single lane per direction due to a drainage repair. Expect Travel delays.,Drainage Repair,Construction,Southwest,Road,POINT (-113.54116748362445 53.48307186687647)
251,,"May 28, 2025","Oct 30, 2025",Current,Saskatchewan Dr Reduced To a Single Lane,Saskatchewan Drive NW,109 Street NW,104 Street NW,Travel Delays,5 Months,Starting May 28 Saskatchewan Dr from 109 st - 104 st will be redued to a single lane of traffic to accommodate Summer Street. Speeds reduced to 40km/hr.,Saskatchewan Dr Summer Street,Special Event,Central,Road,POINT (-113.4974898228531 53.523361741599594)
36,,"Nov 20, 2024","Mar 31, 2025",Complete,"Flagging on Ellerslie Rd, Rabbit Hill Rd - 141 St",Ellerslie Road SW,Rabbit Hill Road SW,141 Street SW,Travel Delays,Long Duration,"From Novemeber 20, 2024 to March 31, 2025 there will be intermittent flagging
operations on Ellerslie Rd, Rabbit Hill Rd - 141 St. Traffic will be stopped for very short durations during off-peak hours.",Trucks Turning,Construction,Southwest,Road,POINT (-113.56401383717034 53.42491443015256)
396,,"Jun 25, 2025","Jul 04, 2025",Complete,90 St and 105A Ave intersection closure,90 Street NW,105A Avenue NW,,Total Closure,10 days,"intersection of 90 St and 105A Ave will be total closed. Use 87 St, 92 St, or 106 Ave as detour. Sidewalks to remain open but crossings will be closed",Water install,Construction,Central,Road and Sidewalk,POINT (-113.47461814922075 53.5518488729717)
206,,"May 12, 2025","May 12, 2025",Complete,Traffic Incident,WAYNE GRETZKY DRIVE,106 AVENUE NW,,Traffic Incident Delays,Unknown,Stlled vehicle Capilano Bridge northbound.,Traffic Incident,Traffic Incident,Central,Road,POINT (-113.43868740952955 53.54948452072976)
425,,"Jul 04, 2025","Jul 04, 2025",Complete,Northbound single lane closure,McDougall Hill NW,100 Street,101 Street,Travel Delays,1 day (9am - 4pm),McDougall Hill #1 (curb) lane closure from 9am-4pm. Single lanes of traffic for both directions.,Road work,Construction,Central,Road,POINT (-113.48996906962124 53.53959335713517)
558,,"Jul 29, 2025","Aug 01, 2025",Complete,118 Ave WB Reduced to One Lane,118 Avenue NW,66 Street NW,68 Street NW,Travel Delays,Four Days,118 Ave Westbound reduced to one inside lane from West of 66 St to 68 St.,Utility Repair,Construction,Northeast,Road,POINT (-113.44300741126992 53.57035879371781)
95,,"Apr 22, 2025","Jun 17, 2025",Complete,Intersection Total Closure,Stony Plain Road NW,124 Street NW,,Total Closure,8 Weeks,"Total closure of the 124 St - Stony Plain Road intersection for West LRT Construction starts Tuesday, April 22nd at 9am. 
For more information please visit; https://marigoldinfra.ca/current-construction-notices/",West LRT Construction,Construction,Central,Sidewalk,POINT (-113.53590021701291 53.54689704319998)
502,,"Jul 11, 2025","Jul 20, 2025",Current,Drainage Repair,135 Street NW,109 Avenue NW,110 Avenue NW,Total Closure,,135 St between 109 & 109A Ave as well as between 109B & 110 Ave will be closed in 2 locations at the same time for a drainage installation.  ETS Buses will be flagged through the closure.  Closure will be in place during work hours only. Detour via 142 St,Drainage Repair,Construction,Northwest,Sidewalk,POINT (-113.55551505948 53.55719857334738)
341,,"Jun 13, 2025","Jun 13, 2025",Complete,Traffic Incident,GATEWAY BOULEVARD NW,51 AVENUE NW,,Traffic Incident Delays,Unknown,Traffic Incident Gateway Blvd at 51 Ave. Expect delays.,Traffic Incident,Traffic Incident,Southwest,Road,POINT (-113.49185093360715 53.488195976395644)
813,,"Sep 05, 2025","Sep 05, 2025",Complete,85 St Closure,85 Street NW,117 Avenue NW,118 Avenue NW,Total Closure,12:00 - 23:00,"Closure of 85 St, 118 Ave to alley south of 118 Ave. Detour using other route.",Special Event - Hispanic Heritage Month Market,Special Event,Central,Road,POINT (-113.47180664162931 53.56888503473333)
855,,"Sep 08, 2025","Sep 11, 2025",Current,101 ST Traffic Split,101 Street NW,106 Avenue NW,109A Avenue NW,Increased Travel Time,Three Nights,"101 ST northbound and southbound reduced to a single lane with alternating splits between 19:00hrs-06:00hrs. No access to 108 AV (east/west) from 101 ST, no access to 107 AV east of 101 ST. Local access will be maintained.",Mill & Overlay,Construction,Central,Road,POINT (-113.4937112089331 53.55597735777694)
34,,"Oct 16, 2024","Mar 31, 2025",Complete,"199 St, South of 69 Avenue - Total Closure",199 Street NW,69 Avenue NW,62 Avenue NW,Total Closure,5 Months,"199 St will be totally closed to vehicle traffic South of 69 Ave between 6315 199 St andEast of 1585 Glastonbury Blvd for Drainage Install from, Oct 16th to March 31st. Please use other routes.",Drainage Install,Construction,Southwest,Road,POINT (-113.66449315062239 53.50245181084258)
318,,"Jun 10, 2025","Jun 10, 2025",Complete,Lane Closure,Gateway Boulevard NW,76 Avenue NW,80 Avenue NW,Major Delays,9:30PM-1:30AM,Gateway Boulevard will be reduced two lanes between 76 Avenue and 80 Avenue during 9:30 pm - 1:30 am,Construction,Construction,Central,Road and Sidewalk,POINT (-113.49461493329468 53.5123424561986)
839,,"Sep 11, 2025","Oct 02, 2025",REVISED,153 Av closed from 18 St - Victoria Tr,153 Avenue NW,18 Street NW,Victoria Trail,Total Closure,3 Weeks,153 Av will be closed starting on September 11 from 18 St to Victoria Tr.,Utility Installation,Construction,Northwest,Road,POINT (-113.36901354280538 53.616188689900106)
218,,"May 15, 2025","May 16, 2025",Complete,Road Closure,98 Street NW,83 Avenue NW,81 Avenue NW,Total Closure,9:00 am -15:30,98 Street will be closed between 83 Avenue and 81 Avenue.,Construction,Construction,Central,Road,POINT (-113.48279177434134 53.519045172223976)
833,,"Sep 08, 2025","Dec 08, 2025",Current,Calgary Tr SW Service road Northbound Closed,103A Street SW,Calgary Trail SW,,Directional Closure,3 Months,Starts Sept 8th. Calgary Tr SW service Rd NB will be closed at 103A St due to a Drainage repair. Southbound access from Ellerslie Rd remains open.,Drainage Repair,Construction,Southwest,Road,POINT (-113.49628464282131 53.422350072008726)
155,,"May 12, 2025","Jul 08, 2025",Complete,Secord Blvd Closed,Secord Boulevard,223 Street NW,221 Street NW,Total Closure,8 Weeks,Secord Blvd will be closed from 223 St to 221 Street from May 12 to July 8. Use other routes.,Drainage Installation,Construction,Northwest,Road,POINT (-113.70060680778235 53.53670129081824)
666,,"Sep 01, 2025","Sep 25, 2025",Current,115 Av Closure,115 Avenue NW,Groat Road,134 Street NW,Total Closure,3.5 Weeks,115 Av will be closed from Groat Rd to the alley west of Groat Rd. Use other routes.,Drainage Repairs,Construction,Northwest,Road,POINT (-113.55043175630043 53.565094961315886)
568,,"Jul 30, 2025","Aug 12, 2025",Current,107 St/130 Ave Intersection Closure,107 Street NW,130 Avenue NW,,Total Closure,Two Weeks,,Utility Installation,Construction,Northeast,Road and Sidewalk,POINT (-113.50880512703432 53.54789056895558)
119,,"Apr 14, 2025","Apr 25, 2025",Complete,West Bound Closure - 106 Av; 96 St - 97 St,106 Avenue NW,96 Street NW,97 Street NW,Directional Closure,12 Days,106 Avenue from 96 Street to 97 Street will be closed in the west bound direction for Manhole roof rebuild work. Please detour to 106A Ave or 105A Ave to continue west bound.,Manhole Roof Rebuild,Construction,Central,Road,POINT (-113.48543921681116 53.550744258159)
497,,"Jul 15, 2025","Jul 16, 2025",Complete,100 Av Closure,103 Avenue NW,122 Street NW,,Total Closure,"1 Night, 10pm - 6am",103 Av and 122 St intersection closed with only right turn access maintained in all directions.,Utility Work,Construction,Central,Road,POINT (-113.53235350922124 53.54461366429538)
691,,"Aug 22, 2025","Aug 24, 2025",Complete,,109 Street NW,63 Avenue NW,64 Avenue NW,Travel Delays,3 Days,Starting at 8pm on August 22 northbound 109 St from 63 Ave - 64 Ave will be reduced to a single lane. Use other routes.,Drainage Repair,Construction,Central,Road,POINT (-113.51198017676833 53.50010627043325)
227,,"May 26, 2025","Jun 23, 2025",Complete,Lane closures on Whitemud Drive,Whitemud Drive NW,159 Street NW,53 Avenue NW,Travel Delays,1 Month,Nightly from 10pm - 6am. Whitemud Dr from 159 St to 53 Ave will have multiple lane closures in each direction. Expect Travel delays.,Bridge Maintenance,Construction,Southwest,Road,POINT (-113.5966398521809 53.51188926851636)
368,,"Jul 01, 2025","Jul 02, 2025",Complete,High Level Bridge Closure,109 Street NW,97 Avenue NW,88 Avenue NW,Total Closure,Tues 9:30pm to Wed 1am,"See attached map for details. Road closures as follows: 1. River Valley Road @
9:30pm 2. Walterdale Hill, QE Park Road, 107 St, 98 Av - Jasper Av @ 9:45pm 3.
High Level Bridge @ 10:15pm 4. 97 Av, 105 St - 109 St, 109 St, 97 Av - 100 Av @
11pm.",Canada Day Fireworks,Special Event,Central,Road and Sidewalk,POINT (-113.50853003569836 53.53418047719651)
57,,"Apr 19, 2025","Jun 30, 2025",Complete,102 St; 104 Av - South of 105 Av Total Closure,102 Street NW,104 Avenue NW,105 Avenue NW,Total Closure,As required,"Closure of 102 St, 104 Ave to South of 105 Ave due to special event - Oilers playoffs. Also closed: Eastbound 105 Ave, 103 St - 101 St.  Local access available via 102 St and Wesbound 105 Ave.",Special Event,Special Event,Central,Road,POINT (-113.49553384677675 53.54618111099898)
104,,"Apr 14, 2025","Nov 30, 2025",Current,119 St Closure,119 Street NW,104 Avenue NW,103 Avenue NW,Total Closure,7.5 Months,"Total closure of 119 St on the south side of 104 Ave.  No pedestrian access from 119 St to 104 Av.
For more information, visit marigoldinfra.ca/current-construction-notices/ or Edmonton.ca/projects_plans/transit/valley-line-west",West LRT Construction,Construction,Central,Road and Sidewalk,POINT (-113.52678770360808 53.54621009189389)
470,,"Aug 08, 2025","Aug 10, 2025",Complete,WMD WB to TWD SB Ramp closure,Whitemud Drive NW,Terwillegar Drive NW,,Total Closure,2 Nights,Nightly from 10pm - 9am only. Whitemud Dr WB to Terwillegar Dr SB ramp will be closed. Follow detour route.,Bridge Construction,Construction,Southwest,Road,POINT (-113.5708197261924 53.48248635019089)
288,,"Jun 09, 2025","Jun 28, 2025",Complete,Kingsway Av Eastbound Delays,Kingsway NW,108 Street,,Travel Delays,20 Days,Kingsway Av will be reduced to a single lane eastbound at 108 St.,Drainage Repairs,Construction,Central,Road,POINT (-113.51216251596276 53.56245481484632)
541,,"Jul 26, 2025","Jul 27, 2025",Hold,Lane Closures,82 Avenue NW,111 Street NW,112 Street NW,Major Delays,9:00 pm - 07:00 am,"Eastbound 82 Avenue will be converted to two-way traffic, accommodating both eastbound and westbound lanes. This change will affect the section between 111 Street and 112 Street, and it will be implemented on July 26 at 9:00 PM and on July 27 at 7:00 AM.",Construction,Construction,Central,Road and Sidewalk,POINT (-113.5178213453063 53.518110742891764)
728,,"Aug 22, 2025","Aug 22, 2025",Complete,test disruption,180A Avenue NW,93 Street NW,94 Street NW,Major Delays,1 day,test,test,Special Event,Northeast,Road and Sidewalk,POINT (-113.48472460214265 53.64289847432143)
418,,"Jul 02, 2025","Jul 03, 2025",Complete,50 Street Bridge Closure,50 Street,Whitemud Drive,,Increased Travel Time,1 Night (10 p.m. - 6 a.m.),"Starting at 10 p.m. Wednesday July 2, 50 Street Bridge over Whitemud Drive is closed northbound and southbound for Bridge Work.   Use 34 Street or 66 Street.  Emergency Access over Bridge Deck is maintained in all directions.",Bridge Work,Construction,Southeast,Road,POINT (-113.41795769197678 53.52603418916443)
122,,"Apr 14, 2025","Aug 22, 2025",Revised,132 Ave East Rehab - Phase 1B,132 Avenue NW,69 Street NW,66 Street NW,Total Closure,Four Months,"132 Ave closed from East side of 69 St to West side of 66 St. North sidewalk closed to start, South sidewalk closed after completion of North side.",Arterial Rehab,Construction,Northeast,Road and Sidewalk,POINT (-113.4429768164752 53.59226760459823)
643,,"Aug 14, 2025","Aug 15, 2025",Complete,180A Avenue between 93 and 94 Street will be closed for a special event,180A Avenue NW,93 Street NW,94 Street NW,Total Closure,1 day,180A Avenue between 93 and 94 Street will be closed for a special event,Special Event,Special Event,Northeast,Road,POINT (-113.48472460214265 53.64289847432143)
266,,"Jun 01, 2025","Jun 02, 2025",Complete,Single lane closure eastbound,Whitemud Drive NW,Terwillegar Drive NW,122 Street NW,Travel Delays,1 Night,Night work only from 10pm - 6am. Whitemud Dr Eastbound from Terwillegar Dr to 122st will be reduced to one lane. Expect travel delays.,Pavement marking weave,Construction,Southwest,Road,POINT (-113.54116748362445 53.48307186687647)
114,,"Apr 14, 2025","Apr 15, 2025",Complete,Single Lane Closure Southbound,Whitemud Drive NW,53 Avenue NW,Terwillegar Drive NW,Travel Delays,1 Night,April 14th @ 10pm to April 15th @ 6am. Whitemud Dr southbound from 53 Ave to Terwillegar Dr overpass will be reduced to one lane. Expect travel delays.,Light Pole Repair,Construction,Southwest,Road,POINT (-113.57201214645684 53.490407577573094)
588,,"Aug 17, 2025","Aug 17, 2025",Complete,2025 City Marathon 3/4,124 Street NW,102 Avenue NW,Jasper Avenue NW,Total Closure,5am to 2:30pm,"Total closure of 124 St, Jasper Av - 102 Av.",Edmonton Marathon,Special Event,Central,Road,POINT (-113.53589795229281 53.54302873504602)
76,,"Apr 04, 2025","Apr 04, 2025",Complete,#1 Single lane closure,Whitemud Drive NW,Fox Drive NW,149 Street NW,Travel Delays,1 Day,April 4th from 9am - 3pm only. #1 Northbound lane closure on Whitemud Drive from Fox Dr - 149 St due to a Street Light repair. Speed reduced accordingly. Expect travel delays.,Street Light Repair Replace,Construction,Southwest,Road,POINT (-113.56559641293937 53.502879927141066)
477,,"Jul 10, 2025","Jul 11, 2025",Complete,EB 82 Ave; 93 St-91 St Single Lane,82 Avenue NW,93 Street NW,91 Street NW,Travel Delays,1 Day (19:00-15:30),EB 82 Ave to be reduced to a single lane from 93 St to 91 St. No left turns allowed in all directions at 93 St.,Drainage Repair Replace,Construction,Central,Road and Sidewalk,POINT (-113.4701518242521 53.518029819442894)
142,,"Apr 28, 2025","May 22, 2025",Complete,Baturyn Collector Rehab Stage 1,100 Street NW,Castle Downs Road,168 Avenue NW,Total Closure,Four Weeks,100 St from the North side of Castle Downs Road to the South half of 168 Ave will be closed. Pedestrian access will be maintained. Detour using 109 St and 172 Ave.,Collector Rehab,Construction,Northeast,Road,POINT (-113.49841292017885 53.62884141233108)
180,,"May 31, 2025","May 31, 2025",Complete,River Valley Rd Closure,River Valley Road NW,105 Street NW,Groat Road NW,Total Closure,7 am - 12 pm (5 Hours),Total closure of River Valley Road to accommodate the Kids of Steel event. Golf course access maintained from the West side of River Valley Road. Royal Glenora access maintained from Fortway Dr.,Special Event,Special Event,Central,Road,POINT (-113.53686440013828 53.53798523953657)
556,,"Jul 25, 2025","Jul 26, 2025",Complete,78 Ave; 99 St to 100 St - Total Closure,78 Avenue NW,99 Street NW,100 Street NW,Total Closure,2 Days,Total Closure of 78 Ave; 99 Street to 100 Street on July 25th and July 26tth for two special events. Please use detour around.,2 Special Events,Special Event,Central,Road,POINT (-113.48612628345525 53.514210803198644)
867,,"Sep 12, 2025","Sep 13, 2025",Current,Stadium Rd Closure,Stadium Road NW,107A Avenue NW,112 Avenue NW,Total Closure,Fri & Sat (3pm - midnight),"Total Closure on a) Stadium Rd, 107A Av-112 Av b) Muttart Crossing, 106A Av-Stadium Rd. Expect travel delays on a) 95 St, 103A Av - 115 Av b) 112 Av, 82 St-97 St c) 107A Av,92-97 St d) 86 St, 112 Av-Fort Rd.",Commonwealth Stadium Event - Morgan Wallen Concert,Special Event,Central,Road,POINT (-113.47925802356895 53.55473524169338)
773,,"Aug 29, 2025","Oct 04, 2025",Current,Inside lane closures per direction,Whitemud Drive NW,122 Street NW,111 Street NW,Travel Delays,6 Days,Every Saturday from Aug 29th until Oct 4th. Inside lane closures per direction along Whitemud Dr from 122st to 111st. Expect travel delays.,Concrete Repair,Construction,Southwest,Road,POINT (-113.51688553146936 53.482653515031586)
277,,"Jun 06, 2025","Jun 09, 2025",Complete,"103 Ave Closed, 116 St - Alley W/O 116 St",103 Avenue NW,116 Street NW,117 Street NW,Total Closure,Fri 6:30pm - Mon 6am,103 Ave will be closed from 116 St to the alley west of 116 St.,Crane Lift,Construction,Central,Road,POINT (-113.52129434515659 53.544614850487505)
54,,"Apr 03, 2025","Aug 15, 2025",Current,Various lane closures,50 Street,Jamha Road,52 Avenue,Increased Travel Time,135 Days,50 St will be reduced in capacity between Jamha Road and 52 Avenue in various phases for bridge rehabilitation construction. Use other routes.,Bridge Rehabilitation,Construction,Southeast,Road and Sidewalk,POINT (-113.41816934466705 53.489808555424354)
805,,"Sep 08, 2025","Sep 12, 2025",Current,125 St Closure,125 Street NW,124 Avenue NW,123 Avenue NW,Total Closure,5 Days,125 St will be closed from 123 - 124 Av. Use other routes,Water Utility Construction,Construction,Central,Road,POINT (-113.53773275570796 53.57927349511717)
247,,"May 25, 2025","Oct 31, 2025",Current,Sidewalk Closed on East Side,142 Street NW,Stony Plain Road,103 Avenue NW,Travel Delays,5 Months,The sidewalk on the East side of 142 St will be closed from 103 Av South to 103 Av North. Detour to the West side or use the alley.,Hoarding,Construction,Northwest,Sidewalk,POINT (-113.56559986401645 53.54292039864096)
741,,"Aug 25, 2025","Aug 26, 2025",Complete,122 Ave total closure,122 Avenue NW,124 Street NW,125 Street NW,Total Closure,2 days,122 Ave total closed. Use 121 Ave or 123 Ave as detours,Drainage repairs,Construction,Central,Road,POINT (-113.53592255273095 53.57670624635327)
747,,"Aug 05, 2025","Sep 13, 2025",Current,61 Ave; 86 St-West of 86 St,61 Avenue NW,86 Street NW,,Total Closure,3 Weeks,61 Ave to be totally closed from 86 St to 50m West of 86 St.,ROAD CONSTRUCTION REHAB,Construction,Central,Road,POINT (-113.45502303513041 53.49704425858309)
150,,"May 01, 2025","May 02, 2025",Complete,Yellowhead Trail Lane reductions and closure,Yellowhead Trail NW,St Albert Trail NW,149 Street NW,Travel Delays,1 Nihgt (9 pm - 6 am),"Yellowhead Tr WB, St Albert Tr to 149 St will be reduced to a single lane. Between the hours of 1am to 4am there will be up to a 20 minute total closure, Traffic will be detoured over the St Albert Trail Overpass to access Yellowhead Trail WB.",YHT Freeway Conversion,Construction,Northwest,Road,POINT (-113.57802207624547 53.581521653628485)
237,,"Jun 11, 2025","Jun 12, 2025",Complete,Single lane closure Eastbound,Whitemud Drive NW,53 Avenue NW,Terwillegar Drive NW,Travel Delays,1 Night,Night time lane closure only from 10pm - 6am. Whitemud drive will be reduced to 1 lane eastbound for a drianage inspection. Expect travel delays.,Drainage Inspection,Construction,Southwest,Road,POINT (-113.57201214645684 53.490407577573094)
302,,"Jun 09, 2025","Jun 10, 2025",Complete,Southbound lane closure,87 Street NW,82 Avenue NW,81 Avenue NW,Directional Closure,9:00PM-12:00AM,Southbound of 87 Street will be closed between 82 Avenue and 81 Avenue.,Construction,Construction,Central,Road and Sidewalk,POINT (-113.4613575487561 53.518090380297295)
51,,"Mar 27, 2025","Jun 20, 2028",Hold,Various Lane Closures,142 Street NW,101 Avenue NW,103 Avenue NW,Travel Delays,6 Years,142 St will be reduced in capacity between 101 Av and 103 Av in vairous phases for West LRT construction. Use other routes.,WLRT Construction,Construction,Northwest,Road,POINT (-113.56569162089528 53.54124331107264)
393,,"Jun 25, 2025","Jun 26, 2025",Complete,Road Repair Lane Closure,99 Street NW,63 Avenue NW,,Major Delays,8:00 PM-6:00AM,No left turns at 99 Street and 63 Avenue intersection. 63 Avenue Eastbound and 99 street Southbound will be reduced one lane.  63 Avenue Westbound and 99 Street Northbound will be reduced two lanes.,Construction,Construction,Central,Road and Sidewalk,POINT (-113.4861728572121 53.49989724693371)
7,,"Mar 24, 2025","Mar 28, 2025",Complete,One Lane Closure,82 Avenue NW,110 Street NW,111 Street NW,Increased Travel Time,4 Days,82 Avenue Westbound curb lane will be closed between 110 Street and 111 street.,Construction,Construction,Central,Road,POINT (-113.51500110241618 53.518105239858286)
892,,"Sep 13, 2025","Sep 14, 2025",Current,Lane closures on Whitemud Drive,Whitemud Drive NW,149 Street NW,159 Street NW,Travel Delays,2 Days,Sept 13th & 14th from 6am to 5pm. There will be several lane closures along WMD from 149st to 159st due to a bridge assessment. Expect travel delays.,Bridge Assessment,Construction,Southwest,Road,POINT (-113.57854280027952 53.51363442866546)
162,,"May 07, 2025","May 16, 2025",Complete,YHT WB On-Ramp Closure,Yellowhead Trail NW,149 Street NW,156 Street NW,Travel Delays,9 Days,Closure of the Yellowhead Trail WB On-Ramp from the Service Road. Traffic can detour over top of 156 St to access Yellowhead Trail.,YHT Freeway Conversion,Construction,Northwest,Road,POINT (-113.57802207624547 53.581521653628485)
522,,"Jul 18, 2025","Jul 18, 2025",Cancelled,Lane Closure,82 Avenue NW,104 Street NW,Gateway Boulevard NW,Major Delays,1 Day,82 Avenue (Whyte) will be reduced one lane between 104 street and Gateway Boulevard (103 Street).,Construction,Construction,Central,Road and Sidewalk,POINT (-113.49757913031738 53.518075060706636)
209,,"May 20, 2025","Sep 30, 2025",Current,Reduced to one lane each direction,50 Street,Watt Common SW,22 Avenue SW,Increased Travel Time,134 Days,"Beginning Tuesday May 20 at 9:00 a.m., 50 Street is reduced to one lane each direction for 50 Street Road Improvements.  No Left turn northbound at 22 Avenue SW.  No Left Turn northbound at Watt Common SW.",50 Street Road Improvements,Construction,Southeast,Road and Sidewalk,POINT (-113.41799364417156 53.42119239221311)
348,,"Jun 15, 2025","Aug 29, 2025",Revised,121 St Reduced to One Lane Each Direction,121 Street NW,Yellowhead Trail,Flight Line Road,Travel Delays,Two Months,121 St will be reduced to one lane NB and SB from Yellowhead Trail to North of Flight Line Road via traffic splits and single lane closures. Reduced capacity of WB Yellowhead Trail to SB 121 St double left turn bay.,Yellowhead Tr Freeway Project,Construction,Northeast,Road,POINT (-113.52560756652626 53.580709986440034)
628,,"Aug 12, 2025","Aug 12, 2025",Complete,Traffic Incident,YELLOWHEAD TRAIL NW,62 STREET NW,,Traffic Incident Delays,Uknown,Traffic Incident Yellowhead Trail westbound. Right lanes blocked.,Traffic Incident,Traffic Incident,Northeast,Road,POINT (-113.43698223102726 53.57840091970766)
27,,"Jun 16, 2023","Sep 13, 2025",Current,106 St Reduced to 1 Lane Per Direction,106 Street NW,36A Avenue NW,38 Avenue NW,Travel Delays,Long Term Drainage Project,106 St from 36A ave - 38 ave will be reduced to a single lane per direction due to a drainage shaft installation. Expect travel delays.,Drainage Shaft,Construction,Southwest,Road and Sidewalk,POINT (-113.50415419714412 53.47121212687826)
452,,"Jul 01, 2025","Jul 10, 2025",Complete,Watermain Break,158 Avenue NW,64 Street NW,66 Street NW,Increased Travel Time,10 Days,158 Avenue betwween 64 Street and 66 Street is reduced to one lane in each direction with no parking allowed due to a watermain break.  Pedestrian detour is in effect.  Detour using 153 Avenue,Watermain Break,Construction,Northeast,Road and Sidewalk,POINT (-113.44005602629869 53.61931029243694)
799,,"Sep 18, 2025","Sep 27, 2025",Current,100 Ave closed from 147 st to 146 st.,100 Avenue,147 Street,146 Street,Total Closure,40 Days,100 Ave closed from 147 st to 146 st. Use 99 ave to detour,Water line repair,Construction,Northwest,Road and Sidewalk,POINT (-113.57452700242312 53.53926310924436)
65,,"Jan 08, 2025","Apr 30, 2025",Complete,98 AV Traffic Split,98 Avenue NW,91 Street NW,93 Street NW,Increased Travel Time,3+ Months,98 AV will be reduced to a single lane in each direction and split to the south side of the road.,Drainage Construction,Construction,Central,Road,POINT (-113.46694934270276 53.538248840842186)
429,,"Jul 04, 2025","Aug 30, 2025",Complete,University Ave Traffic Split,University Avenue NW,119 Street NW,Saskatchewan Drive NW,Travel Delays,6 Weeks,Starting July 4th @ 9am the westbound lanes will be closed on University Ave  from 119 St - Saskatchewan Dr. Two-way traffic will be maintained on the eastbound lanes. Use other routes.,Waterline Installation,Construction,Central,Road,POINT (-113.5344560363966 53.51787709612542)
199,,"May 08, 2025","May 09, 2025",Complete,Single Lane Closure,112 Street NW,86 Avenue NW,85 Avenue NW,Travel Delays,22:00-06:00 am,112 street will be reduced to single lane North/South between 86 Avenue and 85 Avenue.,Construction,Construction,Central,Road,POINT (-113.52084757752729 53.52195073396458)
871,,"Sep 11, 2025","Sep 11, 2025",Current,102 ST & 102 AV Closure,102 Street NW,Jasper Avenue NW,102 Avenue NW,Total Closure,One Night,102 ST at 102 AV closed to vehicle traffic between the hours of 2100hrs-Midnight. Local access will be maintained.,Drainage Maintenance,Construction,Central,Road,POINT (-113.49556974628355 53.540931215120395)
179,,"May 18, 2025","May 18, 2025",Complete,Vaisakhi Nagar (Sikh Parade),23 Avenue NW,Mill Woods Road East NW,,Total Closure,1 day,Mill Woods Rd South and Mill Woods Rd East will be closed in stages for the Vaisakhi Nagar Parade.  23 Av will experience a closure when the parade crosses between 12:00 - 13:00 hr.,Special Event Parade,Special Event,Southeast,Road,POINT (-113.40907401656007 53.45537947979881)
134,,"Apr 19, 2025","Apr 20, 2025",Complete,Single Lane Closure,112 Street NW,87 Avenue NW,86 Avenue NW,Increased Travel Time,9:00-15:00 / 2 Days,The curb lane of Southbound 112 Street will be closed between 87 Avenue and 86 Avenue,Construction,Construction,Central,Road,POINT (-113.52085572454202 53.52289966741331)
416,,"Jun 26, 2025","Jun 26, 2025",Complete,Traffic Incident,GATEWAY BOULEVARD NW,51 AVENUE NW,,Traffic Incident Delays,2 Hours,"Traffic Incident at the train crossing. 51 Ave  westbound at 99 St is closed, 51 Ave EB at Gateway Blvd is closed.",Traffic Incident,Traffic Incident,Southwest,Road,POINT (-113.49185093360715 53.488195976395644)
615,,"Aug 13, 2025","Aug 15, 2025",Current,101A AV Westbound Closure,101A Avenue NW,100 Street NW,100A Street NW,Directional Closure,Three Days,101A AV westbound will be closed to vehicle traffic from 30 meters east of 100A ST to 100A ST. No northbound vehicle access on 100A ST at 101A AV. Local access will be maintained.,Power Repair / Replace,Construction,Central,Road and Sidewalk,POINT (-113.49050239837139 53.542259358222395)
166,,"May 19, 2025","May 19, 2025",Complete,High Level Bridge East Approach Closure,109 Street NW,97 Street NW,88 Avenue NW,Travel Delays,11:45 pm - 12:30 pm (45 Min),Closure of the East approach to High Level bridge and the East sidewalk to accommodate the Victoria Day Royal Salute.,Artillery Salute,Special Event,Central,Road and Sidewalk,POINT (-113.51206944227012 53.52385132619415)
635,,"Aug 24, 2025","Aug 24, 2025",Complete,95 St Closure,95 Street NW,108 Avenue NW,109A Avenue NW,Total Closure,8am - 9pm,"Total closure of the folowing roads to accommodate the Festa Italiana event.
95 St, 108 Av - 109A Av; 108A Av, 94 St - 95 St; 109A Av, 94 St - 95 St;",Special Event,Special Event,Central,Road,POINT (-113.48549759117265 53.55732258796453)
326,,"Jun 23, 2025","Jun 28, 2025",Complete,High Level Bridge Closures,109 Street NW,97 Avenue NW,88 Avenue NW,Total Closure,"Nightly, 9:30pm - 6am",High Level Bridge and the east sidewalk will be closed nightly 9:30pm and 6am.,Bridge Washing and Maintenance,Construction,Central,Road and Sidewalk,POINT (-113.50853003569836 53.53418047719651)
572,,"Aug 09, 2025","Aug 09, 2025",Complete,Jasper Ave Closure,Jasper Avenue NW,100 Street NW,109 Street NW,Total Closure,Sat. Aug 9 (11am - 2pm),"Jasper Av, 100 St - 109 St will be totally closed as part of the Cariwest Parade route. No parking permitted. Vehicles will be tagged and towed.",Cariwest Parade,Special Event,Central,Road,POINT (-113.50843131099253 53.54094270944539)
255,,"Jun 05, 2025","Jun 06, 2025",Complete,#1 Single lane closure Northbound,Whitemud Drive NW,53 Avenue NW,Fox Drive NW,Travel Delays,1 Day,"June 5th from 9am - 3pm only. #1 single lane closure Northbound on Whitemud
Dr from 53 Ave to Fox Dr. Expect delays.",Guardrail Repair,Construction,Southwest,Road,POINT (-113.57201214645684 53.490407577573094)
338,,"Jun 16, 2025","Jun 27, 2025",Complete,113 Ave total closure,113 Avenue NW,83 Street NW,84 Street NW,Total Closure,1.5 weeks,"113 Ave will be total closed. Use 112 Ave, 114 Ave, or 84 St as detour.",Sewer repairs,Construction,Central,Road,POINT (-113.46879874977927 53.56275137270329)
828,,"Sep 09, 2025","Sep 13, 2025",Current,Whitemud Drive reduced to a single lane per direction,Whitemud Drive NW,53 Avenue NW,122 Street NW,Major Delays,4 Nights,Night work only from 10pm - 6am. Whitemud Dr will be reduced to a single lane per direction from 53ave to 122st due to bridge construction. Expect delays.,Bridge Construction,Construction,Southwest,Road,POINT (-113.54116748362445 53.48307186687647)
442,,"Jun 27, 2025","Jun 27, 2025",Complete,Traffic Incident,WHITEMUD DRIVE NW,149 STREET NW,,Traffic Incident Delays,Unknown,Traffic Incident Whitemud Srive westbound - near 149 St.,Traffic Incident,Traffic Incident,Southwest,Road,POINT (-113.5304417803415 53.493770973792785)
537,,"Jul 18, 2025","Dec 08, 2025",Current,Sidewalk and travel lane closures,116 Street,87 Avenue,89 Avenue,Travel Delays,144 Days,116 Street is reduced to a single lane southbound.  Sidewalk closure on west side of road with local access maintained.,Hoarding,Construction,Central,Road and Sidewalk,POINT (-113.5306301816127 53.522944487812836)
224,,"May 20, 2025","May 20, 2025",Complete,Traffic Incident,YELLOWHEAD TRAIL NW,ST ALBERT TRAIL NW,,Traffic Incident Delays,Unknown,Traffic Incident Yellowhead Trail eastbound - west of St. Albert Trail.,Traffic Incident,Traffic Incident,Southwest,Road,POINT (-113.5249490750496 53.57821620245865)
609,,"Aug 10, 2025","Aug 10, 2025",Complete,102 ST Total Closure,102 Street NW,Jasper Avenue NW,102 Avenue NW,Total Closure,One Day,Total road closure (northbound and southbound) for vehicles between 06:00-18:00hrs. Local parkade(s) access will be maintained,Crane Lift,Construction,Central,Road,POINT (-113.49556974628355 53.540931215120395)
240,,"May 26, 2025","Oct 31, 2026",Current,41 Ave SW Total Closure,41 Avenue SW,91 Street,Ewing Trail,Total Closure,524 Days,41 Ave SW from 91 Street to Ewing Trail will be closed due to road construction. Local access to be maintained.  Use 25 Avenue SW,Road Construction Rehab,Construction,Southeast,Road,POINT (-113.4672879531645 53.39585395642586)
380,,"Jun 19, 2025","Jun 19, 2025",Complete,Traffic Incident,FORT ROAD NW,YELLOWHEAD TRAIL NW,,Traffic Incident Delays,Unknown,Traffic Incident Fort Road to Yellowhead Trail westbound on ramp.,Traffic Incident,Traffic Incident,Northeast,Road,POINT (-113.45291388507447 53.58066450309068)
365,,"Jun 20, 2025","Jun 22, 2025",Cancelled,50 St and 137 Ave Intersection Closure,50 Street NW,137 Avenue NW,,Total Closure,Two Nights (9PM to 9AM),50 Street and 137 Avenue intersection will be closed and all traffic sent to right turn bays. Pedestrians maintained.,Milling and Paving,Construction,Northeast,Road,POINT (-113.41342118599543 53.59704039314359)
576,,"Aug 05, 2025","Sep 16, 2025",Current,Castle Down Rd Lane Closures,CASTLE DOWNS ROAD NW,153 AVENUE NW,157 AVENUE NW,Travel Delays,6 Weeks,Castle Downs Road reduced to single lanes. Alternating sidewalk and crosswalk closures on Castle Downs Road.,Road Construction,Construction,Northeast,Road and Sidewalk,POINT (-113.51671013704353 53.61418372617451)
68,,"Apr 08, 2025","Apr 09, 2025",Complete,Sask. DR Lane Closure,Saskatchewan Drive NW,Tommy Banks Way NW,Queen Elizabeth Park Road NW,Increased Travel Time,One Night,Sask DR eastbound around to QEPR reduced to a single lane. Outside lane around the curve on QEPR closed to vehicle traffic.,Drainage Inspection/Repairs,Construction,Central,Road,POINT (-113.49477214337062 53.52384177751783)
423,,"Jun 28, 2025","Jun 28, 2025",Complete,110 Street Total Closure,110 Street NW,76 Avenue NW,77 Avenue NW,Total Closure,1 Day (9pm - 3pm),On June 28th 110 St from 76 Ave - 77 Ave will be closed. The bike lanes will remain open. Use other routes.,Concrete Repair,Construction,Central,Road,POINT (-113.51502129689503 53.51225394833979)
212,,"May 20, 2025","Aug 25, 2025",Complete,41 Ave SW Total Closure,41 Avenue SW,170 Street SW,Chappelle Way SW,Total Closure,3 Months,Starts May 20th @ 9am. 41 Ave SW from 170 St to Chappelle Way will be closed due to road construction. Local access to be maintained from either the east or west end of the closure. Follow detour route.,Road Construction Rehab,Construction,Southwest,Road,POINT (-113.61465973451136 53.39572870491767)
413,,"Jul 11, 2025","Jul 18, 2025",Complete,149 St Reduced to 1 Lane Each Way,149 Street NW,109 Avenue NW,108 Avenue NW,Travel Delays,8 Days,149 St will be reduced to 1 lane each way from 109 Av to 108 Av. Use other routes.,Emergency Drainage Repair,Construction,Northwest,Road,POINT (-113.57799188719753 53.55499851401008)
92,,"Apr 08, 2025","Apr 10, 2025",Complete,Northbound 149 St Lane Closure,149 Street NW,111 Avenue NW,112 Avenue NW,Travel Delays,3 Days,The northbound curblane on 149 St from 111 Ave - 112 Ave will be closed for an emergency watermain repair. The 111 Ave westbound to 149 St northbound turn bay will also be closed. Use other routes.,Emergency Watermain Break,Construction,Northwest,Road,POINT (-113.5779037521459 53.558835496641336)
565,,"Aug 22, 2025","Sep 05, 2025",Revised,Baturyn Rehab Stage 9,109 Street NW,171 Avenue NW,169A Avenue NW,Total Closure,Two Weeks,109 St will be closed from the South side of 171 Ave to the North side of 169A Ave. Pedestrian access will be maintained. Detour using 100 St.,Collector Rehab,Construction,Northeast,Road,POINT (-113.51141186194221 53.63292210181414)
137,,"Apr 28, 2025","Sep 05, 2025",Complete,106st Reduced to a single lane per direction,106 Street NW,36A Avenue NW,35 Avenue NW,Travel Delays,4 Months,Starts April 28th @ 9am. 106st from 36A Ave to 35Ave will be reduced to 1 lane per direction due to a drainage repair. Expect travel delays.,Drainage Repair,Construction,Southwest,Road,POINT (-113.50414568511158 53.46846350936147)
553,,"Jul 28, 2025","Aug 26, 2025",Complete,Whitemud Eastbound Reduced to a Single Lane,Whitemud Drive NW,159 Street NW,156 Street NW,Travel Delays,2 Months,Nightly from 9:30pm - 6am. Whitemud Dr EB from 159 St to 156 St will be reduced to a single lane. Expect travel delays.,Bridge Repair,Construction,Southwest,Road,POINT (-113.5966398521809 53.51188926851636)
512,,"Jul 17, 2025","Jul 17, 2025",Complete,Jasper AV Lane Closure,Jasper Avenue NW,99 Street NW,97 Street NW,Increased Travel Time,One Day,Road segment eastbound reduced to a single lane between 09:00-15:30hrs.,Crane Lift,Construction,Central,Road and Sidewalk,POINT (-113.48858103529824 53.54126615782316)
434,,"Jul 03, 2025","Jul 05, 2025",Complete,97 St; 75 Ave-76 Ave Total Closure,97 Street NW,75 Avenue NW,76 Avenue NW,Total Closure,3 Days (9am-3:30pm),97 St from 75 Ave to 76 Ave will be totally closed to vehicle traffic. Please use other routes.,Drainage Inspection,Construction,Central,Road,POINT (-113.47977066374645 53.51136210453684)
60,,"Mar 04, 2025",,Current,Reduced to single lane,34 Street NW,Sherwood Park Freeway,,Travel Delays,,34 St over Sherwood Park Freeway is reduced to a single lane each direction and speed reduced to 30km/hr for bridge repairs. No left turns onto freeway permitted. Use 17 St or 50 St for detour.,Bridge Repairs,Construction,Southeast,Road,POINT (-113.39375985844057 53.52635621525341)
330,,"Jun 11, 2025","Jun 11, 2025",Complete,,YELLOWHEAD TRAIL NW,66 STREET NW,,Traffic Incident Delays,Unkown,"Traffic Incident - Accident Yellowhead Trail Eastbound east of 66 St. Right lane is blocked, stay left.",Traffic Incident,Traffic Incident,Northwest,Road,POINT (-113.5249490750496 53.57821620245865)
601,,"Jul 31, 2025","Jul 31, 2025",Complete,Traffic incident,51 AVENUE NW,108A STREET NW,106A STREET NW,Travel Delays,Unknown,"Traffic incident on 51 ave, one lane open for WB traffic and EB lanes blocked. Emergency responders at the scene",Traffic incident,Traffic Incident,Central,Road,POINT (-113.5061045749019 53.48825857798953)
492,,"Jul 14, 2025","Jul 14, 2025",Complete,116 Street Delays,116 Street NW,Jasper Avenue NW,,Travel Delays,"1 Day, 9am-330pm",Southbound 116 St through traffic and left turns will share a single lane and flaggers will be on site. Expect delays.,Utility Work,Construction,Central,Road,POINT (-113.52755715870941 53.52467556860147)
356,,"Aug 16, 2025","Aug 17, 2025",Revised,107 Av Traffic Circle Reduced 1 Lane All Ways,107 Avenue NW,142 Street NW,,Travel Delays,2 Days,The traffic circle on 107 Av at 142 St will be reduced to 1 lane in all directions on August 16 and 17 for drainage repairs. Use other routes.,Drainage Repairs,Construction,Northwest,Road,POINT (-113.5658248043199 53.55100849756103)
44,,"Apr 02, 2025","Apr 11, 2025",Complete,#1 Single lane Closure Westbound,Whitemud Drive NW,Calgary Trail NW,111 Street NW,Travel Delays,10 Days,"#1 Lane closure on Whitemud Drive Westbound from Calgary Trail to 111st. Lane
closure limited to off-peak hours only. Speed reduced accordingly. Expect travel
delays.",WATER VALVE INSTALL,Construction,Southwest,Road,POINT (-113.49711015174661 53.48043757573001)
159,,"Apr 24, 2025",,Complete,Traffic Incident,WHITEMUD DRIVE NW,122 STREET NW,,Traffic Incident Delays,Unknown,Traffic Incident - Whitemud Drive Westbound left lane is blocked due to a collision west of 122 St. Stay right.,Traffic Incident,Traffic Incident,Southwest,Road,POINT (-113.54116748362445 53.48307186687647)
165,,"Jun 03, 2025","Jun 06, 2025",Complete,Drainage Inspection,Whitemud Drive NW,111 Street NW,,Travel Delays,4 Day,"#1 Eastbound lane closure on Whitemud Drive at the 111st underpass due to a
Drainage inspection. Lane closure limited to off-peak hours only. Speed reduced
accordingly. Expect travel delays",Drainage Inspection,Construction,Southwest,Road,POINT (-113.5304417803415 53.493770973792785)
788,,"Aug 30, 2025","Aug 31, 2025",Complete,"82 Ave, 111 St - 112 St Traffic Split",82 Avenue NW,111 Street NW,1132 Street NW,Travel Delays,1 Night(9pm - 9am),The westbound lanes on 82 Ave from 111 St - 112 St will be closed. Two-way traffic will be split and maintained on the eastbound lanes. The North sidewalk will be closed and detoured. Please use other routes.,Crane Lift,Construction,Central,Road and Sidewalk,POINT (-113.5178213453063 53.518110742891764)
640,,"Aug 23, 2025","Aug 24, 2025",Complete,118 St Total Closure,118 Street NW,87 Avenue NW,89 Avenue NW,Total Closure,2 Days (6am - 9pm),118 St from 87 Ave - 89 Ave will be closed daily from 6am - 9pm. Local access maintained to the Windsor Park School and park. Use other routes.,Crane Removal,Construction,Central,Road and Sidewalk,POINT (-113.53429229180627 53.52289596537129)
156,,"Apr 28, 2025","May 23, 2025",Complete,Road Closure,81 Avenue NW,105 Street NW,Calgary Trail,Total Closure,1 Month,81 Avenue will be closed between 105 Street and 104 Street ( Calgary Trail).,Construction,Construction,Central,Road,POINT (-113.50046426912009 53.517080484518274)
708,,"Aug 29, 2025","Aug 29, 2025",Current,111 AV Lane Closure,111 Avenue NW,105 Street NW,102 Street NW,Increased Travel Time,One Day,111 AV eastbound will be reduced to a single lane between 09:00-15:30hrs.,Drainage Maintenance,Construction,Central,Road,POINT (-113.50105662474297 53.558908021307765)
439,,"Jun 30, 2025","Jul 10, 2025",Complete,113 Ave total closure,113 Avenue NW,79 Street NW,80 Street NW,Total Closure,11 days,"113 Ave will be total closed from 79 St to 40m west. Use 112 Ave as detour. Urgent care clinic underground parking entrance to remain open, accessible from the west.",Telecom repair,Construction,Central,Road and Sidewalk,POINT (-113.46252447500305 53.56274103829612)
662,,"Aug 20, 2025","Aug 21, 2025",Current,109 Street High Level Bridge Detour,109 Street NW,97 Avenue NW,,Total Closure,One Night,"Wednesday August 20th, 9pm to 6am, the east access to High Level Bridge, will be closed. Follow the marked detour to the west access.",Construction,Construction,Central,Road,POINT (-113.50853003569836 53.53418047719651)
545,,"Jul 24, 2025","Jul 25, 2025",Complete,Eastbound and Southbound left turn ban,Ellerslie Road SW,111 Street SW,,Travel Delays,1 Night,9:30pm - 6am only. Left turns will be banned for Southbound and Eastbound traffic at the Ellerslie Rd & 111 St SW intersection. Expect delays.,Drainage Maintenance,Construction,Southwest,Road,POINT (-113.5165478322306 53.42491779186294)
683,,"Aug 20, 2025","Sep 03, 2025",Current,Total closure in front of 11818 -37 STREET from 118 ave to 119 ave,137 Street,118 Street,119 Street,Total Closure,13 days,Total closure in front of 11818 -37 STREET from 118 ave to 119 ave. Detour on 38 street.,DRAINAGE REPAIR REPLACE,Construction,Northeast,Road and Sidewalk,POINT (-113.39840449148537 53.570370147982196)
782,,"Aug 29, 2025","Sep 02, 2025",Complete,106 Ave westbound directional closure,106 Avenue NW,115 Street NW,116 Street NW,Directional Closure,6 days,106 Ave will be directionally closed westbound between 9am - 3:30pm daily from 115 St to 116 St,Tree removal/planting,Construction,Central,Road,POINT (-113.51947858351363 53.54980670086129)
467,,"Jul 09, 2025","Aug 01, 2025",Complete,53 Ave reduced to one lane per direction,53 Avenue NW,Whitemud Drive NW,Riverbend Road NW,Travel Delays,3 Weeks,Starts July 9th. 53 Ave will be reducted to 1 lane per direction from Whitemud Dr to East of Riverbend Rd due to road construction. Expect travel delays.,Road Construction,Construction,Southwest,Road,POINT (-113.57793077403797 53.490242189940886)
101,,"Apr 09, 2025","Apr 09, 2025",Complete,Traffic Incident,ST ALBERT TRAIL NW,137 AVENUE NW,,Traffic Incident Delays,Unknown,Traffic Incident St. Albert Tr southbound at 137 Ave. Left lanes blocked.,Traffic Incident,Traffic Incident,Northwest,Road,POINT (-113.57465787750535 53.599319875160205)
128,,"Apr 25, 2025","Apr 27, 2025",Complete,53 Ave to WMD SB on ramp closure,53 Avenue NW,Whitemud Drive NW,,Directional Closure,2 Nights,April 25th & 26th Nightly from 9pm - 9am. 53ave to Whitemud Dr SB on ramp will be closed due to a girder erection. Follow detour route.,Girder Erection,Construction,Southwest,Road,POINT (-113.57201214645684 53.490407577573094)
461,,"Jul 12, 2025","Jul 12, 2025",Complete,101 St; 82 Ave to 83 Ave - Closure,101 Street NW,Whyte Avenue NW,83 Avenue NW,Total Closure,1 Day (9:30 to 16:30),101 Street from Whyte Ave to 83 Avenue will be closed on July 12th from 9:30 to 16:30 for a special event. Please use other routes.,Special Event,Special Event,Central,Road,POINT (-113.4912825161539 53.51906336543975)
71,,"Apr 07, 2025","Mar 31, 2026",Current,Ellerslie Rd SW Closure,Ellerslie Road SW,Charlesworth Way SW,17 Street SW,Total Closure,12 Months,Ellerslie Rd will be closed from Charlesworth Way to 17 St including through the 34 St intersection.,Road Reconstruction,Construction,Southeast,Road and Sidewalk,POINT (-113.36830464832478 53.424892530466785)
215,,"May 14, 2025","May 14, 2025",Complete,Traffic Incident,WHITEMUD DRIVE NW,122 STREET NW,,Traffic Incident Delays,Unknown,Stalled car in the right lane Eastbound Whitemud Drive on the Rainbow Valley Bridge.,Traffic Incident,Traffic Incident,Southwest,Road,POINT (-113.5304417803415 53.493770973792785)
270,,"May 31, 2025","Jun 09, 2025",Complete,Lane Closure,Scona Road NW,95A Avenue NW,93 Avenue NW,Travel Delays,10 Days,North bound  middle lane on Scona Road  between 95A avenue and 93 Avenue will be closed.,Construction,Construction,Central,Road,POINT (-113.48508458290378 53.53296398452006)
314,,"Jun 20, 2025","Jun 21, 2025",Complete,107 St Closure,107 Street NW,Jasper Avenue NW,102 Avenue NW,Total Closure,Fri at noon - Sat at 8am,"Starts Fri June 20 at noon until Sat Jun 21 at 8am. 107 St, Jasper Ave - Alley north of Jasper Ave closed. Parking ban in effect. Audrey's Books Summer Solstice Celebration.",Special Event,Special Event,Central,Road,POINT (-113.50476415634692 53.54093108036286)
680,,"Aug 23, 2025","Aug 24, 2025",Complete,Single Lane closure Westbound,Whitemud Drive Nw,122 Street NW,Terwillegar Drive NW,Travel Delays,1 Night,Night work from 10pm - 9am only. Whitemud Dr Westbound from 122st to Terwillegar Dr will be reduced to a single lane due to bridge construction. Expect Travel delays.,Bridge Construction,Construction,Southwest,Road,POINT (-113.54116748362445 53.48307186687647)
815,,"Sep 07, 2025","Sep 08, 2025",Current,Total closure of 50 Street NB/SB bridge over Whitemud Drive.,50 STREET NW,Whitemud Drive,,Increased Travel Time,1 Night (20:00 - 6:00),"The 50 Street bridge over Whitemud Drive will be closed in both directions starting September 7, 2025, at 8 p.m. until September 8, 6:00 a.m. for bridge construction. Please use alternate routes.",Bridge Construction,Construction,Southeast,Road and Sidewalk,POINT (-113.41795115236478 53.53768539739798)
861,,"Sep 20, 2025","Oct 05, 2025",Current,104 AV Lane Closure,104 Avenue NW,102 Street NW,101 Street NW,Increased Travel Time,Two Weeks,104 AV eastbound will be reduced to a single lane between 102-101 ST.,Power Repair/Replace,Construction,Central,Road,POINT (-113.49553384677675 53.54618111099898)
657,,"Aug 18, 2025","Aug 24, 2025",Current,118 AV Lane Closures,118 Avenue NW,94 Street NW,95A Street NW,Increased Travel Time,One Week,Alternating lane closures on 118 AV eastbound and westbound at 95 ST.,Crosswalk Repairs,Construction,Central,Road,POINT (-113.48576288255836 53.57038858839272)
480,,"Jul 12, 2025","Aug 03, 2025",Complete,Single lane clousure per direction,Whitemud Drive NW,Anthony Henday Drive NW,178 Street NW,Travel Delays,5 Nights,"July 12th - 13th, July 25th - 27th & Aug 1st - 3rd from 10pm - 9am only. Single lane closure per direction on Whitemud Dr from Anthony Henday Dr to 178 st. Expect travel delays.",Jersey wall repair,Construction,Southwest,Road,POINT (-113.62994081178164 53.51212071587992)
356,,"Aug 16, 2025","Aug 17, 2025",Revised,107 Av Traffic Circle Reduced 1 Lane All Ways,107 Avenue NW,142 Street NW,,Travel Delays,2 Days,The traffic circle on 107 Av at 142 St will be reduced to 1 lane in all directions on August 16 and 17 for drainage repairs. Use other routes.,Drainage Repairs,Construction,Northwest,Road,POINT (-113.55718807903791 53.55188566781674)
798,,"Sep 02, 2025","Sep 06, 2025",Current,118 AV Lane Closures,118 Avenue NW,Wayne Gretzky Drive NW,76 Street NW,Increased Travel Time,Five Days,118 AV westbound and eastbound single lane closures.,Water Repairs,Construction,Central,Road,POINT (-113.4528958656104 53.57022367325889)
732,,"Aug 27, 2025","Aug 28, 2025",Current,53 Ave to WMD SB Ramp Closure,53 Avenue NW,Whitemud Drive NW,,Total Closure,1 Night,Night work only from 10pm to 6am. 53 Ave to WMD SB ramp will be closed due to a pavement marking install. Use detour route.,Pavement Marking Install,Construction,Southwest,Road,POINT (-113.57201214645684 53.4904075775731)
87,,,,Complete,Traffic Incident Delays,WHITEMUD DRIVE NW,FOX DRIVE NW,,Traffic Incident Delays,,Stalled vehicle Whitemud Drive westbound - west of Quesnell Bridge. Centre lane is blocked.,Traffic Incident Delays,Traffic Incident,Southwest,Road,POINT (-113.56559641293937 53.502879927141066)
262,,"Jun 02, 2025","Jun 28, 2025",Complete,Lane Closure,93 Avenue NW,96 Street NW,94 Street NW,Total Closure,26 Days,93 Ave will be closed between 96 Street and 94 Street.,Construction,Construction,Central,Road,POINT (-113.47420057333731 53.52896281440845)
704,,"Aug 22, 2025","Aug 25, 2025",Complete,Special Event - Canada National Lion Dance Sport Championship,96 Street NW,102 Avenue NW,103 Avenue NW,Total Closure,4 Days,Starts Friday August 22 @ 9am to Monday August 25th @ 1pm. 96 St closed from 102 Ave to 103 Ave due to special event. Parking ban in effect. Detour using other routes.,Special Event,Special Event,Central,Road,POINT (-113.48252888648076 53.54466771588762)
544,,"Jul 24, 2025","Jul 24, 2025",Complete,Lane Closures,99 Street NW,88 Avenue NW,91 Avenue NW,Major Delays,9:00 am - 3:30 pm,"The northbound and southbound center lanes on 99 Street, between 88 Avenue and 91 Avenue, will be closed. During this period, one lane of traffic will remain open for both directions.",Construction,Construction,Central,Road and Sidewalk,POINT (-113.48608657705189 53.52636589317671)
585,,"Aug 16, 2025","Aug 17, 2025",Complete,2025 City Marathon 1/4,Jasper Avenue NW,95 Street NW,99 Street NW,Total Closure,Sat 6am - Sun 8pm,"Special Event. Total closure of Jasper Av, 99 St - 95 St.",Edmonton Marathon,Special Event,Central,Road,POINT (-113.4787396494315 53.54514187236652)
445,,"Jul 03, 2025","Nov 14, 2025",Current,66 St and 167 Ave North Leg Detour,66 Street NW,167 Avenue NW,,Directional Closure,4.5 Months,"After 9PM, Southbound 66 St will be on a detour road routed to Westbound 167 Ave only. No access to 66 St, South of 167 Ave or Eastbound 167 Ave from 66 St. East side sidewalk closed and detoured through McConachie neighbourhood",66 St and 167 Ave Roundabout,Construction,Northeast,Road and Sidewalk,POINT (-113.44028385424735 53.56364674611361)
800,,"Aug 29, 2025","Sep 05, 2025",Emergency,119 St Emergency Total Closure,119 Street NW,Kingsway NW,115 Avenue NW,Total Closure,1 Week,119 St will be closed just from 115 Av - Kingsway for Emergency repairs. Local business access is maintained. Use other routes.,Emergency Subsidence Repair,Construction,Central,Road,POINT (-113.52647710906238 53.568492035234314)
488,,"Jul 09, 2025","Jul 14, 2025",Complete,YHT WB to St. Albert Trail Off-Ramp Closure,Yellowhead Trail NW,St Albert Trail NW,,Total Closure,Four Days,"Wednesday 9PM to Thursday at 6AM plus Thursday at 9PM continuously to Saturday at 9AM, Yellowhead Trail Westbound to St. Albert Trail Off-Ramp will be closed. Detour using mid-block access between 127 Street or detour using 149 Street to 128 Avenue.",Utility Installation,Construction,Northeast,Road,POINT (-113.5249490750496 53.57821620245865)
819,,"Sep 04, 2025","Sep 05, 2025",Complete,Single Lane closure Eastbound,Whitemud Drive NW,53 Avenue NW,122 Street NW,Major Delays,1 Night,Night work only from 10am - 6am. Whitemud Dr EB will be reduced to a single lane due to a pavement marking weave installation. Expect Major delays.,Pavement Marking Install,Construction,Southwest,Road,POINT (-113.54116748362445 53.48307186687647)
183,,"May 24, 2025","May 24, 2025",Complete,Shoppers Drug Mart Run for Women,Fort Edmonton Park Road,,Fox Drive,Travel Delays,6 a.m. to 6 p.m.,Beginning at 6 a.m. to 6 p.m. Fort Edmonton Park Road eastbound is reduced to one lane to support the Shoppers Drug Mart Run for Women Special Event.,Special Event,Special Event,Central,Road,POINT (-113.5679927186295 53.50411229585919)
619,,"Aug 15, 2025","Aug 18, 2025",Current,118 AV Lane Closures,118 Avenue NW,Wayne Gretzky Drive NW,79 Street NW,Increased Travel Time,Four Days,Alternating lane closures for both eastbound and westbound traffic.,Bridge Washing,Construction,Central,Road,POINT (-113.4528958656104 53.57022367325889)
552,,"Jul 23, 2025","Aug 29, 2025",Complete,156 St Bridge Travel Delays,156 Street NW,79A Avenue NW,77A Avenue NW,Travel Delays,2 Months,Starts July 23 @ 9am. 156st Bridge over WMD will be reduced to a single lane per direction due to bridge repair work. Expect travel delays.,Bridge Repair,Construction,Southwest,Road,POINT (-113.59034957742045 53.512765492704645)
306,,"Jun 15, 2025","Jun 19, 2025",Complete,WMD WB to TWD SB Ramp Closure,Whitemud Drive NW,Terwillegar Drive NW,,Total Closure,2 Nights,Night of June 15th & 18th only from 9:30pm - 6am. Whitemud Drive WB to Terwillegar Dr SB ramp will be closed due to a pavement marking install. Follow detour route.,Pavement marking Install,Construction,Southwest,Road,POINT (-113.5304417803415 53.493770973792785)
630,,"Aug 23, 2025","Aug 23, 2025",Complete,Groat Rd Closure,Groat Road NW,107 Avenue NW,River Valley Road NW,Total Closure,1 Day (6 am - 2pm),Groat Road from 107 Ave to River Valley Road will be closed. 107 Avenue overtop of Groat Road will be split to the North side of the bridge deck.,Do North - Special Event,Special Event,Central,Road,POINT (-113.53686440013828 53.53798523953657)
777,,"Sep 03, 2025","Sep 03, 2025",Complete,108 St Closure,108 Street NW,102 Avenue NW,104 Avenue NW,Total Closure,5am - 5pm,Starts Wed Sept 3rd at 5am until 5pm. 108 St closed from 102 Ave - 104 Ave. 102 Ave closed from alley east to alley west of 108 St. 103 Ave cross traffic will remain open. Detour using other route.,Special Event - Downtown Campus Road Party,Special Event,Central,Road,POINT (-113.5065856454943 53.54301569836126)
379,,"Jul 28, 2025","Dec 21, 2025",Current,Bridge Rehabilitation,Low Level Bridge,Connors Rd NW,McDougall Hill NW,Total Closure,5 Months,Northbound Traffic across the Low Level Bridge will be closed starting July 21 to rehabilitate the Southbound portion of the Bridge.  Southbound lanes will use the NB bridge and all northbound traffic will detour via the James MacDoanld Bridge,Bridge Rehabilitation,Construction,Central,Road and Sidewalk,POINT (-113.48798598254763 53.5383417480588)
146,,"Apr 28, 2025","May 02, 2025",Complete,Reduced to Single Lane under Flagperson Control,Rowland Road NW,84 Street NW,87 Street NW,Increased Travel Time,9am - 2pm,"Dawson Br reduced to single lane, two way traffic maintained under flagperson
control. Detour using other route",Bridge Maintenance,Construction,Central,Road,POINT (-113.45710449785884 53.549364414253695)
422,,"Jul 03, 2025","Jul 04, 2025",Complete,95 ST Lane Closure,95 Street NW,105 Avenue NW,106 Avenue NW,Increased Travel Time,Two Days,95 ST northbound reduced to a single lane between 09:00-15:30hrs daily. Keep right.,Drainage Maintenance,Construction,Central,Road,POINT (-113.48120173197951 53.54958699426851)
258,,"May 29, 2025","May 29, 2025",Complete,Traffic Incident,YELLOWHEAD TRAIL NW,107 STREET NW,,Traffic Incident Delays,Unknown,Traffic Incident Yellowhead Trail westbound - east of 107 St. Left lane blocked.,Traffic Incident,Traffic Incident,Northeast,Road,POINT (-113.5249490750496 53.57821620245865)
733,,"Aug 27, 2025","Aug 28, 2025",Complete,WMD EB reduced to a single lane,Whitemud Drive NW,53 Avenue NW,Terwillegar Drive NW,Travel Delays,1 Night,Night work only from 10pm to 6am. Whitemud Dr EB from 53ave to Terwillegar Dr will be reduced to a single lane. Expect travel delays.,Pavement Marking Install,Construction,Southwest,Road,POINT (-113.5708197261924 53.48248635019089)
201,,"May 12, 2025","Aug 13, 2025",Complete,Single lane closure Southbound,Winterburn Road NW,Glastonbury Boulevard NW,Whitemud Drive NW,Travel Delays,3 Months,Starts May 12th. Winterburn Road Southbound will be reduced to 1 lane at South West Granville Crossing. Southbound through traffic to use left turning lane. Southbound left turns will be ban. Expect travel delays.,Road Construction,Construction,Southwest,Road,POINT (-113.68853408923029 53.50489965963653)
89,,"Apr 26, 2025","Apr 26, 2025",Complete,148 Street Closure,148 Street NW,98 Avenue NW,Summit Drive NW,Total Closure,2 Hours (9:30 am - 11:30 am),"Total closure of 148 St, 98 Av - Summit Dr to support the Hike for Pilgrims Hospice event.",Special Event,Special Event,Northwest,Road,POINT (-113.57627383230975 53.5412319961544)
863,,"Sep 09, 2025","Sep 09, 2025",Complete,,GATEWAY BOULEVARD NW,19 AVENUE NW,,Traffic Incident Delays,Uknown,Traffic Incident Gateway Blvd at 19 Ave.,Traffic Incident,Traffic Incident,Southwest,Road,POINT (-113.49252916159878 53.44579664327745)
389,,"Jun 26, 2025","Jun 26, 2025",Complete,112 St; Jasper Ave to 102 Ave - Closure,112 Street NW,Jasper Avenue NW,102 Avenue NW,Total Closure,1 Day (9 am to 4 pm),Total closure of 112 St from 102 Av to the lane North of Jasper Av.,Special Event,Special Event,Central,Road,POINT (-113.51393567263678 53.54093954053306)
753,,"Aug 24, 2025","Aug 29, 2025",Current,120 AV Total Closure,120 Avenue NW,97 Street NW,101 Street NW,Total Closure,Five Days,120 AV closed to both eastbound and westbound vehicle traffic. Detour using other routes.,Water Repairs,Construction,Central,Road,POINT (-113.49210292334816 53.57334616261401)
196,,"Apr 28, 2025","Jul 15, 2025",Current,Reduced to single lane PM peak,23 Avenue NW,57 Street NW,85 Street NW,Travel Delays,2.5 months,23 Ave WB will be reduced to a single lane daily from 9am - 6:30pm. Sidewalk closed on the N/S of 23 Ave. Pedestrians detoured to the S/S of 23 Ave.,SUP install,Construction,Southeast,Road and Sidewalk,POINT (-113.45995900308766 53.45190541716432)
148,,"Apr 29, 2025","Apr 30, 2025",Complete,Yellowhead Trail Service Rd Closure,Yellowhead Trail NW,142 Street NW,St Albert Trail NW,Total Closure,1 Night (9 pm - 6 am),Total closure of the Yellowhead Tr EB service road from 142 St to St Albert Trail including the on-ramp to YHT EB.,YHT Freeway Conversion,Construction,Northwest,Road,POINT (-113.5659358333032 53.58100729478226)
4,,"Feb 03, 2025","May 05, 2025",Complete,118 St Closed N/O Jasper Ave,118 Street NW,Jasper Avenue,,Total Closure,3 Months,118 St closed from Jasper Ave to approx. 30m north of Jasper Ave including the east sidewalk. North crosswalk closed at 118 St / Jasper Ave. Westbound right lane of Jasper Ave closed at 118 St.,Drainage Shaft Installation,Construction,Central,Road and Sidewalk,POINT (-113.52498040532097 53.54094181611859)
176,,"May 07, 2025","Aug 22, 2025",Current,101 Av - Ravine Dr Recuded to 1 Lane,101 Avenue NW,Ravine Drive,,Travel Delays,4 Months,101 Av and Ravine Dr will be reduced to 1 lane with a yield to oncoming traffic setup. Use other routes.,Drainage Maintenance,Construction,Northwest,Road,POINT (-113.45671735268456 53.54138838906971)
604,,"Aug 01, 2025",,Current,113 St Southbound One-Way Conversion,113 Street NW,106 Avenue NW,111 Avenue NW,Directional Closure,Permanent Change,113 St will be converted to a permanent wouthbound one-way road. Northbound 113 St will be permanently closed.,Active Mode Installation,Construction,Central,Road,POINT (-113.51579493699072 53.54980850922786)
852,,"Sep 10, 2025","Sep 13, 2025",Current,78 Ave; 96 St-97 St Total Closure,78 Avenue NW,96 Street NW,97 Street NW,Total Closure,4 Days (24/7),78 Ave to be totally closed in front of 9645 between 96 St to 97 St.,Water Line Install,Construction,Central,Road and Sidewalk,POINT (-113.47675179046384 53.51420342633535)
345,,"Jun 23, 2025","Jul 03, 2025",Complete,Eastbound University Ave Lane Closure,University Avenue NW,115 Street NW,114 Street NW,Travel Delays,10 Days,On June 23 @ 19:00 the eastbound University Ave north turn bay and north travel lane will be closed from 115 St to 114 St. Eastbound to northbound left turn will be banned at 114 St. Use other routes.,LRT Track Repair,Construction,Central,Road,POINT (-113.52884402100275 53.51697419868826)
290,,"Jun 09, 2025","Jun 30, 2025",Complete,Lane Closure,98 Avenue NW,93 Street NW,96A Street NW,Major Delays,21 Days,"98 Avenue, between 93 Street and 96A Street, will be reconfigured to accommodate one lane of traffic in each direction.",Construction,Construction,Central,Road and Sidewalk,POINT (-113.47637961059768 53.537881474589405)
287,,"Jun 17, 2025","Jun 17, 2025",Complete,102 Av Lane Closure,102 Avenue NW,125 Street NW,,Travel Delays,"1 Day, 9am - 3pm",102 Av will be reduced to a single lane and No Left turns permitted at 125 St. Use other routes.,Tree Maintenance,Construction,Central,Road and Sidewalk,POINT (-113.53766712910038 53.543020363355105)
159,,"Apr 24, 2025",,Complete,Traffic Incident,WHITEMUD DRIVE NW,122 STREET NW,,Traffic Incident Delays,Unknown,Traffic Incident - Whitemud Drive Westbound left lane is blocked due to a collision west of 122 St. Stay right.,Traffic Incident,Traffic Incident,Southwest,Road,POINT (-113.5304417803415 53.493770973792785)
54,,"Apr 03, 2025","Aug 15, 2025",Current,Various lane closures,50 Street,Jamha Road,52 Avenue,Increased Travel Time,135 Days,50 St will be reduced in capacity between Jamha Road and 52 Avenue in various phases for bridge rehabilitation construction. Use other routes.,Bridge Rehabilitation,Construction,Southeast,Road and Sidewalk,POINT (-113.41801780110136 53.48489144058176)
455,,"Jul 03, 2025","Jul 24, 2025",Complete,122 Av/131 St Intersection Closure,122 Avenue NW,131 Street NW,,Total Closure,3 Weeks,"The intersection of 122 Av and 131 St will be closed.Use other routes. Local pedestrian access maintained, follow signage on site.",Road Reconstruction,Construction,Central,Road and Sidewalk,POINT (-113.54854745933154 53.57437963105872)
670,,"Aug 31, 2025","Aug 31, 2025",Complete,98 St Closure,98 Street NW,105 Avenue NW,107A Avenue nW,Total Closure,9am - 430pm,Starts Sunday Aug 31 at 9am to 430pm. 98 St closed from 105 Ave - 107A Ave due to special event. Parking ban in effect. Detour using other route.,Special Event - Chinatown Summer Festival,Special Event,Central,Road,POINT (-113.4909387021817 53.552245315573316)
111,,"Apr 13, 2025","Apr 13, 2025",Complete,Yellowhead Trail Lane Closure,Yellowhead Trail NW,127 Street NW,St Albert Trail NW,Travel Delays,4 Hours,"Yellowhead Trail WB, 127 St - St Albert Tr will be reduced to a single lane from 9 am - 1 pm.",Pavement Marking Realignment,Construction,Northwest,Road,POINT (-113.54124322478002 53.58070508980353)
24,,"Mar 25, 2025","Mar 28, 2025",Complete,Westbound Yellowhead Trail Lane Closure,Yellowhead Trail NW,97 Street NW,107 Street NW,Travel Delays,1 Week,"Starting March 25 Westbound Yellowhead Trail from 97 St - 107 St will
be reduced to two lanes. Use other routes",Underground Investigation,Construction,Northeast,Road,POINT (-113.50547563243887 53.581336959825904)
457,,"Jul 16, 2025","Jul 19, 2025",Complete,97 ST Lane Closures,97 Street NW,116 Avenue NW,118 Avenue NW,Increased Travel Time,Four Days,97 ST northbound at 118 AV will be reduced to single lane (09:00-15:30hrs) and reduced to two lanes outside of these hours. 118 AV eastbound will be reduced to single lane eastbound.,Grind & Pave,Construction,Central,Road and Sidewalk,POINT (-113.49203430163989 53.57038968237327)
323,,"Jun 21, 2025","Jun 21, 2025",Complete,Blatchford Rd Closure,Blatchford Road NW,Airport Road NW,Control Tower Way NW,Total Closure,8am - 5pm,"Total closure of Blatchford Road to accommodate the Blatchford community Sale
Event.",Special Event,Special Event,Central,Road,POINT (-113.51977515555754 53.567736416452256)
826,,"Sep 05, 2025","Sep 26, 2025",Current,114 Street Total Closure,114 Street NW,50 Avenue NW,49 Avenue NW,Total Closure,3 Weeks,114 Street from 50 Ave to the alley south of 50 ave will be closed for a waterline installation. Please use other routes.,Waterline Installation,Construction,Central,Road,POINT (-113.52424262420448 53.48732723305164)
508,,"Jul 16, 2025","Jul 28, 2025",Complete,"SB 108 St Closed, 102 Ave - Alley N/O Jasper Ave",108 Street NW,102 Avenue NW,Jasper Avenue,Directional Closure,13 Days,Southbound 108 St closed from 102 Ave to the alley north of Jasper Ave. Additional delays during off-peak hours in the 102 Ave/108 St intersection with northbound 108 St left turns banned.,Power Install,Construction,Central,Road,POINT (-113.5065856454943 53.54301569836126)
790,,"Sep 03, 5025","Sep 05, 2025",Current,50 St Split to East,50 Street NW,121 Avenue NW,118 Avenue NW,Travel Delays,Three Days,50 St split to the East side from South of 118 Ave to South of 121 Ave.,50 St Split to East,Construction,Northeast,Road,POINT (-113.41857448744679 53.57035036835398)
496,,"Jul 15, 2025","Jul 16, 2025",Complete,100 Av Closure,103 Avenue NW,120 Street NW,121 Street NW,Total Closure,"1 Night, 10pm - 6am","103 Av closed, 120 - 121 St with local access maintained.",Utility Work,Construction,Central,Road,POINT (-113.5286463110313 53.54461860976621)
334,,"Jun 16, 2025","Jun 27, 2025",Complete,Single lane closures per direction,Whitemud Drive NW,178 Street NW,,Travel Delays,2 Weeks,Nightly from 10am - 6am. Whitemud Dr at 178 St will be reduced to a single lane per direction due to bridge maintenance. Speed reduction to remain in place full time. Expect travel delays.,Bridge Maintenance,Construction,Southwest,Road,POINT (-113.5304417803415 53.493770973792785)
472,,"Jul 14, 2025","Jul 31, 2025",Current,99 Av Closure,99 Avenue NW,148 Street NW,149 Street NW,Total Closure,2.5 Weeks,99 Av will be closed from 148 St to 149 St. Use other routes.,Water Line Install,Construction,Northwest,Road,POINT (-113.57625664027418 53.537715419237756)
283,,"Jun 14, 2025","Jun 16, 2025",Complete,Single Lane closure Westbound,23 Avenue NW,119 Street NW,,Travel Delays,3 Days,Single lane closure on 23ave Westbound just east of 119st due to a water valve repair. Closure to go through AM peak. Expect travel delays.,Water Valve Repair,Construction,Southwest,Road,POINT (-113.53408700489129 53.45399520020516)
660,,"Aug 15, 2025","Aug 29, 2025",Current,156 Street Gas Leak,156 Street NW,111 Avenue NW,113 Avenue NW,Travel Delays,2 Weeks,"The Inside lanes of 156 Street at 112 Avenue are closed and cross traffic is closed, reduced to a right turn only on 112 Avenue due to a gas leak.  Detour using 149 Street",Gas Leak,Construction,Northwest,Road,POINT (-113.59053704879825 53.55893438935895)
410,,"Jul 04, 2025","Jul 07, 2025",Complete,Intersection of 149 St and 111 Av Closure,149 Street NW,111 Avenue NW,,Total Closure,3 Nights (8pm to 8am),The intersection of 149 St & 111 Av will be closed on July 4 and 5 with July 6 as a possible backup day. Use other routes.,Grind and Pave,Construction,Northwest,Road,POINT (-113.57844844539895 53.550321950782795)
107,,"Apr 15, 2025","Nov 30, 2025",Current,"South Access Closure at ""114 St"" & 104 Ave",104 Avenue NW,116 Street NW,112 Street NW,Total Closure,7.5 Months,"Total closure of south access at ""114 St"" & 104 Ave. 
For more information, visit marigoldinfra.ca/current-construction-notices/ or Edmonton.ca/projects_plans/transit/valley-line-west",West LRT Construction,Construction,Central,Road and Sidewalk,POINT (-113.5212753027275 53.54631638846449)
362,,"Jun 17, 2025","Jun 17, 2025",Complete,Traffic Incident,WHITEMUD DRIVE NW,111 STREET NW,,Traffic Incident Closure,Unknown,Traffic Incident  - Semi truck blocking the eastbound lanes and part of the 111 St off ramp. Major dealys.,Traffic Incident,Traffic Incident,Southwest,Road,POINT (-113.5304417803415 53.493770973792785)
689,,"Aug 25, 2025","Sep 06, 2025",Current,SB 100 St; 83 Ave-80 Ave,100 Street NW,83 Avenue NW,80 Avenue NW,Directional Closure,2 Weeks,SB 100 St from 83 Ave to 80 Ave will be closed to vehicle traffic. Please use other routes.,ROAD CONSTRUCTION NEW,Construction,Central,Road,POINT (-113.48870374578067 53.51905448085253)
562,,"Aug 11, 2025","Aug 01, 2026",Current,Rainbow Valley Bridge Work,Whitemud Drive NW,53 Avenue NW,122 Street NW,Increased Travel Time,Long term Project,Traffic is split over the north bridge deck of Rainbow Valley Bridge. Two lanes will be maintained through the construction zone.,Terwillegar Dr Proj Stage 2,Construction,Southwest,Road,POINT (-113.54116748362445 53.48307186687647)
476,,"Jul 03, 2025","Aug 01, 2025",Complete,SB 99 St south of 62 Ave Single Lane,99 Street NW,62 Avenue NW,60 Avenue NW,Travel Delays,1 Month (24/7),SB 99 St reduced to a single lane just south of 62 Ave.,Drainage Repair Replace,Construction,Central,Road,POINT (-113.48617606248756 53.49835519767545)
463,,"Aug 06, 2025","Aug 14, 2025",Current,163 St Closed SB,163 Street NW,Stony Plain Road,102 Avenue NW,Directional Closure,8 Days,163 St will be closed SB from 102 Av to Stony Plain Rd. Use other Routes.,Sewer Repairs,Construction,Northwest,Road,POINT (-113.60266862917503 53.54129100137305)
375,,"Jul 04, 2025","Jul 07, 2025",Complete,102 Street total closure,102 Street NW,102 Avenue NW,Jasper Avenue NW,Total Closure,4 days (Jul 4 7pm - Jul 7 6am),"102 St, from 60m south of 102 Ave to 100m north of Jasper Ave will be total closed. YMCA Parkade and Manulife Parkade accessible from 102 Ave. Commerce Place Parkade accessible from Jasper Ave. West sidewalk closed. Setup Jul 4 @7pm. Removed Jul 7 by 6am.",Building Maintenance,Construction,Central,Road and Sidewalk,POINT (-113.49556191937492 53.54308116488235)
675,,"Oct 01, 2025","Oct 31, 2025",Current,90 Av Reduced to 1 Lane EB,90 Avenue NW,175 Street NW,178 Street NW,Travel Delays,1 Month,90 Av will be reduced to 1 lane EB between 175 St to 178 St for approxiamtely 1 month. Use other routes.,Power Duct Repair,Construction,Northwest,Road,POINT (-113.62357914560998 53.52496072414411)
245,,"May 26, 2025","Dec 31, 2025",Current,Eastbound Victoria Park Rd Right Lane Closure,Victoria Park Road,River Valley Road,116 Street NW,Travel Delays,6 Months,"Starting May 26 on eastbound Victoria Park Rd: Right lane closed, River Valley Rd - 116 St & speed reduced to 40km/hr. Starting mid-late September 2025, the eastbound right lane will become a permanent bike facility.",Victoria Park Rd Summer Street,Construction,Central,Road,POINT (-113.52133580779775 53.53885229681324)
169,,"Nov 01, 2024","Nov 01, 2026",Current,Capital Line LRT Project,111 Street,9 Avenue,29A Avenue,Increased Travel Time,2 year,Various lane closure for LRT Construction,LRT Construction,Construction,Southwest,Road and Sidewalk,POINT (-113.51599569889139 53.461257856039985)
881,,"Sep 16, 2025","Sep 19, 2025",Current,101 ST Lane Closures,101 Street NW,110 Avenue NW,109A Avenue NW,Increased Travel Time,Four Days,101 ST northbound and southbound will be reduced to a single lane between 0900-1530hrs daily. No right turns will be permitted from 101 ST southbound onto 109A AV eastbound.,Drainage Maintenance,Construction,Central,Road,POINT (-113.49371380368416 53.557084544556645)
451,,"Jul 07, 2025","Jul 10, 2025",Complete,112 St Total Closure,112 Street NW,171 Avenue NW,176 Avenue NW,Total Closure,"Four Days, 7AM to 7PM",112 St closed from 171 Ave to 176 Ave. Detour using 97 St/Castle Downs Road/112 St.,Milling and Paving,Construction,Northeast,Road,POINT (-113.51648941333205 53.639781503160016)
135,,"Apr 22, 2025","Jun 22, 2025",Complete,Temporary Two Way Conversion,99 Street NW,102 Avenue NW,102A Avenue NW,Increased Travel Time,2 Months,"Starts Tuesday Apr 22. 99 St, 102 Ave - 102A Ave will be temporarily converted into two way traffic. Bike lane on the west side of 99 St closed. This is to allow access from 102A Ave as the access from 102 Ave will not be feasible during the project.",99 Streetscape Project,Construction,Central,Road,POINT (-113.48896011094168 53.543445327973075)
333,,"Jun 18, 2025","Jun 27, 2025",Complete,Single lane closures per direction,178 Street NW,81 Avenue NW,76 Avenue NW,Travel Delays,2 Weeks,Starts June 18th @ 9am. 178st over Whitemud Dr will be reduced to a single straight through lane per direction due to bridge maintenance. All turning movements to be mainained. Expect travel delays.,Bridge Maintenance,Construction,Southwest,Road,POINT (-113.63009479525347 53.514894649868936)
74,,"Apr 11, 2025","Apr 16, 2025",Complete,100 Ave Traffic Split,100 Avenue NW,156 Street NW,158 Street NW,Travel Delays,6 Days,100 Ave from 156 St - 158 St will be reduced to a single lane eastbound and westbound to complete a drainage repair. The north sidewalk will be closed and pedestrians detoured. Use other routes.,Drainage Repair,Construction,Northwest,Road and Sidewalk,POINT (-113.59033963241932 53.53924751051674)
573,,"Aug 09, 2025","Aug 09, 2025",Complete,100 St Closure,100 Street NW,Jasper Avenue NW,103A Avenue NW,Total Closure,Sat. Aug 9 (11am - 2pm),"100 St, Jasper Av - 103A Av will be totally closed as part of the Cariwest Parade
route. No parking permitted. Vehicles will be tagged and towed. 102 Av EBD single lane closed during this time. Cyclists to watch for parade movements and yield as required",Cariwest Parade,Special Event,Central,Road,POINT (-113.49003537681858 53.54117078851361)
829,,"Sep 07, 2025","Oct 26, 2025",Current,132 Ave/Delwood Road Intersection Closure,132 Avenue NW,Delwood Road,,Total Closure,7 Weeks,132 Ave will be closed ~100m West of Delwood Road. Delwood Road will be closed South of 132A Ave. Local access maintained East of 82 St to the service roads. Alternating sidewalk closures as required.,132 Ave Rehab,Construction,Northeast,Road and Sidewalk,POINT (-113.46379145555943 53.5922622582601)
531,,"Jul 26, 2025","Jul 26, 2025",Complete,95 ST Total Closure,95 Street NW,108 Avenue NW,109A Avenue NW,Total Closure,One Day (04:00-09:00hrs),95 ST northbound and southbound closed to vehicle traffic between 04:00-09:00hrs. Local access will be maintained. Detour using other routes.,Road work,Construction,Central,Road,POINT (-113.48406630799765 53.55474887014992)
430,,"Jul 11, 2025","Jul 15, 2025",Complete,100 Ave westbound directional closure,100 Avenue NW,102 Street NW,103 Street NW,Directional Closure,5 days,"100 Ave westbound from 102 St - 103 St will be directionally closed starting 9am, Fri, Jul 11 until Tue, Jul 15. Use Jasper Ave and 103 St for detour",mill and overlay,Construction,Central,Road,POINT (-113.49572544428082 53.5388938180503)
353,,"Jun 04, 2025","Jul 16, 2025",Complete,109 St Closure,109 Street NW,130 Avenue NW,129 Avenue NW,Total Closure,6 Weeks,109 St closed to North of 129 Ave intersection. Pedestrians maintained.,Utility Repair,Construction,Northeast,Road,POINT (-113.508422216333 53.589581591336646)
685,,"Aug 24, 2025","Aug 25, 2025",Complete,WMD WB to TWD SB Ramp Closure,Terwillegar Drive NW,Whitemud Drive NW,,Total Closure,1 Night,Night work only from 10pm - 6am. Whitemud Dr WB to Terwillegar Dr SB ramp will be closed due to a Drainage repair. Follow detour route.,Drainage Repair,Construction,Southwest,Road,POINT (-113.59070925754911 53.456286052647954)
222,,"May 20, 2025","Jun 20, 2025",Complete,116 St Lane Reductions at Jasper Ave,116 Street NW,Jasper Avenue,,Travel Delays,5 Weeks,"Starting May 20 at 9am, 116 St at Jasper Ave: SBD reduced to one lane (Traffic in SBD left turn lane - all movements maintained), NBD reduced to one lane (Traffic in NBD right lane - all movements maintained), North and West crosswalks closed.",Imagine Jasper Ave,Construction,Central,Road and Sidewalk,POINT (-113.52755715870941 53.52467556860147)
83,,"Apr 03, 2025","Apr 07, 2025",Complete,Intersection Closure: 121 Ave & 125 St,121 Avenue NW,125 Street NW,,Total Closure,5 Days,Intersection Closure: 121 Ave & 125 St,Waterline Repair,Construction,Central,Road,POINT (-113.53773928193547 53.57511330944018)
892,,"Sep 13, 2025","Sep 14, 2025",Current,Lane closures on Whitemud Drive,Whitemud Drive NW,149 Street NW,159 Street NW,Travel Delays,2 Days,Sept 13th & 14th from 6am to 5pm. There will be several lane closures along WMD from 149st to 159st due to a bridge assessment. Expect travel delays.,Bridge Assessment,Construction,Southwest,Road,POINT (-113.5966398521809 53.51188926851636)
780,,"Aug 29, 2025","Sep 02, 2025",Complete,University Ave Eastbound Single Lane Closure,University Avenue NW,115 Street NW,114 Street NW,Travel Delays,5 Days(Fri 6pm - Tue 3pm),Starting Friday @ 6pm the Eastbound University Ave #1 turning lane (EB to SB) from 115 St - 114 St will be closed for a waterline install. The south service road will be closed and local traffic maintained. Use other routes.,Waterline Install,Construction,Central,Road,POINT (-113.52884402100275 53.51697419868827)
230,,"May 14, 2025","May 23, 2025",Current,Total Closure,87A Avenue,68A Street,69 Street,Total Closure,10 Days,Local access maintaned.,EPCOR Water repair,Construction,Southeast,Road,POINT (-113.43226849292805 53.5226569473675)
534,,"Jul 28, 2025","Sep 30, 2025",Current,"156 St Closed SB, 95 Av Close Each Way",156 Street NW,95 Avenue NW,93A Avenue NW,Total Closure,2 Months,156 St will be closed from SB from 95 Av to 93A Av. 95 Av will be closed EB and WB. NB 156 St will be maintained. Use other routes.,LRT Track Building,Construction,Northwest,Road,POINT (-113.59035145833104 53.53153333593175)
380,,"Jun 19, 2025","Jun 19, 2025",Complete,Traffic Incident,FORT ROAD NW,YELLOWHEAD TRAIL NW,,Traffic Incident Delays,Unknown,Traffic Incident Fort Road to Yellowhead Trail westbound on ramp.,Traffic Incident,Traffic Incident,Northeast,Road,POINT (-113.43711390238882 53.58929642782039)
710,,"Aug 27, 2025","Sep 20, 2025",Current,,153 Avenue NW,Castle Downs Road,121 Street NW,Travel Delays,23 Days,"153 Ave reduced to single lanes and split between Castle Downs YMCA parking lot and Castle Downs Skate Park. Split to North side to start, split to South side afterwards.",153 Ave Traffic Splits,Construction,Northeast,Road,POINT (-113.51671013704353 53.61418372617452)
310,,"Jun 10, 2025","Jun 10, 2025",Complete,108 Street Total Closure,108 Street NW,82 Avenue NW,83 Avenue NW,Total Closure,1 Day (7am - 3pm),On June 10th 108 St from 83 Ave to the alley north of 82 Ave will be closed for a crane lift. The east sidewalk will also closed and detoured. Use other routes.,Crane Lift,Construction,Central,Road and Sidewalk,POINT (-113.50934367209491 53.51809605752522)
626,,"Aug 12, 2025","Aug 15, 2025",Current,156 St Closed,156 Street NW,93 Avenue NW,95 Avenue NW,Total Closure,4 Days,156 St is closed in both directions from 93 Av to 95 Av for an emergency water repair.,Emergency Water Repair,Construction,Northwest,Road,POINT (-113.59035145833104 53.53153333593175)
581,,"Aug 06, 2025","Aug 13, 2025",Current,142 St Reduced to 1 Lane Each Way,142 Street NW,105 Avenue NW,106 Avenue NW,Travel Delays,1 Week,142 St will be reduced to 1 lane each way from 105 Av to 106 Av. Use other routes.The sidewalk on the east side will also be closed.,Drainage Repairs,Construction,Northwest,Road,POINT (-113.56563641942353 53.54777586199104)
592,,"Aug 07, 2025","Aug 10, 2025",Complete,98 Avenue Lane Reductions,98 Avenue NW,91 Street NW,96A Street NW,Increased Travel Time,4 Days,"1) Single lane traffic 98 Av, 91 St - 97 St Off-Peak Hours
2) Travel delays Connors Rd
3) 92 St/94 St/95 St, 97 Av - 98 Av Temp One Way NBD
4) 93 St, 97 Av - 98 Av Temp One Way SBD",2025 Folk Music Festival,Special Event,Central,Road,POINT (-113.46694934270276 53.538248840842186)
126,,"Apr 22, 2025","Jun 06, 2025",Complete,Jasper Ave reduced to one lane each way,Jasper Avenue,117 Street NW,121 Street NW,Travel Delays,1.5 Months,"At 9am on April 22: Jasper Ave reduced to one lane each direction from 117 St - 121 St, Access to and from 120 St north of Jasper Ave closed, Eastbound Jasper Ave left turns banned at 121 St. Phase #1 still in place (TDN #8 - Jasper Ave, 114 St - 117 St)",Imagine Jasper Ave - Phase #2,Construction,Central,Road,POINT (-113.52313983831827 53.54094175104735)
95,,"Apr 22, 2025","Jun 17, 2025",Complete,Intersection Total Closure,Stony Plain Road NW,124 Street NW,,Total Closure,8 Weeks,"Total closure of the 124 St - Stony Plain Road intersection for West LRT Construction starts Tuesday, April 22nd at 9am. 
For more information please visit; https://marigoldinfra.ca/current-construction-notices/",West LRT Construction,Construction,Central,Sidewalk,POINT (-113.60696410426955 53.542393070732366)
806,,"Sep 10, 2025","Sep 11, 2025",Current,118 AV Westbound Lane Closure,118 Avenue NW,79 Street NW,80 Street NW,Increased Travel Time,Two Days,118 AV westbound will be reduced to a single lane daily between 09:00-15:30hrs.,Telecom Maintenance,Construction,Central,Road and Sidewalk,POINT (-113.4625368541889 53.57039299719229)
549,,"Jul 26, 2025","Jul 29, 2025",Complete,163 St Closed NB,163 Street NW,93 Avenue NW,95 Avenue NW,Directional Closure,4 Days,163 St will be closed  NB at 95 Av July 26 and 27 from 7am to 6pm and July 28 and 29 from 9am to 3pm. Use other routes.,Water Line Install,Construction,Northwest,Road,POINT (-113.60265429991705 53.528359582440366)
33,,"Aug 09, 2024","Aug 08, 2025",Complete,106 St NW reduced to one lane NB,106 Street NW,Whitemud Drive NW,42 Avenue NW,Travel Delays,Long Term Drainage Project,"Starts August 9th @ 9am, 106 St NW from Whitemud Dr to 42 Ave will be reduced to a single lane going northbound. Lane reduction to be full time and long term. Expect travel delays.",Drainage Shaft,Construction,Southwest,Road,POINT (-113.50433569913429 53.481338296777295)
358,,"Jun 17, 2025","Jun 23, 2025",Complete,Total closure,93 Street NW,103A Avenue NW,106 Avenue NW,Total Closure,7 days,"93 St from 103A Ave to 106 Ave will be total closed. 105 Ave, 104 Ave, and 103A Ave intersections to remain open. Use 92 St, or 95 St for detours.",Mill & Overlay,Construction,Central,Road,POINT (-113.47889624322728 53.55194962075769)
502,,"Jul 11, 2025","Jul 20, 2025",Current,Drainage Repair,135 Street NW,109 Avenue NW,110 Avenue NW,Total Closure,,135 St between 109 & 109A Ave as well as between 109B & 110 Ave will be closed in 2 locations at the same time for a drainage installation.  ETS Buses will be flagged through the closure.  Closure will be in place during work hours only. Detour via 142 St,Drainage Repair,Construction,Northwest,Sidewalk,POINT (-113.55551715361514 53.55438866117228)
385,,"Jul 02, 2025","Nov 08, 2025",REVISED,95 Av Reduced to 1 Lane Each Way,95 Avenue NW,163 Street NW,170 Street NW,Travel Delays,4 Months,95 Av will be reduced to 1 lane in each direction from July 2 to November 8. The sidewalks on the north and south side will alternate being closed. 165 and 167 St will be closed. Use other routes and follow pedestrian detours.,Road Rehabilitation,Construction,Northwest,Road and Sidewalk,POINT (-113.6026246476124 53.531586316164294)
756,,"Sep 15, 2025","Sep 18, 2025",Current,111 Ave will be directionally closed westbound from 82 St - 83 St,111 Avenue NW,82 Street NW,83 Street NW,Directional Closure,4 days,111 Ave will be directionally closed westbound from 82 St - 83 St. Use 110 Ave for detour. Closed from 07:00 hrs Mon Sep 15 until 15:30 hrs Thu Sep 18,Road base repairs,Construction,Central,Road,POINT (-113.4672910322386 53.559260953733784)
404,,"Aug 13, 2025","Aug 14, 2025",Complete,Stadium RD Lane Closure,Stadium Road NW,92 Street NW,Muttart Crossing NW,Increased Travel Time,Two Days,"Road segment will be reduced to a single lane in each direction between 19:00hrs Aug 13, 2025 to 16:00hrs Aug 14, 2025.",Drainage Repair,Construction,Central,Road,POINT (-113.47925802356895 53.55473524169338)
607,,"Aug 05, 2025",,Complete,100 Ave and 105 St lane closures,100 Avenue NW,105 Street NW,,Travel Delays,,"105 St southbound to 100 Ave eastbound no left turn. 100 Ave eastbound to 105 St northbound no left turn. 105 St northbound, just south of 100 Ave reduced to a single lane. Use 104 St or 106 St as detours",Drainage Repairs,Construction,Central,Road,POINT (-113.5010772504325 53.5388364362369)
485,,"Jul 11, 2025","Jul 12, 2025",Complete,Double lane clousre Eastbound,Whitemud Drive NW,111 Street NW,,Travel Delays,2 Days,July 11th @ 10pm to July 12th @ 8pm. Whitemud Dr @ 111st Overpass will be reduced to 2 lanes eastbound. Both left turning lanes will be closed. Left turns permitted from the #2 lane. Expect delays.,LRT Track Repair,Construction,Southwest,Road,POINT (-113.51688553146936 53.482653515031586)
42,,"Apr 29, 2024","Aug 05, 2025",Complete,Reduced to Single Lane Each Direction,103A Avenue NW,97 Street NW,101 Street NW,Increased Travel Time,14 Months,"Starts Monday Apr 29/24 until July 31/25. Reduced to single lane in each direction & north sidewalk closures from 99 St-100 St. Alternating xwalk closures on 99 St-103A Ave int. 104 Ave, 99 St-100 St closed, access to CN Tower parkade maintained.",99 St LRT  Pedway Project,Construction,Central,Road and Sidewalk,POINT (-113.4937288397726 53.54615345857694)
447,,"Jun 27, 2025","Sep 30, 2025",Current,132 Ave East Rehab - Phase II,132 Avenue NW,69 Street NW,72 Street NW,Total Closure,Three Months,"132 Ave close from 69 Street to 72 Street. North sidewalk closed to start, South sidewalk closed after completion of North side.",Arterial Rehab,Construction,Northeast,Road and Sidewalk,POINT (-113.45235652145031 53.592307838132776)
219,,"May 17, 2025","May 17, 2025",Complete,195 Ave Total Closure,195 Avenue NW,18 Street NW,34 Street NW,Total Closure,"One Day, 10AM to 2PM",195 Ave closed at 34 St and 18 St. Detour to 227 Ave. Local access maintained.,Rail Crossing Repair,Construction,Northeast,Road,POINT (-113.36892257011127 53.65718967417557)
785,,"Aug 30, 2025","Aug 31, 2025",Complete,83 Avenue; 104 St to Gateway Blvd Closure,83 Avenue NW,Gateway Boulevard NW,104 Street NW,Total Closure,2 Days (07:00 - 17:00),83 Avenue between Gateway Boulevard and 104 Street will be closed daily from 07:00 to 17:00 for a Special Event. Cyclist dismount and Walk or take provided Bike detour.,Special Event,Special Event,Central,Road,POINT (-113.49506609898567 53.51905985022891)
193,,"May 06, 2025","May 07, 2025",Complete,Lane Closures,Gateway Boulevard,82 Avenue NW,Tommy Banks Way NW,Major Delays,22:00 - 3:30 am,Gateway Boulevard will be one lane between Tommy Banks Way and Whyte (82) Ave. 85 Ave will be closed at Gateway Boulevard. 83 Ave will be closed between Calgary Trial and Gateway Boulevard.,Construction,Construction,Central,Road,POINT (-113.49551368653943 53.52182452004319)
14,,"Feb 13, 2024","Aug 01, 2025",Current,107 St Closure,107 Street NW,102 Avenue NW,104 Avenue NW,Total Closure,Long Term Project,"107 Street, 103 Av - 104 Av SB will be closed permanantly. NB will be
reduced to a single lane.
107 St, 102 Av - 103 Av will be closed to all traffic except for Fire Hall
Access
For more information visit marigoldinfra.ca/current-construction-notices/",WLRT Production,Construction,Central,Road and Sidewalk,POINT (-113.50474405703798 53.54622941842625)
821,,"Sep 06, 2025","Sep 07, 2025",Current,101 ST Northbound Lane Closure,101 Street NW,Jasper Avenue NW,103 Avenue NW,Increased Travel Time,Two Days,101 ST northbound reduced to two lanes.,Crane Lift,Construction,Central,Road,POINT (-113.49397662037548 53.54478955312297)
621,,"Aug 15, 2025","Aug 16, 2025",Complete,Double lane closure Eastbound,Whitemud Drive NW,111 Street NW,,Travel Delays,2 Days,"Aug 15th @ 10pm to Aug 16th @ 8pm. Whitemud Dr @ 111st Overpass will be
reduced to 2 lanes eastbound. Both straight through lanes Eastbound will be closed. Straight through movements permitted from the #3 outside left turning lane. Expect delays.",LRT Track Repair,Construction,Southwest,Road,POINT (-113.51688553146936 53.482653515031586)
497,,"Jul 15, 2025","Jul 16, 2025",Complete,100 Av Closure,103 Avenue NW,122 Street NW,,Total Closure,"1 Night, 10pm - 6am",103 Av and 122 St intersection closed with only right turn access maintained in all directions.,Utility Work,Construction,Central,Road,POINT (-113.52385926975401 53.54500744678261)
186,,"May 22, 2025","Jul 03, 2025",Complete,167 Ave Split to South,167 Avenue NW,66 Street NW,,Travel Delays,Four Weeks,"After 9AM, 167 Ave split to South side through 66 St using left turn bays for WB traffic. Left turns maintained via split phase signal timing. Phase 1 of work. Detour using 153 Avenue, Manning Drive, and 97 Street to access Anthony Henday Drive.",66 St and 167 Ave Roundabout,Construction,Northeast,Road,POINT (-113.46654113341597 53.628517162961444)
370,,"Jun 20, 2025","Jun 22, 2025",Complete,82 St over AHD Nightly Closures,82 Street NW,Crystallina Nera Way,195 Avenue NW,Total Closure,Two Nights (8PM to 6AM),82 St will be closed from Crystallina Nera Way (180 Ave) to Valour Ave. Local access maintained where required.,Bridge Deck Repair,Construction,Northeast,Road,POINT (-113.46688449414515 53.642277015564744)
98,,"Apr 22, 2025","Oct 31, 2025",Revised,Total Closure,99 Street NW,101A Avenue NW,102 Avenue NW,Total Closure,,"Starts April 22. Phase 1 closure of 99 St, 101A Ave - 102 Ave. Access to the EPL loading dock using 102 Ave - 99 St. Use 100 St - 101A Ave to access the Library parkade. Both sidewalks on 99 St closed, pedestrians must follow posted detour.",99 St Streetscape Project,Construction,Central,Road and Sidewalk,POINT (-113.4887700135406 53.54237411851458)
499,,"Jul 16, 2025","Jul 17, 2025",Complete,113 St Closure,113 Street NW,Jasper Avenue NW,102 Avenue NW,Total Closure,"1 Night, 10pm - 6am","103 Av closed, 120 - 121 St with local access maintained.",Utility Work,Construction,Central,Road,POINT (-113.51581180080956 53.54094128407448)
632,,"Aug 13, 2025","Aug 15, 2025",Complete,#1 Single lane closure Westbound,Whitemud Drive NW,122 Street NW,Terwillegar Drive NW,Travel Delays,2 Nights,Night work only from 10pm - 6am. Whitemud Drive Westbound will be reduced to a single lane due to bridge construction. Expect travel delays.,Bridge Construction,Construction,Southwest,Road,POINT (-113.5708197261924 53.48248635019089)
273,,"Jun 02, 2025","Jun 02, 2025",Complete,Lane Closure,82 Avenue NW,101 Street NW,98 Street NW,Major Delays,Between 9:00 pm and 3:30 am,"Eastbound 82 Avenue will be reduced to a single lane between 101 Street and 98 Street from 9:00 PM to 3:30 AM. Additionally, the left turn lane on northbound and westbound 99 Street will be closed during the same hours.",Construction,Construction,Central,Road,POINT (-113.48279782379554 53.51804989319084)
713,,"Aug 22, 2025","Aug 25, 2025",Current,101 ST Traffic Split,101 Street NW,Jasper Avenue NW,103 Avenue NW,Increased Travel Time,Four Days,101 ST will be reduced to a single lane and split to the east side. Pedestrian traffic will be detoured to east sidewalk. Lane reduction and split setup at 21:00hrs 22-Aug-2025 to 06:00hrs 25-Aug-2025.,Crane Lift,Construction,Central,Road and Sidewalk,POINT (-113.49372678450347 53.54093775116459)
63,,"Apr 14, 2025","Apr 17, 2025",Complete,"Total Closure of Groat Rd, 111 Ave - RVR",Groat Road NW,111 Avenue NW,River Valley Road NW,Total Closure,3 nights,"On the nights of April 14th - 16th 9PM - 6AM, Groat Rd will be closed from 111 Ave - River Valley Rd for 2025 Spring Sweep",2025 Spring Sweep,Construction,Northwest,Road,POINT (-113.55142196725177 53.558913825485654)
214,,"May 20, 2025","Jun 17, 2025",Complete,Southbound lane closure,97 Street NW,63 Avenue NW,56 Avenue NW,Directional Closure,37 Days,97 Street Southbound will be closed between 63  Avenue and  56 Avenue.,Construction,Construction,Central,Road,POINT (-113.47943041431292 53.4998728014806)
699,,"Aug 27, 2025","Aug 27, 2025",Complete,96 St Closure,96 Street NW,106A Avenue NW,107 Avenue NW,Total Closure,8am - 12pm,"96 St, 106A Ave - 107 Ave closed including the alley east of 96 St as part of the event. Cyclists must dismount and walk on 96 St. Detour using other route.",Special Event - 96 St Church Decommissioning Event,Special Event,Central,Road,POINT (-113.48587155793628 53.55161834471916)
524,,"Jul 25, 2025","Aug 14, 2025",Complete,123 Avenue total closure,123 Avenue NW,95 Street NW,96 Street NW,Total Closure,3 weeks,123 Ave from 95 - 96 St will be total closed due to drainage rehab. Use 124 Ave or 122 Ave as detour,Drainage rehab,Construction,Central,Road,POINT (-113.48733554773828 53.578300018612914)
174,,"Apr 30, 2025","May 02, 2025",Complete,Total Closure of 118 St; Jasper Ave to 102 Ave,118 Street NW,Jasper Avenue NW,102 Avenue NW,Total Closure,3 Days,118 Street from Jasper Ave to 102 Avenue will be closed for GS constructions ongoing Water line installation. Local Access to the businesses will be maintained via 102 Ave access. Pedestrian detour around work zone in place.,Water Line Installation,Construction,Central,Road and Sidewalk,POINT (-113.52498040532097 53.54094181611859)
847,,"Sep 04, 2025","Sep 18, 2025",Current,,95 AVENUE NW,67A STREET NW,68 STREET NW,Total Closure,15 Days,"95 Avenue will be closed between 67A Street and 68 Street from September 04 - September 18, 2025, road construction. For detour follow detour singe.",ROAD CONSTRUCTION,Construction,Southeast,Road and Sidewalk,POINT (-113.43223365728966 53.53451794983533)
204,,"Jun 05, 2025","Aug 29, 2025",REVISED,Hawks Ridge Blvd Closed,Hawks Ridge Boulevard,Hawks Ridge Link,Redtail Common,Total Closure,3 Months,Hawks Ridge Blvd will be closed from Redtail Common to Hawks Ridge Link. Hawks Ridge Link will also be closed from Hawks Ridge Blvd to Peregrine Terrace. Use other routes.,Sewer Install,Construction,Northwest,Road,POINT (-113.69448340096444 53.58952974049894)
744,,"Sep 08, 2025","Sep 11, 2025",Current,104 Street Directional Closure Northbound from 100 Avenue,104 Street,100 Avenue,Jasper Avenue,Directional Closure,Four Days,,,Construction,Central,Road,POINT (-113.49927839584169 53.53884886242321)
34,,"Oct 16, 2024","Mar 31, 2025",Complete,"199 St, South of 69 Avenue - Total Closure",199 Street NW,69 Avenue NW,62 Avenue NW,Total Closure,5 Months,"199 St will be totally closed to vehicle traffic South of 69 Ave between 6315 199 St andEast of 1585 Glastonbury Blvd for Drainage Install from, Oct 16th to March 31st. Please use other routes.",Drainage Install,Construction,Southwest,Road,POINT (-113.66576533527477 53.49384935580956)
809,,"Sep 02, 2025","Sep 16, 2025",Current,Juchli Ave Total Closure,Juchli Ave,Castle Downs Road,Nonsuch Street,Total Closure,Two Weeks,"Juchli Ave closure, South sidewalk closure.",Utility Installation,Construction,Northeast,Road and Sidewalk,POINT (-113.51661163043099 53.602026376901115)
44,,"Apr 02, 2025","Apr 11, 2025",Complete,#1 Single lane Closure Westbound,Whitemud Drive NW,Calgary Trail NW,111 Street NW,Travel Delays,10 Days,"#1 Lane closure on Whitemud Drive Westbound from Calgary Trail to 111st. Lane
closure limited to off-peak hours only. Speed reduced accordingly. Expect travel
delays.",WATER VALVE INSTALL,Construction,Southwest,Road,POINT (-113.51688553146936 53.482653515031586)
128,,"Apr 25, 2025","Apr 27, 2025",Complete,53 Ave to WMD SB on ramp closure,53 Avenue NW,Whitemud Drive NW,,Directional Closure,2 Nights,April 25th & 26th Nightly from 9pm - 9am. 53ave to Whitemud Dr SB on ramp will be closed due to a girder erection. Follow detour route.,Girder Erection,Construction,Southwest,Road,POINT (-113.55868614568186 53.4901720728705)
470,,"Aug 08, 2025","Aug 10, 2025",Complete,WMD WB to TWD SB Ramp closure,Whitemud Drive NW,Terwillegar Drive NW,,Total Closure,2 Nights,Nightly from 10pm - 9am only. Whitemud Dr WB to Terwillegar Dr SB ramp will be closed. Follow detour route.,Bridge Construction,Construction,Southwest,Road,POINT (-113.5304417803415 53.493770973792785)
116,,"Apr 11, 2025","Apr 11, 2025",Complete,Southbound Directional Closure,170 Street SW,Rabbit Hill Road SW,,Directional Closure,1 Day,170 St SW Southbound closure at Rabbit Hill Rd SW due to a traffic incident. Use other routes,Traffic Incident,Traffic Incident,Southwest,Road,POINT (-113.61457544875044 53.422505365419276)
560,,"Jul 30, 2025","Aug 02, 2025",Complete,122 St to WMD WB Ramp Closure,122 Street NW,Whitemud Drive NW,,Total Closure,4 Days,Starts July 30th @ 9pm. The 122 St to WMD WB Ramp will be closed. Follow detour route.,Bridge Consturction,Construction,Southwest,Road,POINT (-113.53610424353305 53.54562908047745)
120,,"Apr 14, 2025","Oct 31, 2025",Current,132 Avenue West Rehab - Phase 1,132 Avenue NW,115 Street NW,121 Street NW,Total Closure,6 Months,"132 Avenue total closure. North sidewalk closed to start, switching to South sidewalk after North completion.",Arterial Rehab,Construction,Northeast,Road and Sidewalk,POINT (-113.51995030745225 53.59215683421321)
216,,"May 15, 2025","May 15, 2025",Complete,Traffic Incident,WHITEMUD DRIVE NW,99 STREET NW,,Traffic Incident Delays,Unknonw,Traffic Incident Whitemud Drive westbound - east of 99 St. Left lane blocked.,Traffic Incident,Traffic Incident,Southeast,Road,POINT (-113.48613178542395 53.48044836208735)
862,,"Sep 11, 2025","Sep 11, 2025",Current,Jasper AV Lane Closure,Jasper Avenue NW,101A Street NW,102 Street NW,Increased Travel Time,One Day,Jasper AV westbound will be reduced to a single lane between 0900-1530hrs.,Drainage Maintenance,Construction,Central,Road,POINT (-113.49556974628355 53.540931215120395)
832,,"Aug 25, 2025","Sep 22, 2025",Current,100 ST Lane Closure,100 Street NW,McDougall Hill Road NW,Jasper Avenue NW,Increased Travel Time,Four Weeks,Road segment will be reduced to a single lane.,Power Repair/Replace,Construction,Central,Road and Sidewalk,POINT (-113.49003537681858 53.54117078851361)
293,,"Jun 07, 2025","Jun 08, 2025",Complete,112 Street Traffic Split,112 Street NW,82 Avenue NW,83 Avenue NW,Increased Travel Time,1 Night(7pm - 7am),The northbound lanes on 112 St from 82 Ave - 83 Ave will be closed for a crane lift. Traffic will be maintained splitting the southbound lanes. East sidewalk closed and detoured. Use other routes.,Crane Lift,Construction,Central,Road and Sidewalk,POINT (-113.52074786867702 53.51805269809269)
13,,"Apr 10, 2025","Apr 25, 2025",Complete,147 Street Closure,147 Street NW,Stony Plain Road NW,103 Avenue NW,Total Closure,2 Weeks,"Total closure of 147 Street on the north side of Stony Plain Road.
For more information please visit https://marigoldinfra.ca/currentconstruction-
notices/",WLRT Construction,Construction,Northwest,Road and Sidewalk,POINT (-113.57427195803712 53.54210412480095)
794,,"Aug 28, 2025","Aug 29, 2025",Complete,98 Ave; 85 St-91 St Night Flagging,98 Avenue NW,85 Street NW,91 Street NW,Travel Delays,1 night (10pm-6am),98 Ave will be under flagperson control between 85 St and 91 St.,SEWER MAINTENANCE,Construction,Central,Road,POINT (-113.46694934270276 53.538248840842186)
407,,"Jul 11, 2025","Jul 14, 2025",Complete,106 Street Total Closure,106 Street NW,61 Avenue NW,62 Avenue NW,Total Closure,4 Days,106 Street will be closed from 61 Ave - 62 Ave from July 11 @ 11pm - July 14 @ 12pm. The west sidewalk and bike lane will be closed and detoured to the east side. Please use other routes.,Waterline Install,Construction,Central,Road and Sidewalk,POINT (-113.5044086398323 53.498168574168666)
243,,"May 29, 2025","Oct 31, 2025",Revised,18 St over Horsehills Creek Bridge Replacement,18 Street NW,195 Avenue NW,227 Avenue NW,Travel Delays,5 Months,18 St will be closed from ~150m North of 195 Ave to ~2.75km South of 227 Ave NW,Bridge Replacement,Construction,Northeast,Road,POINT (-113.36893411135215 53.686827965961115)
504,,"Jul 16, 2025","Jul 18, 2025",Complete,Lane Closure,Ellerslie Road SW,Blackmud Creek Drive SW,Gateway Boulevard SW,Major Delays,2 Days,There will be a traffic split on Ellerslie Road SW between Blackmud Creek Drive SW and Gateway Boulevard SW.,Construction,Construction,Southwest,Road and Sidewalk,POINT (-113.49176901883159 53.42499233947635)
343,,"Jun 13, 2025","Jul 25, 2025",Complete,Road Closure,98 Street NW,93 Avenue NW,93A Avenue NW,Total Closure,1 Month,98 Street will be closed between 93 Avenue and 93A Avenue.,Construction,Construction,Central,Road,POINT (-113.48269248195211 53.528245029664845)
594,,"Aug 05, 2025","Dec 31, 2025",Current,Reduced to single lane each direction,103A Avenue NW,97 Street NW,101 Street NW,Increased Travel Time,,103A Ave reduced to a single lane in each direction. Northside sidewalk closure from 99 St - 100 St. Southside crosswalk closure at 99 St & 103A Ave.,Pedway construction,Construction,Central,Road and Sidewalk,POINT (-113.4937288397726 53.54615345857694)
315,,"Jun 10, 2025","Jun 12, 2025",Complete,"103 Ave Closed, 116 St - Alley W/O 116 St",103 Avenue NW,116 Street NW,117 Street NW,Total Closure,Jun 10 and 12th 9am- 330pm,103 Ave will be closed from 116 St to the alley west of 116 St.,Material Delivery,Construction,Central,Road,POINT (-113.52129434515659 53.544614850487505)
85,,"Apr 04, 2025","Apr 14, 2025",Complete,NB Campbell Rd reduced to one lane,Campbell Road,Mark Messier Trail,Anthony Henday Drive,Travel Delays,1 Week,Northbound right lane of Campbell Rd closed at the Naki Transit Center. Access to and from the Transit Centre is maintained.,Road Repair,Construction,Northwest,Road,POINT (-113.59112467922508 53.61163797446122)
220,,"May 21, 2025","Aug 27, 2025",Complete,Directional Road Closure,81 Avenue NW,104 Street NW,Gateway Boulevard,Directional Closure,3 Months,81 Avenue Westbound will be closed between 104 Street and Gateway Boulevard,Construction,Construction,Central,Road,POINT (-113.49754172850454 53.517079432144264)
831,,"Sep 04, 2025","Sep 04, 2025",Complete,97 Street SB - 137 Ave Traffic Incident,97 STREET NW,137 AVENUE NW,,Traffic Incident Delays,Unknown,"Traffic Incident Southbound on 97 ST south of 137 Ave. Left lane is blocked, stay right",Traffic Incident,Traffic Incident,Northeast,Road,POINT (-113.4919547581134 53.59948983681974)
320,,"Jun 15, 2025","Jun 15, 2025",Complete,72 St; Girard Rd to Argyll Rd - Closure,72 Street NW,Girard Road NW,Argyll Road NW,Total Closure,1 Day,One Day closure on Sunday June 15th from 05:00 to 19:00 on 72 St; Girard Rd to Argyll Rd. Parking Ban in effect. Fathers Day Car Show.,Special Event,Special Event,Southeast,Road,POINT (-113.43891210486531 53.508932603119675)
399,,"Jul 12, 2025","Jul 13, 2025",Complete,Jasper Ave reduced to single lanes,Jasper Avenue NW,87 Street NW,90 Street NW,Major Delays,1 day,Jasper Avenue will be reduced to a single lane each direction. The service Road from 87 St - 90 St will total closed but access to building driveway will be maintained. Starting July 12 at 20:00 hrs and removed July 13 at 06:00 hrs,Crane Lift,Construction,Central,Road and Sidewalk,POINT (-113.47266176834522 53.55377352901674)
695,,"Sep 06, 2025","Sep 07, 2025",Current,102 ST Lane Closure,102 Street NW,102 Avenue NW,Jasper Avenue NW,Increased Travel Time,Two Days,102 ST southbound reduced to a single lane. Pedestrians detoured to east sidewalk.,Building Maintenance,Construction,Central,Road and Sidewalk,POINT (-113.49556191937492 53.54308116488235)
571,,"Aug 09, 2025","Aug 09, 2025",Current,108 St Closure,108 Street NW,99 Avenue NW,Jasper Avenue NW,Total Closure,Sat. Aug 9 (11am-2pm),"108 St, 99 Av - Jasper Av will be totally closed as part of the Cariwest Parade route. No parking permitted. Vehicles will be tagged and towed.",Cariwest Parade,Special Event,Central,Road,POINT (-113.50659159351927 53.53725263681103)
233,,"May 26, 2025","Jun 16, 2025",Current,Intrsection closure of 89 Ave and 73 St,89 Avenue NW,73 Street NW,,Total Closure,22 Days,Total closure of 89 Ave and 73 Str intersection for an Installation of a water line. Crosswalk will be effected and detours will be in place. Please use other routes.,Water line install,Construction,Southeast,Road and Sidewalk,POINT (-113.56238317571179 53.52343275352809)
878,,"Sep 10, 2025","Oct 10, 2025",Current,81 Ave; 104 St-East of 105 St Total Closure,81 Avenue NW,104 Street NW,105 Street NW,Total Closure,1 Month (24/7),81 Ave to be totally closed from 104 St to the alley East of 105 St.,Construction,Construction,Central,Road,POINT (-113.49754172850454 53.517079432144264)
449,,"Jul 01, 2025","Aug 18, 2025",Current,Eastbound 92 Av Closed,92 Avenue NW,34 Street NW,50 Street NW,Directional Closure,50 days,"Starting July 1, 2025 eastbound 92 Ave will be closed from 34 St to 50 St. Westbound traffic will be maintained.",Utility Construction,Construction,Southeast,Road,POINT (-113.39388775740683 53.526660972777954)
372,,"Jul 01, 2025","Jul 01, 2025",Complete,Canada Day Fireworks Mill woods,66 Street NW,23 Avenue NW,28 Avenue NW,Total Closure,1 Night (7:30 - Midnight),"Total Closure of 66 St, 23 Av to 28 Av from 7:30 p.m. to midnight.
Supportive total road closures from 10:45 p.m. to midnight.:
1) 28 Av, 66 St - Mill Woods Rd;
2) 23 Av, Mill Woods Rd - 66 St;
3) Mill Woods Rd, 23 Av - 28 Av",Canada Day Celebrations,Special Event,Southeast,Road,POINT (-113.43470774767748 53.45357016529241)
651,,"Aug 15, 2025","Oct 22, 2025",Current,149 St Closure N of Stony Plain Rd,149 Street NW,Stony Plain Road,,Total Closure,10 Weeks,149 St will be closed from Stony Plain Rd to the alley N of Stony Plain Rd. Use other routes.,WLRT Track Construction,Construction,Northwest,Road,POINT (-113.57844844539893 53.55032195078289)
22,,"Sep 11, 2023","Dec 31, 2026",Revised,YHT/127 St Lane Reductions,Yellowhead Trail NW,127 Street NW,124 Street,Increased Travel Time,Long Term Project,Yellowhead Trail and 127 St will be reduced to two lanes in all four directions with all left turn movements banned.,YHT Freeway Conversion,Construction,Northeast,Road,POINT (-113.53594189600649 53.58063953586433)
528,,"Aug 02, 2025","Aug 04, 2025",Complete,Borden Park Rd Closure,Borden Park Road NW,73 Street NW,79 Street NW,Total Closure,3 Days,"Intermittent closure of Borden Park Rd, 73 St - to west of 73 St for special event. Local traffic access to the pool & tennis court maintained via 79 St - 112 Ave. Heritage Festival",Special Event,Special Event,Central,Road,POINT (-113.45051388084218 53.56421978749676)
888,,"Sep 29, 2025","Sep 29, 2025",Current,106A Street Total Closure,106A Street NW,87 Avenue NW,85 Avenue NW,Total Closure,1 Day(8am - 3pm),106A St from 85 Ave - 50m south of 87 Ave will be closed to complete a crane lift. Please use other routes.,Crane Lift,Construction,Central,Road and Sidewalk,POINT (-113.50505515113153 53.5225634077511)
456,,"Jul 25, 2025","Jul 28, 2025",Complete,184 St Reduced to 1 Lane Each Way,184 Street NW,102 Avenue NW,104 Avenue NW,Travel Delays,4 Days,184 St will be reduced to 1 lane each way from 102 Av to 104 Av. Use other routes.,Emergency Drainage Repair,Construction,Northwest,Road,POINT (-113.63983126003595 53.546502327293)
783,,"Aug 29, 2025","Aug 29, 2025",Complete,78 Ave; 99 Street to 100 Street,78 Avenue NW,99 Street NW,100 Street NW,Total Closure,1 Day (12:00pm - 11:59pm),Total Closure of 78 Ave; 99 Street to 100 Street on August 29th for a special event. Please use detour around.,Special Event,Special Event,Central,Road,POINT (-113.48612628345525 53.514210803198644)
427,,"Jun 27, 2025","Jul 09, 2025",Complete,Single Lane Closures 9 am - 3 pm,Yellowhead Trail NW,82 Street NW,50 Street NW,Increased Travel Time,12 Days - Monday - Friday,Yellowhead Trail will have a single lane closure in either the EB or WB Direction from 9am to 3pm Monday to Friday freom June 27 to July 9 for surveying. Expect delays,Surveying,Construction,Northeast,Road,POINT (-113.46733061226558 53.58216594240764)
100,,"Apr 14, 2025","Apr 17, 2025",Complete,Lane Closure,Roper Road NW,84 Street NW,86 Street NW,Increased Travel Time,4 Days,Roper Road West bound meridian lane will be closed between 84 Street and 86 Street.,Landscaping,Construction,Central,Road,POINT (-113.45407885111506 53.48815605864446)
416,,"Jun 26, 2025","Jun 26, 2025",Complete,Traffic Incident,GATEWAY BOULEVARD NW,51 AVENUE NW,,Traffic Incident Delays,2 Hours,"Traffic Incident at the train crossing. 51 Ave  westbound at 99 St is closed, 51 Ave EB at Gateway Blvd is closed.",Traffic Incident,Traffic Incident,Southwest,Road,POINT (-113.49292190286717 53.48557651480033)
808,,"Sep 02, 2025","Sep 23, 2025",Current,36 St Total Closure,36 Street NW,139 Avenue NW,140A Avenue NW,Total Closure,Three Weeks,36 St closed from 139 Ave to South side of 140A Ave. Local access maintained.,Hairsine Neighbourhood Rehab,Construction,Northeast,Road and Sidewalk,POINT (-113.39628700641052 53.60286445406316)
616,,"Aug 11, 2025","Nov 30, 2025",Current,103 ST Traffic Split,103 Street NW,102 Avenue NW,Jasper Avenue NW,Increased Travel Time,3 Months +,Bi-directional traffic maintained under split to the west.,Drainage Repair / Replace,Construction,Central,Road and Sidewalk,POINT (-113.49740789761853 53.54301311010363)
9,,"Sep 13, 2024","Sep 30, 2026",Revised,Road Closure,82 Avenue NW,56 Street NW,50 Street NW,Total Closure,Two Years,82 Avenue will be closed at West of 50 street.,Construction,Construction,Southeast,Road,POINT (-113.4179367608034 53.51803686106172)
513,,"Jul 11, 2025","Aug 11, 2025",Current,97 Street over Yellowhead Trail,97 Street NW,Yellowhead Trail,124 Avenue NW,Travel Delays,Four Weeks,"SB 97 St curb lane forced right turn onto Yellowhead Tr WB On-Ramp. NB 97 St outside lane closure from 124 Ave to Yellowhead Tr. West sidewalk, South of YHT closed at 122 Ave. West crosswalk of 97 St closed. 97 St crosswalk at 124 Ave closed",Yellowhead Tr Freeway Project,Construction,Northeast,Road and Sidewalk,POINT (-113.49210036127148 53.58116276607829)
48,,"Mar 03, 2025","Apr 04, 2025",Complete,Webber Greens Dr Reduced to 1 Lane EB,Webber Greens Drive,Suder Greens Drive,199 Street NW,Travel Delays,5 Weeks,"Webber Greens Dr will be reduced to 1 lane EB from Mar 3 to Mar 31. Use other
routes. The sidewalk on the North side of Webber Greens Dr will be closed.",Power Install,Construction,Northwest,Road and Sidewalk,POINT (-113.67271777974138 53.52424555023156)
115,,"Apr 11, 2025","Apr 13, 2025",Complete,156 St & 87 Ave Travel Delays,156 Street NW,87 Avenue NW,,Travel Delays,3 Days (Fri 9pm - Sun 5pm),At the 156 Street & 87 Ave intersection all directions will be reduced to single lanes from Friday 9pm to Sunday 5pm. Eastbound 87 Ave to Northbound 156 St left turn banned. Use other routes.,Drainage Replacement,Construction,Northwest,Road and Sidewalk,POINT (-113.59050328880596 53.55701311399476)
842,,"Sep 04, 2025","Sep 18, 2025",Current,Total Closure,68 Street NW,94B Avenue NW,95 Avenue NW,Total Closure,15 Days,"68 Street will be completely closed from 94B Avenue NW to 95 Avenue NW September 04 - September 18, 2025. For detours follow detour signage.",Road construction,Construction,Southeast,Road and Sidewalk,POINT (-113.43307515093494 53.53335915960103)
728,,"Aug 22, 2025","Aug 22, 2025",Complete,test disruption,180A Avenue NW,93 Street NW,94 Street NW,Major Delays,1 day,test,test,Special Event,Northeast,Road and Sidewalk,POINT (-113.48472460214265 53.64289847432143)
885,,"Sep 10, 2025","Sep 10, 2025",Complete,,YELLOWHEAD TRAIL NW,124 STREET NW,,Traffic Incident Delays,Uknown,Stalled vehicle Yellowhead Tr westbound at 124 St. Left lane blocked.,,Traffic Incident,Northeast,Road,POINT (-113.5249490750496 53.57821620245865)
254,,"Jun 04, 2025","Jun 04, 2025",Complete,#1 Single Lane closures,Whitemud Drive NW,178 Street NW,Anthony Henday Drive NW,Travel Delays,1 Day,June 4th from 9am - 3pm only. #1 single lane closures in both directions on Whitemud Dr from 178 St to AHD. Expect delays.,Guardrail Repair,Construction,Southwest,Road,POINT (-113.65895095111426 53.51309835326728)
761,,"Sep 05, 2025","Sep 05, 2025",Current,97 ST & 118 AV Lane Closures,97 Street NW,117 Avenue NW,120 Avenue NW,Increased Travel Time,One Day,"97 ST northbound 117-118 AV reduced to a single lane, left turns onto 118 AV westbound will be restricted. 97 ST southbound will be reduced to a single lane, left turns onto 118 AV eastbound will be permitted. 118 AV eastbound at 97 ST will be reduced to a single thru lane, left turns onto 97 ST northbound will be permitted. All obstructions between 09:00-15:00hrs.",Drainage Maintenance,Construction,Central,Road,POINT (-113.49210292334816 53.57334616261401)
206,,"May 12, 2025","May 12, 2025",Complete,Traffic Incident,WAYNE GRETZKY DRIVE,106 AVENUE NW,,Traffic Incident Delays,Unknown,Stlled vehicle Capilano Bridge northbound.,Traffic Incident,Traffic Incident,Central,Road,POINT (-113.44801969246424 53.564772784410685)
297,,"Jun 04, 2025","Jun 06, 2025",Complete,118 Av Reduced to one Lane each Way,118 Avenue NW,152 Street NW,149 Street NW,Travel Delays,3 Days,118 Av is reduced to 1 lane in each direction for water line repairs.,Emergency Water Repair,Construction,Northwest,Road,POINT (-113.583574055585 53.57043283388964)
395,,"Jul 03, 2025","Jul 03, 2025",Complete,"Lane Closure, Flagging",Saskatchewan Drive NW,90 Avenue NW,91 Avenue NW,Major Delays,1 Day (9am-3:30pm),Traffic on Saskatchewan Dr will be controlled via flaggers between 90 Avenue and 91 Avenue from 9am to 3:30pm.,Construction,Construction,Central,Road and Sidewalk,POINT (-113.48835028737216 53.526372409998096)
414,,"Jul 01, 2025","Jul 01, 2025",Complete,Emily Murphy Park Road Closure,Emily Murphy Park Road,Groat Road,116 Street NW,Total Closure,7:00am - 9:00am,"Total closure of Emily Murphy Park Rd, Groat Rd - 116 St to accommodate the Canada Day Road Race.",Canada Day Road Race,Construction,Central,Road,POINT (-113.53762194808881 53.53200655832504)
426,,,,Complete,,,,,0,,,,,,,POINT (-113.51172761870947 53.52453816659729)
94,,"Apr 10, 2025","Apr 11, 2025",Complete,167 Ave Westbound Directional Closure,167 Avenue NW,66 Street NW,71 Street NW,Directional Closure,One Night (10PM to 6AM),Westbound 167 Avenue from 66 St to West of 66 St will be closed from Thursday at 10PM to Friday before 6AM. Expect work on 66 St and 167 Ave in addition to the directional closure with EPS Point Duty.,Utility Work,Construction,Northeast,Road,POINT (-113.45126751498223 53.62864901153112)
340,,"Jun 13, 2025","Jun 13, 2025",Complete,Traffic Incident,FORT ROAD NW,YELLOWHEAD TRAIL NW,,Traffic Incident Delays,Unknown,Traffic Incident Fort Road northbound at Yellowhead Trail overpass.,Traffic Incident,Traffic Incident,Northeast,Road,POINT (-113.43711390238882 53.58929642782039)
30,,"Oct 02, 2023","Jul 31, 2025",Complete,106st reduced to one lane SB,106 Street NW,Whitemud Drive NW,42 Avenue NW,Travel Delays,Long Term Drainage Project,Starts Oct 2nd @ 9am. 106st from Whitemud Dr to 42ave will be reduced to a single lane going southbound. Lane reduction to be full time and long term. Bike and vehicle traffic to share SB travel lane. Speed reduced accordingly. Expect travel delays.,Drainage Shaft,Construction,Southwest,Road,POINT (-113.50433569913429 53.481338296777295)
624,,"Aug 12, 2025","Aug 13, 2025",Current,104 ST Southbound Closure,104 Street NW,102 Avenue NW,100 Avenue NW,Directional Closure,One Night,104 ST southbound closed to vehicles between the alley north of Jasper AV to the alley south of Jasper AV from 21:00hrs 12-Aug-2025 to 06:00hrs 13-Aug-2025. Local access will be maintained.,Drainage Maintenance,Construction,Central,Road,POINT (-113.4992313535387 53.54300562045794)
610,,"Aug 11, 2025","Aug 18, 2025",Current,96 AV & 100A ST Closure,96 Avenue NW,100 Street NW,101 Street NW,Total Closure,One Week,Intersection of 96 AV & 100A ST closed to vehicles. Local access will be maintained. Detour using other routes.,Sewer Replace,Construction,Central,Road,POINT (-113.49110144286891 53.53245881729916)
742,,"Aug 26, 2025","Aug 27, 2025",Complete,122 Ave eastbound directional closure,122 Avenue NW,126 Street NW,127 Street NW,Directional Closure,2 days,122 Ave will be directional closed to eastbound traffic from 127 St. Will not be closed at the same time as TDN 25-0741,Drainage repairs,Construction,Central,Road,POINT (-113.53950700288526 53.576700045413325)
598,,"Aug 06, 2025","Sep 04, 2025",Current,102A AV Traffic Split,102A Avenue NW,97 Street NW,99 Street NW,Increased Travel Time,One Month,Roadsegment will be reduced to a single lane in each direction and split to the noth side. Bicycle lane on the south side of road segment will be closed with detour to the north sidewalk and maintained as a shared use path.,Crane Lift,Construction,Central,Road and Sidewalk,POINT (-113.48671552637317 53.54489845310861)
165,,"Jun 03, 2025","Jun 06, 2025",Complete,Drainage Inspection,Whitemud Drive NW,111 Street NW,,Travel Delays,4 Day,"#1 Eastbound lane closure on Whitemud Drive at the 111st underpass due to a
Drainage inspection. Lane closure limited to off-peak hours only. Speed reduced
accordingly. Expect travel delays",Drainage Inspection,Construction,Southwest,Road,POINT (-113.51688553146936 53.482653515031586)
317,,"Jun 09, 2025","Jul 18, 2025",Current,Total Closure,75 Street,Ellerslie Road,7 Avenue SW,Total Closure,40 Days,Temporary detour road constructed at 100m east of 75 Street.  Emergency access via temporary detour road.,Developer Construction,Construction,Southeast,Road,POINT (-113.45088045290987 53.42490632059522)
151,,"Apr 23, 2025","Apr 23, 2025",Complete,Traffic Incident,GATEWAY BOULEVARD NW,WHITEMUD DRIVE NW,,Traffic Incident Delays,Unknown,Traffic Incident Gateway Blvd NB - Whitemud Drive overpass.,Traffic Incident,Traffic Incident,Southwest,Road,POINT (-113.49183591969997 53.48057612613683)
440,,"Jul 07, 2025","Oct 31, 2025",Current,86 St; 51 Ave-63 Ave,86 Street NW,51 Avenue NW,63 Avenue NW,Travel Delays,4 Months (24/7),86 St to be reduced to a single lane SB from Argyll Rd (63 Ave) to 51 Ave and NB from 61 Ave to Argyll Rd (63 Ave).,Road Construction,Construction,Central,Road,POINT (-113.45444295902612 53.48804211137631)
301,,"Jun 14, 2025","Jun 14, 2025",Complete,42 St Closure,42 Street NW,118 Avenue NW,119 Avenue NW,Total Closure,10am-3pm,42 St from 118 Ave to the alley north of 118 Ave closed on June 14. Detour using other route.,Special Event,Special Event,Northeast,Road,POINT (-113.4061026484225 53.57036230094866)
829,,"Sep 07, 2025","Oct 26, 2025",Current,132 Ave/Delwood Road Intersection Closure,132 Avenue NW,Delwood Road,,Total Closure,7 Weeks,132 Ave will be closed ~100m West of Delwood Road. Delwood Road will be closed South of 132A Ave. Local access maintained East of 82 St to the service roads. Alternating sidewalk closures as required.,132 Ave Rehab,Construction,Northeast,Road and Sidewalk,POINT (-113.47884291999127 53.5922355757053)
66,,"Mar 29, 2025","Apr 05, 2025",Complete,113 ST Traffic Split,113 Street NW,67 Avenue NW,72 Avenue NW,Increased Travel Time,Eight Days,"Road segment will be reduced to a single lane in each direction, and split to the west",Drainage Repairs,Construction,Central,Road,POINT (-113.52284195310055 53.50389928199053)
614,,"Aug 25, 2025","Sep 08, 2025",Current,100 ST Lane Closure,100 Street NW,McDougall Hill Road NW,Jasper Avenue NW,Increased Travel Time,Two Weeks,Road segment will be reduced to a single lane northbound.,Power Repair/Replace,Construction,Central,Road and Sidewalk,POINT (-113.49003537681858 53.54117078851361)
237,,"Jun 11, 2025","Jun 12, 2025",Complete,Single lane closure Eastbound,Whitemud Drive NW,53 Avenue NW,Terwillegar Drive NW,Travel Delays,1 Night,Night time lane closure only from 10pm - 6am. Whitemud drive will be reduced to 1 lane eastbound for a drianage inspection. Expect travel delays.,Drainage Inspection,Construction,Southwest,Road,POINT (-113.5708197261924 53.48248635019089)
384,,"Jun 26, 2025","Oct 31, 2025",Current,106 Street total closure,106 Street NW,102 Avenue NW,Jasper Avenue NW,Total Closure,4 months,106 St closed from 102 Ave to alley north of Jasper Ave. Sidewalk and bike lane detour to east side. Use 105 St for detour. Starting 9am on June 26,Road and sidewalk rehab,Construction,Central,Road and Sidewalk,POINT (-113.50291000201877 53.543012266881995)
681,,"Aug 19, 2025","Aug 29, 2025",Complete,,90 Avenue NW,147 Street NW,146 Street NW,Major Delays,2 Weeks,rad,,,,Road,POINT (-113.57484630745593 53.52353378540594)
367,,"Jun 05, 2025","Jul 04, 2025",Complete,SB 127 St Reduced to One Inside Lane,127 Street NW,137 Avenue NW,135 Avenue NW,Travel Delays,One Month,SB 127 St reduced to single inside lane North of 135 Ave.,Utility Repair,Construction,Northeast,Road,POINT (-113.54117639630827 53.59642133912268)
58,,"Apr 02, 2025","Apr 03, 2025",Complete,"WB 167 Ave, 66 St-71 St",167 Avenue NW,66 Street NW,71 Street NW,Directional Closure,1 Night (10pm-6am),"WB 167 Ave from 66 St to 71 St will be closed to vehicle traffic. Please use other
routes",POWER INSTALL,Construction,Northeast,Road,POINT (-113.44263639842714 53.62849203455579)
330,,"Jun 11, 2025","Jun 11, 2025",Complete,,YELLOWHEAD TRAIL NW,66 STREET NW,,Traffic Incident Delays,Unkown,"Traffic Incident - Accident Yellowhead Trail Eastbound east of 66 St. Right lane is blocked, stay left.",Traffic Incident,Traffic Incident,Northwest,Road,POINT (-113.44285268839117 53.57827840377836)
130,,"Apr 28, 2025","Oct 01, 2025",REVISED,95 Ave Eastbound Single Lane Closure,95 Avenue NW,182 Street NW,170 Street NW,Travel Delays,6 Months,Starting April 28 @ 9am Eastbound 95 Ave from 182 St - 170 St will be reduced to a single lane. The south sidewalk will be closed in stages and pedestrian detours in place. Use other routes.,Sidewalk and Road Rehab,Construction,Northwest,Road and Sidewalk,POINT (-113.61527439566788 53.53168398335468)
469,,"Aug 08, 2025","Aug 11, 2025",Complete,Whitemud Dr Reduced to one lane per direction,Whitemud Drive NW,53 Avenue NW,122 Street NW,Major Delays,2 Nights,Nightly from 10pm - 9am only. Whitemud Drive will be reduced to a single lane per direction from 53 Ave to 122 St. Expect major delays.,Bridge Construction,Construction,Southwest,Road,POINT (-113.54116748362445 53.48307186687647)
381,,"Jun 24, 2025","Jun 25, 2025",Current,LANE CLOSURE,SHERWOOD PARK FREEWAY,71 STREET NW,51 STREET NW,Travel Delays,TWO DAYS,"From June 24 to June 25, 2025 Sherwood Park Freeway Eastbound will be reduced to one lane between 71 Street and 50 Street for a rail repair during off peak hours. Expect delays. Please use alternate routes.",GUARD RAIL REPAIR,Construction,Southeast,Road,POINT (-113.43650104263918 53.51752164181781)
726,,"Aug 25, 2025","Aug 28, 2025",Current,102 AV & 104 ST Lane Closures,102 Avenue NW,103 Street NW,104 Street NW,Increased Travel Time,Four Days,102 AV eastbound and westbound will be reduced to a single lane between 09:00-15:30hrs. All turning movements will be maintained.,Telecome repairs,Construction,Central,Road,POINT (-113.49740789761853 53.54301311010363)
483,,"Jul 08, 2025","Jul 10, 2025",Complete,101 Ave split to north,101 Avenue NW,95 Street NW,95A Street NW,Travel Delays,3 days,"101 Ave, from 95 st - 95A St will be split to north starting 8pm July 8th.",Roadway repairs,Construction,Central,Road,POINT (-113.47771759679686 53.54323844643562)
650,,"Sep 22, 2025","Sep 30, 2025",Current,165 St closure,165 Street NW,109A Avenue NW,110B Avenue NW,Total Closure,4.5 weeks,165 St will be closed from 109A Av to 110B Av. The alley between 109A Av and 110b Av will also be closed. Use other routes.,Water line replacement,Construction,Northwest,Road,POINT (-113.60433225432251 53.55539661050054)
358,,"Jun 17, 2025","Jun 23, 2025",Complete,Total closure,93 Street NW,103A Avenue NW,106 Avenue NW,Total Closure,7 days,"93 St from 103A Ave to 106 Ave will be total closed. 105 Ave, 104 Ave, and 103A Ave intersections to remain open. Use 92 St, or 95 St for detours.",Mill & Overlay,Construction,Central,Road,POINT (-113.47699435681916 53.54851014412237)
404,,"Aug 13, 2025","Aug 14, 2025",Complete,Stadium RD Lane Closure,Stadium Road NW,92 Street NW,Muttart Crossing NW,Increased Travel Time,Two Days,"Road segment will be reduced to a single lane in each direction between 19:00hrs Aug 13, 2025 to 16:00hrs Aug 14, 2025.",Drainage Repair,Construction,Central,Road,POINT (-113.47427015429288 53.55855693034825)
339,,"Aug 27, 2025","Sep 10, 2025",Current,114 Ave total closure,114 Avenue NW,95 Street NW,95A Street NW,Total Closure,1 week,114 Ave from 95 St - 95A St will be total closed. Use 115 Ave or 113 Ave for detour.,Drainage Repairs,Construction,Central,Road,POINT (-113.48716290647774 53.56425889375585)
538,,"Aug 05, 2025","Aug 13, 2025",Complete,100 Street Lane Reduction,100 Street NW,102 Avenue NW,103 Avenue NW,Increased Travel Time,9 Days,"100 St, 102 Ave - 103 Ave reduced to one lane in each direction. Expect travel delays. Detour using 101 St",2025 Cariwest Festival,Special Event,Central,Road,POINT (-113.49070462506157 53.543361722501004)
637,,"Aug 14, 2025","Aug 24, 2025",Complete,81 Ave; 101 St to 100 St - Closure,81 Avenue NW,101 Street NW,100 Street NW,Total Closure,11 Days,Special event closusre of 81 Ave; 101 St to 100 St. Local Access will be maintained from 101 Street.,Special Event,Special Event,Central,Road,POINT (-113.4912946128746 53.51706956045672)
141,,"Apr 17, 2025","Apr 17, 2025",Complete,Traffic Incident,WHITEMUD DRIVE NW,53 AVENUE NW,,Traffic Incident Delays,Unknown,Traffic Incident Whitemud Drive westbound - before 53 Ave.,Traffic Incident,Traffic Incident,Southwest,Road,POINT (-113.5304417803415 53.493770973792785)
874,,"Sep 09, 2025","Sep 14, 2025",Current,Jasper Ave / 124 St reduced to single lane,Jasper Avenue NW,124 Street NW,,Major Delays,6 days,"Jasper Ave and 124 St will be reduced to a single lane in each direction starting immediately until Sun, Aug 14",Water valve repairs,Construction,Central,Road,POINT (-113.49728526790835 53.54471679403813)
69,,"Apr 14, 2025","Apr 21, 2025",Complete,Reduced to Single Lane Northbound,100 Street NW,MacDonald Drive NW,Jasper Avenue NW,Increased Travel Time,1 Week,Starts Monday April 14 at 9am for one week. 100 St NBD from MacDonald Dr to Jasper Ave reduced to single lane due to Epcor power repair. Detour using other route.,Power Repair,Construction,Central,Road,POINT (-113.49015179259794 53.54055439029605)
869,,"Sep 15, 2025","Sep 16, 2025",Current,112 AV Lane Closure,112 Avenue NW,Wayne Gretzky Drive NW\,74 Street NW,Increased Travel Time,Two Days,112 AV westbound reduced to a single lane.,Drainage Maintenance,Construction,Central,Road,POINT (-113.45156952216455 53.561875989779864)
773,,"Aug 29, 2025","Oct 04, 2025",Current,Inside lane closures per direction,Whitemud Drive NW,122 Street NW,111 Street NW,Travel Delays,6 Days,Every Saturday from Aug 29th until Oct 4th. Inside lane closures per direction along Whitemud Dr from 122st to 111st. Expect travel delays.,Concrete Repair,Construction,Southwest,Road,POINT (-113.54116748362445 53.48307186687647)
240,,"May 26, 2025","Oct 31, 2026",Current,41 Ave SW Total Closure,41 Avenue SW,91 Street,Ewing Trail,Total Closure,524 Days,41 Ave SW from 91 Street to Ewing Trail will be closed due to road construction. Local access to be maintained.  Use 25 Avenue SW,Road Construction Rehab,Construction,Southeast,Road,POINT (-113.49191689865212 53.395904906149866)
597,,"Aug 06, 2025","Aug 14, 2025",Current,112 AV Lane Closure,112 Avenue NW,73 Street NW,Wayne Gretzky Drive NW,Increased Travel Time,One Week,Eastbound 112 AV right turn lane closure from west of 73 ST  to just west of the southbound merge lane onto Wayne Gretzky Drive.,Drainage Repairs,Construction,Central,Road,POINT (-113.44880730454949 53.562361108755454)
546,,"Jul 28, 2025","Sep 27, 2025",Current,170 St Reduced to 2 Lane NB,170 Street NW,90 Avenue NW,95 Avenue NW,Travel Delays,8 Weeks,170 St will be reduced to 2 lane NB from 20m S of 95 Av to 20m N of 95 Av. Stay left or use other routes. The crosswalk on the N and E sides will be closed.,Road/Sidewalk Repairs,Construction,Northwest,Road and Sidewalk,POINT (-113.61533373542477 53.524877227746835)
856,,"Sep 09, 2025","Oct 15, 2025",Current,56 Ave; 86 St-West of 86 St,56 Avenue NW,86 Street NW,,Total Closure,5 Weeks (24/7),56 Ave to be totally closed from 86 St to 50m West of 86 St.,Construction,Construction,Central,Road,POINT (-113.45500412700278 53.492687263062166)
410,,"Jul 04, 2025","Jul 07, 2025",Complete,Intersection of 149 St and 111 Av Closure,149 Street NW,111 Avenue NW,,Total Closure,3 Nights (8pm to 8am),The intersection of 149 St & 111 Av will be closed on July 4 and 5 with July 6 as a possible backup day. Use other routes.,Grind and Pave,Construction,Northwest,Road,POINT (-113.5779037521459 53.558835496641336)
492,,"Jul 14, 2025","Jul 14, 2025",Complete,116 Street Delays,116 Street NW,Jasper Avenue NW,,Travel Delays,"1 Day, 9am-330pm",Southbound 116 St through traffic and left turns will share a single lane and flaggers will be on site. Expect delays.,Utility Work,Construction,Central,Road,POINT (-113.52132063434321 53.54094139539932)
705,,"Aug 22, 2025","Sep 13, 2025",REVISED,WB 51 Ave west of 99 St Single Lane Closure,51 Avenue NW,99 Street NW,,Travel Delays,3 Weeks (24/7),WB 51 Ave to be reduced to a single lane from 99 St to 100m west of 99 St.,DRAINAGE REPAIR REPLACE,Construction,Central,Road,POINT (-113.48610514386954 53.48814735941876)
573,,"Aug 09, 2025","Aug 09, 2025",Complete,100 St Closure,100 Street NW,Jasper Avenue NW,103A Avenue NW,Total Closure,Sat. Aug 9 (11am - 2pm),"100 St, Jasper Av - 103A Av will be totally closed as part of the Cariwest Parade
route. No parking permitted. Vehicles will be tagged and towed. 102 Av EBD single lane closed during this time. Cyclists to watch for parade movements and yield as required",Cariwest Parade,Special Event,Central,Road,POINT (-113.49123906553923 53.54617741571153)
707,,"Aug 24, 2025","Aug 24, 2025",Current,82 St and Yellowhead Trail Left Turns Banned,82 Street NW,Yellowhead Trail NW,,Travel Delays,"One day, 7AM to 3PM",NB and SB 82 St at Yellowhead Trail left turns banned; EB and WB Yellowhead Trail Off-Ramp to 82 St will have left turns banned. Detour using alternate routes.,82 St and Yellowhead Trail Left Turns Banned,Construction,Northeast,Road,POINT (-113.46733061226558 53.58216594240764)
354,,"Jun 21, 2025","Jun 21, 2025",Complete,Ramp Closed St Albert Tr to WB YHT,St Albert Trail,Yellowhead Trail,,Total Closure,1 Day,"The leaving St Albert Tr to WB Yellowhead Tr will be closed on Saturday, June 21.",Paving,Construction,Northwest,Road,POINT (-113.55691699367259 53.58114638923677)
209,,"May 20, 2025","Sep 30, 2025",Current,Reduced to one lane each direction,50 Street,Watt Common SW,22 Avenue SW,Increased Travel Time,134 Days,"Beginning Tuesday May 20 at 9:00 a.m., 50 Street is reduced to one lane each direction for 50 Street Road Improvements.  No Left turn northbound at 22 Avenue SW.  No Left Turn northbound at Watt Common SW.",50 Street Road Improvements,Construction,Southeast,Road and Sidewalk,POINT (-113.41809849807206 53.41397360512807)
641,,"Aug 27, 2025","Aug 28, 2025",Current,104 ST Southbound Closure,104 Street NW,102 Avenue NW,100 Avenue NW,Directional Closure,One Night,104 ST southbound closed to vehicles between the alley north of Jasper AV to the alley south of Jasper AV from 21:00hrs 27-Aug-2025 to 06:00hrs 28-Aug-2025. Local access will be maintained.,Drainage Maintenance,Construction,Central,Road,POINT (-113.4992313535387 53.54300562045794)
530,,"Jul 21, 2025","Jul 21, 2025",Complete,104 AV & 104 ST Lane Closure,104 Avenue NW,105 Street NW,104 Street NW,Increased Travel Time,One Day,104 AV eastbound at 104 ST reduced to single lane; no turns from 104 AV onto 104 ST southbound; no left turns from 104 ST northbound onto 104 AV westbound; all work to be completed between 09:00-15:30hrs.,Drainage Maintenance,Construction,Central,Road,POINT (-113.5010725747498 53.54621788419007)
28,,"Jul 13, 2023","Aug 22, 2025",Complete,36A Ave Westbound Closure,36A Avenue NW,106 Street NW,105B Street NW,Directional Closure,Long Term Drainage Project,Starts Oct 7th. 36a ave from 106 st to 105B st will be closed to westbound traffic only due to a drainage shaft installation. Temporary pedestrian detour in place. Use other routes.,Drainage Shaft,Construction,Southwest,Road and Sidewalk,POINT (-113.50415419714412 53.47121212687826)
200,,"May 07, 2025","May 07, 2025",Complete,Traffic Incident,170 STREET NW,YELLOWHEAD TRAIL NW,,Traffic Incident Delays,Unknown,Stalled vehicle 170 St Northbound at Yellowhead Tr overpass. Left lane blocked.,Traffic Incident,Traffic Incident,Northwest,Road,POINT (-113.61530355622594 53.5733150026553)
817,,"Sep 05, 2025","Sep 07, 2025",Complete,116 Street Total Closure,116 Street NW,87 Avenue NW,89 Avenue NW,Total Closure,3 Days (Fri 8pm - Sun 9pm),Starting Friday Sept 5 @ 8pm 116 Street from 87 Ave - 89 Ave will be closed to complete a crane lift. The west sidewalk is also currently closed and detoured. Please use other routes.,Crane Lift,Construction,Central,Road and Sidewalk,POINT (-113.5306301816127 53.522944487812836)
557,,"Jul 31, 2025","Aug 07, 2025",Current,159 St Split to West,159 Street NW,Whitemud Drive,81 Avenue NW,Travel Delays,One Week,159 St reduced to one lane in each direction. Split to West side.,Utility Repair,Construction,Northwest,Road,POINT (-113.59661798461161 53.5151707339125)
20,,"Oct 28, 2024","Oct 31, 2025",Current,Yellowhead Tr North Service Rd Closure,Yellowhead Trail NW,127 Street NW,St Albert Trail NW,Travel Delays,1 Year,"Total closure of the Yellowhead Tr North Service Rd from West of 129
St to East of 128 St. Local access to 129 St, 128 St, and 126 Av
maintained from 127 St.",YHT Freeway conversion,Construction,Northwest,Road,POINT (-113.54124322478002 53.58070508980353)
688,,"Sep 02, 2025","Sep 22, 2025",Current,156 St and 114 Av Closure,156 Street NW,114 Avenue NW,112 Avenue NW,Total Closure,2.5 Weeks,The intersection of 156 St and 114 Av will be closed in all directions. Local traffic will be maintained to the businesses in the area. Use other routes.,Emergency Gas Line Replacement,Construction,Northwest,Road,POINT (-113.59043523380696 53.56311930594589)
850,,"Sep 08, 2025","Oct 31, 2025",Current,Ada Blvd closed from alley west of 36 st and 105 Ave.,Ada Boulevard,104 Avenue,105 Avenue,Total Closure,53 Days,Ada Blvd closed from alley west of 36 st and 105 Ave. Use 36 St to detour.,Guardrail installation,Construction,Northeast,Road and Sidewalk,POINT (-113.3988756529376 53.5578828024267)
171,,"Apr 29, 2025","May 02, 2025",Complete,107 St Lane reductions,107 Street NW,123 Avenue NW,Yellowhead Trail NW,Travel Delays,4 Days,"107 St, 123 Av - Yellowhead Trail reduced to a single lane each way. Detour using other routes.",Waterline Construction,Construction,Central,Road,POINT (-113.50547563243887 53.581336959825904)
103,,"Apr 14, 2025","Nov 30, 2025",Current,120 St Closure,120 Street NW,104 Avenue NW,103 Avenue NW,Total Closure,7.5 Months,"Total closure of 120 St on the south side of 104 Ave. 
For more information, visit marigoldinfra.ca/current-construction-notices/ or Edmonton.ca/projects_plans/transit/valley-line-west",West LRT Closure,Construction,Central,Road and Sidewalk,POINT (-113.5286662123008 53.546192870133694)
454,,"Jul 07, 2025","Jul 08, 2025",Complete,#1 Single lane closure Northbound,Whitemud Drive NW,Fox Drive NW,149 Street NW,Travel Delays,2 Days,"Off peak hours only. #1 Northbound lane closure on Whitemud Drive from
Fox Dr - 149 St. Speed reduced accordingly. Expect travel delays.",Manhole Inspection,Construction,Southwest,Road,POINT (-113.57854280027952 53.51363442866546)
227,,"May 26, 2025","Jun 23, 2025",Complete,Lane closures on Whitemud Drive,Whitemud Drive NW,159 Street NW,53 Avenue NW,Travel Delays,1 Month,Nightly from 10pm - 6am. Whitemud Dr from 159 St to 53 Ave will have multiple lane closures in each direction. Expect Travel delays.,Bridge Maintenance,Construction,Southwest,Road,POINT (-113.57201214645684 53.490407577573094)
256,,"May 29, 2025","Oct 30, 2025",Current,Bus Lane closure,104 Street NW,Saskatchewan Drive NW,81 Avenue NW,Directional Closure,5 Months,"Northbound bus lane on 104 St (Calgary Trail), from 81 Av to 86 Av (Tommy Banks Way), will be closed to accommodate the Summer Street event. 104 Street between Saskatchewan Dr and 86 Av will operate under a Max 20 km/h Share St Local Access mode.",104St (Calgary Trail)Summer St,Special Event,Central,Road,POINT (-113.49754172850454 53.517079432144264)
122,,"Apr 14, 2025","Aug 22, 2025",Revised,132 Ave East Rehab - Phase 1B,132 Avenue NW,69 Street NW,66 Street NW,Total Closure,Four Months,"132 Ave closed from East side of 69 St to West side of 66 St. North sidewalk closed to start, South sidewalk closed after completion of North side.",Arterial Rehab,Construction,Northeast,Road and Sidewalk,POINT (-113.4475805112448 53.592199205339696)
37,,"Mar 27, 2025","Apr 01, 2025",Complete,"Road Closure: Ellerslie Rd, Rabbit Hill Rd -141 St",Ellerslie Road SW,Rabbit Hill Road SW,141 Street SW,Total Closure,3 Nights,"On the nights of March 27th, 31st & April 1st only from 10 pm - 5:30 am. Ellerslie Rd SW will be closed from Rabbit Hill Rd to 141 St. Follow detours.",Utility Work,Construction,Southwest,Road,POINT (-113.58983573962888 53.425074385191095)
76,,"Apr 04, 2025","Apr 04, 2025",Complete,#1 Single lane closure,Whitemud Drive NW,Fox Drive NW,149 Street NW,Travel Delays,1 Day,April 4th from 9am - 3pm only. #1 Northbound lane closure on Whitemud Drive from Fox Dr - 149 St due to a Street Light repair. Speed reduced accordingly. Expect travel delays.,Street Light Repair Replace,Construction,Southwest,Road,POINT (-113.57854280027952 53.51363442866546)
443,,"Jul 03, 2025","Nov 14, 2025",Current,Northbound 66 St Closure,66 Street NW,167 Avenue NW,165 Avenue NW,Total Closure,4.5 Months,"After 9PM, 66 St total closure from 167 Ave to 165 Ave to support intersection roundabout construction. Detour using 153 Ave to 50 St or 82 St. East side Shared Pathway closed and detoured through Matt Berry or Ozerna neighbourhood",66 St and 167 Ave Roundabout,Construction,Northeast,Road and Sidewalk,POINT (-113.44263639842714 53.62849203455579)
264,,"May 30, 2025","Jun 10, 2025",Complete,Total Closure,Davies Road,83 Street,86 Street,Total Closure,12 days,Davies Road closed from 100m east of 86 Street to 86 Street.  Local access maintained.,Emergency EPCOR Drainage work,Construction,Southeast,Road,POINT (-113.4509920655425 53.495306782529774)
113,,"Apr 10, 2025","Apr 11, 2025",Complete,Single lane closures in both directions,Whitemud Drive NW,111 Street NW,122 Street NW,Travel Delays,1 Night,April 10th @ 10pm to April 11th @ 6am. Single lane clousure in both directions on Whitemud drive from 111st to 122st. Expect travel delays.,Light pole Repair,Construction,Southwest,Road,POINT (-113.54116748362445 53.48307186687647)
91,,"Apr 15, 2025","Apr 15, 2025",Complete,Gateway Lane Closure,Gateway Boulevard NW,76 Avenue NW,80 Avenue NW,Increased Travel Time,One Day,Road segment reduced to two lanes between 09:30-15:30hrs.,Drainage Inspection,Construction,Central,Road,POINT (-113.4946246519576 53.516126038173965)
517,,"Jul 12, 2025","Jul 25, 2025",Complete,87 Ave Westbound Directional Closure,87 Avenue NW,111 Street NW,112 Street NW,Directional Closure,2 Weeks,87 Ave westbound from 111 St to 112 Street is closed due to a sinkhole on the roadway. Please use other routes.,Emergency Sinkhole Repair,Construction,Central,Road,POINT (-113.5178049035058 53.52289724636942)
276,,"Jun 07, 2025","Sep 13, 2025",Current,Rice Howard Way Closure,101A Avenue NW,100 Street NW,100A Street NW,Total Closure,5 Closures (See details),"101A Ave closed, 100 St - 100A St:  (10am - 10pm) Select Saturdays: June 7, July 5, July 19, September 13 and Sunday August 17 (7am - 5pm). The roadway will be open to traffic between events.",Summer Bloack Party Series,Special Event,Central,Road,POINT (-113.49050239837139 53.542259358222395)
679,,"Aug 19, 2025","Aug 19, 2025",Complete,test Disruption,94 Street NW,179 Avenue NW,180A Avenue NW,Total Closure,1 Day,This is a test Disruption,test Disruption,Construction,Northeast,Road,POINT (-113.48651702285574 53.641606967087924)
552,,"Jul 23, 2025","Aug 29, 2025",Complete,156 St Bridge Travel Delays,156 Street NW,79A Avenue NW,77A Avenue NW,Travel Delays,2 Months,Starts July 23 @ 9am. 156st Bridge over WMD will be reduced to a single lane per direction due to bridge repair work. Expect travel delays.,Bridge Repair,Construction,Southwest,Road,POINT (-113.59035788756594 53.50985087347888)
17,,"Aug 14, 2023","Apr 14, 2025",Complete,104 Av Lane Reductions,104 Avenue NW,121 Street NW,105 Street NW,Travel Delays,Long Term Project,"104 Ave: 2 lanes each way 121 St - 105 St, 109 St: 2 lanes each way
north & south of 104 Ave, Alternating closures of sidewalks as work
progresses - pedestrian access maintained, Left turns banned SB & WB
at 109 St/104 Ave and EB at 107 St/104 Ave",WLRT Construction,Construction,Central,Road and Sidewalk,POINT (-113.5010725747498 53.54621788419007)
746,,"Aug 26, 2025","Sep 05, 2025",Current,96 ST Traffic Splits,96 Street NW,104 Avenue NW,105A Avenue NW,Increased Travel Time,Two weeks,Alternating traffic splits (east side and west side) of road segment. Local access will be maintained.,Telecom Install,Construction,Central,Road and Sidewalk,POINT (-113.48419447751601 53.54814040040825)
8,,"Mar 24, 2025","Oct 31, 2025",Current,Jasper Ave reduced to one lane each way,Jasper Avenue,114 Street NW,117 Street NW,Travel Delays,7 Months,9am on March 24: Jasper Ave reduced to one lane each direction from 114 St - 117 St. Access to and from 115 St & 117 St north of Jasper Ave will be closed. EB & WB left turns banned at 114 St. Additional delays / impacts to follow under new/revised TDNs.,Imagine Jasper Ave - Phase #1,Construction,Central,Road,POINT (-113.51765218022385 53.54094874253384)
50,,"Apr 01, 2025","Apr 02, 2025",Complete,101A Av Closure,101A Avenue NW,50 Street NW,52 Street NW,Total Closure,2 Days 9am-3:30pm,101A Av will be closed from 9am-330 PM for utilty repairs. Use other routes.,Utility Work,Construction,Southeast,Road,POINT (-113.41857313739526 53.54259499961811)
789,,"Sep 02, 2025","Sep 04, 2025",Current,118 AV Westbound Lane Closure,118 Avenue NW,95A Street NW,96 Street NW,Increased Travel Time,Three Days,118 AV westbound reduced to a single lane between 09:00-15:30hrs.,Telecom Repair,Construction,Central,Road,POINT (-113.48881834808844 53.57038871713303)
393,,"Jun 25, 2025","Jun 26, 2025",Complete,Road Repair Lane Closure,99 Street NW,63 Avenue NW,,Major Delays,8:00 PM-6:00AM,No left turns at 99 Street and 63 Avenue intersection. 63 Avenue Eastbound and 99 street Southbound will be reduced one lane.  63 Avenue Westbound and 99 Street Northbound will be reduced two lanes.,Construction,Construction,Central,Road and Sidewalk,POINT (-113.48737711264467 53.511148796756885)
190,,"May 08, 2025","May 09, 2025",Complete,Northbound 50 St delays,50 Street NW,Jamha Road NW,52 Avenue NW,Travel Delays,1 Evening 18:30 - 06:00 hrs,"Starting at 18:30, Northbound 50 St will be reduced to a single lane at the Whitemud Dr westbound ramp and No Left Turns will be permitted. For access to Whitemud Dr westbound, follow the marked detour using Roper Rd.",Bridge Rehab Work,Construction,Southeast,Road,POINT (-113.41816934466705 53.489808555424354)
80,,"Apr 11, 2025","Apr 11, 2025",Complete,"123 St Closed, 102 Ave - 80m N/O Jasper Ave",123 Street NW,Jasper Avenue,102 Avenue NW,Total Closure,1 Day,123 Street will be closed from 102 Ave to approx. 80m north of Jasper Ave. Local access will be maintained from Jasper Ave to the south end of the closure.,Material Delivery,Construction,Central,Road,POINT (-113.53411173211852 53.541426874291794)
38,,"Mar 17, 2025","Aug 11, 2025",Complete,103A St reduced to a signle lane per direction,103A Street SW,Ellerslie Road SW,30 Avenue SW,Travel Delays,5 Months,Starts March 17th. 103A St will be reduced to a single lane per direction from Ellerslie Rd to 30 Ave SW due to a waterline installation. Expect travel delays.,Water Line Installation,Construction,Southwest,Road,POINT (-113.50327899926418 53.41230087662081)
658,,"Aug 18, 2025","Aug 28, 2025",Current,171 Ave at 109 St Intersection Closure,171 Avenue NW,109 Street NW,,Total Closure,7 Days,171 Ave at 109 St Intersection Closure. Detour using 100 St and 172 Ave.,Baturyn Rehab,Construction,Northeast,Road,POINT (-113.4945035030692 53.63307743710464)
248,,"May 12, 2025","Jun 13, 2025",Complete,Road Closure,58 Avenue NW,87 Street NW,86 Street NW,Total Closure,One Month,58 Avenue will be closed between 87 Street and 86 Street,Construction,Construction,Central,Road,POINT (-113.45825107477114 53.493924955564935)
154,,"Jun 04, 2025","Jul 11, 2025",Complete,159 St Closed,159 Street NW,107 Avenue NW,108 Avenue NW,Total Closure,6 Weeks,159 St will be closed from the alley North of 107 Av to the alley south of 108 Av. 107A Av will also be closed from approimately 50m East and West of 159 St. Use other routes.,Sewer Repair,Construction,Northwest,Road,POINT (-113.59570002955303 53.55130844160312)
162,,"May 07, 2025","May 16, 2025",Complete,YHT WB On-Ramp Closure,Yellowhead Trail NW,149 Street NW,156 Street NW,Travel Delays,9 Days,Closure of the Yellowhead Trail WB On-Ramp from the Service Road. Traffic can detour over top of 156 St to access Yellowhead Trail.,YHT Freeway Conversion,Construction,Northwest,Road,POINT (-113.59177943676596 53.578733720210636)
288,,"Jun 09, 2025","Jun 28, 2025",Complete,Kingsway Av Eastbound Delays,Kingsway NW,108 Street,,Travel Delays,20 Days,Kingsway Av will be reduced to a single lane eastbound at 108 St.,Drainage Repairs,Construction,Central,Road,POINT (-113.50633257212499 53.55981003678958)
348,,"Jun 15, 2025","Aug 29, 2025",Revised,121 St Reduced to One Lane Each Direction,121 Street NW,Yellowhead Trail,Flight Line Road,Travel Delays,Two Months,121 St will be reduced to one lane NB and SB from Yellowhead Trail to North of Flight Line Road via traffic splits and single lane closures. Reduced capacity of WB Yellowhead Trail to SB 121 St double left turn bay.,Yellowhead Tr Freeway Project,Construction,Northeast,Road,POINT (-113.53061942125296 53.57283648550599)
133,,"May 07, 2025","May 28, 2025",Complete,107 Av Reduced to 1 Lane Each Way,107 Avenue NW,169 Street NW,170 Street NW,Travel Delays,3 Weeks,107 Av will be reduced to 1 lane in each direction from 169 St to 170 St. Use other routes.,Water Line Repair,Construction,Northwest,Road,POINT (-113.61169620032584 53.55287868970337)
467,,"Jul 09, 2025","Aug 01, 2025",Complete,53 Ave reduced to one lane per direction,53 Avenue NW,Whitemud Drive NW,Riverbend Road NW,Travel Delays,3 Weeks,Starts July 9th. 53 Ave will be reducted to 1 lane per direction from Whitemud Dr to East of Riverbend Rd due to road construction. Expect travel delays.,Road Construction,Construction,Southwest,Road,POINT (-113.57201214645684 53.490407577573094)
827,,"Sep 09, 2025","Sep 09, 2025",Complete,Single Lane closure Eastbound,Whitemud Drive NW,111 Street NW,106 Street NW,Travel Delays,1 Day,"Single lane closure on Whitemud Dr EB, from 111st to 106st. Speed reduced accordingly. Lane closure limited to off peak hours. Expect delays.",Guardrail Repair,Construction,Southwest,Road,POINT (-113.51688553146936 53.482653515031586)
326,,"Jun 23, 2025","Jun 28, 2025",Complete,High Level Bridge Closures,109 Street NW,97 Avenue NW,88 Avenue NW,Total Closure,"Nightly, 9:30pm - 6am",High Level Bridge and the east sidewalk will be closed nightly 9:30pm and 6am.,Bridge Washing and Maintenance,Construction,Central,Road and Sidewalk,POINT (-113.51206944227012 53.52385132619415)
540,,"Jul 23, 2025","Jul 24, 2025",Complete,Road Closure,86 Street NW,Wagner Road NW,Coronet Road NW,Total Closure,8:00 pm - 6:00 am,86 Street will be closed betweeen Wagner Road and Coronet Road on July 23  at 8:00 pm till July 24 at 6:00 am.,Construction,Construction,Central,Road and Sidewalk,POINT (-113.45714529276822 53.4998578245535)
179,,"May 18, 2025","May 18, 2025",Complete,Vaisakhi Nagar (Sikh Parade),23 Avenue NW,Mill Woods Road East NW,,Total Closure,1 day,Mill Woods Rd South and Mill Woods Rd East will be closed in stages for the Vaisakhi Nagar Parade.  23 Av will experience a closure when the parade crosses between 12:00 - 13:00 hr.,Special Event Parade,Special Event,Southeast,Road,POINT (-113.48127566206044 53.45399875584176)
252,,"May 29, 2025","May 31, 2025",Complete,81 Ave Total Closure,81 Avenue NW,105 Street NW,104 Street NW,Total Closure,3 Days,81 Ave from 105 St to the alley west of 104 St will be closed to install a waterline. Use other routes.,Waterline Install,Construction,Central,Road,POINT (-113.50046426912009 53.517080484518274)
642,,"Aug 14, 2025","Aug 15, 2025",Current,Westbound Jasper Av Closure,Jasper Avenue NW,114 Street NW,117 Street NW,Directional Closure,One Night 22:00 - 05:00 hrs,"Starting at 22:00 hrs, Westbound Jasper Av will be closed. Use 100 Av to detour.",Road improvements,Construction,Central,Road,POINT (-113.52313983831827 53.54094175104735)
589,,"Aug 17, 2025","Aug 17, 2025",Complete,2025 City Marathon 4/4,102 Avenue NW,124 Street NW,138 Street,Travel Delays,6am to 2pm,"102 Avenue, 124 St - 138 St reduced to a single lane Each Way. Access to streets on the South Side of 102 Av permitted as space between race participants allows",Edmonton Marathon,Special Event,Central,Road,POINT (-113.53589795229281 53.54302873504602)
480,,"Jul 12, 2025","Aug 03, 2025",Complete,Single lane clousure per direction,Whitemud Drive NW,Anthony Henday Drive NW,178 Street NW,Travel Delays,5 Nights,"July 12th - 13th, July 25th - 27th & Aug 1st - 3rd from 10pm - 9am only. Single lane closure per direction on Whitemud Dr from Anthony Henday Dr to 178 st. Expect travel delays.",Jersey wall repair,Construction,Southwest,Road,POINT (-113.65895095111426 53.51309835326728)
225,,"May 26, 2025","Jun 23, 2025",Complete,Fox Drive Westbound Ramp closed,Fox Drive NW,Whitemud Drive NW,,Total Closure,16 Nights,"May 26th - 29th, May 31st - June 3rd, June 8th, June 13th - 17th & June 18th - 23rd Nightly from 10pm - 6am. Fox Dr to Whitemud Dr Ramp Westbound will be closed due to bridge Maintenance. Follow detour route.",Bridge Maintenance,Construction,Southwest,Road,POINT (-113.56559641293937 53.502879927141066)
376,,"Jun 19, 2025","Jun 25, 2025",Complete,Westbound 87 Ave Lane Closure,87 Avenue NW,111 Street NW,112 Street NW,Travel Delays,5 Days,Westbound 87 Ave from 111 St - 112 St will be reduced to a single lane of traffic to complete an emergency water repair. Use other routes.,Emergency Water Repair,Construction,Central,Road,POINT (-113.5178049035058 53.52289724636942)
365,,"Jun 20, 2025","Jun 22, 2025",Cancelled,50 St and 137 Ave Intersection Closure,50 Street NW,137 Avenue NW,,Total Closure,Two Nights (9PM to 9AM),50 Street and 137 Avenue intersection will be closed and all traffic sent to right turn bays. Pedestrians maintained.,Milling and Paving,Construction,Northeast,Road,POINT (-113.41795115236478 53.53768539739798)
55,,"Apr 03, 2025","Aug 15, 2025",Current,Various lane closures,Whitemud Drive,50 Street,,Increased Travel Time,135 Days,Whitemud Drive ramps to 50 St will be reduced in capacity in various phases for bridge rehabilitation construction. Use other routes.,Bridge Rehabilitation,Construction,Southeast,Road and Sidewalk,POINT (-113.41817544496175 53.4872421652954)
801,,"Sep 02, 2025","Sep 08, 2025",Complete,99 St total closure,99 Street NW,107A Avenue NW,108 Avenue NW,Total Closure,7 days,99 St will be total closed. Sidewalks to remain open. Use 97 St or 101 St as detour,Neighbourhood road reconstruction,Construction,Central,Road,POINT (-113.49165606431434 53.551944868951956)
504,,"Jul 16, 2025","Jul 18, 2025",Complete,Lane Closure,Ellerslie Road SW,Blackmud Creek Drive SW,Gateway Boulevard SW,Major Delays,2 Days,There will be a traffic split on Ellerslie Road SW between Blackmud Creek Drive SW and Gateway Boulevard SW.,Construction,Construction,Southwest,Road and Sidewalk,POINT (-113.5090259546437 53.424735418031354)
139,,"Apr 28, 2025","Jul 09, 2025",Complete,Eastbound to Southbound Turning lane closure,53 Avenue NW,Whitemud Drive NW,,Travel Delays,2.5 Months,Starts April 28th @ 9am. 53ave Eastbound to Whitemud Drive Southbound right turning lane will be closed. Eastbound traffic must turn right at the intersection to access Whitemud Dr Southbound. Expect travel delays.,Road Construction,Construction,Southwest,Road,POINT (-113.57201214645684 53.490407577573094)
519,,"Jul 18, 2025","Jul 20, 2025",Complete,Queen Elizabeth Park Road - Travel Delays,Queen Elizabeth Park Road NW,Saskatchewan Drive NW,105 Street NW,Travel Delays,3 Days,Queen Elizabeth Park Road; Saskatchewan Drive to 105 Street travel delays from July 18th to July 20th. Please use other routes.,Special Event,Special Event,Central,Road,POINT (-113.4935585708168 53.52418933310096)
566,,"Aug 04, 2025","Aug 07, 2025",Complete,101 AV Traffic Split,101 Avenue NW,95 Street NW,95A Street NW,Increased Travel Time,Four Days,Westbound and eastbound traffic maintained through split to the north.,Curb & Gutter Repairs,Construction,Central,Road,POINT (-113.47771759679686 53.54323844643562)
189,,"May 05, 2025","May 13, 2025",Complete,Single lane closures per direction,Whitemud Drive NW,159 Street NW,Fox Drive NW,Travel Delays,1 Week,Single lane closures on Whitemud Dr in both directions from 159st to Fox Dr. Speed reduced accordingly. Expect travel delays.,Traffic Signal Maintenance,Construction,Southwest,Road,POINT (-113.5966398521809 53.51188926851636)
866,,"Sep 13, 2025","Sep 15, 2025",REVISED,,MAPLE ROAD NW,8 STREET NW,12 STREET NW,Total Closure,3 Days,"Maple Road will be completely closed from 8 Street to 12 Street starting September 13, 2025 at 6:30 p.m. until September 15, 2025 at 6:00 a.m. For detours please follow detour signage.",Crossing Reconstruction,Construction,Southeast,Road and Sidewalk,POINT (-113.36004551949702 53.47602812330674)
880,,"Sep 10, 2025","Sep 24, 2025",Current,"Closure of 101 St, on the North side of 127 Ave, just North of the intersection. Southbound 101 St must turn right onto 127 Ave. Eastbound 127 Ave to Northbound 101 St banned.",101 Street NW,127 Avenue NW,,Directional Closure,Two Weeks,"Closure of 101 St, on the North side of 127 Ave, just North of the intersection. Southbound 101 St must turn right onto 127 Ave. Eastbound 127 Ave to Northbound 101 St banned.",Utility Repair,Construction,Northeast,Road,POINT (-113.49348240764282 53.55470119061395)
99,,"Apr 14, 2025","Apr 14, 2025",Complete,Lane Closures,98 Avenue NW,94 Street NW,96A Street NW,Increased Travel Time,9:00 am - 2:00 pm,"98 Avenue West bound will be reduced to a single lane between 94 Street and 96A Street. Additionally, 96A Street south of 98 Avenue will be managed by flagpersons due to single-lane availability",Drainage Inspection,Construction,Central,Road,POINT (-113.47160281174514 53.5380901592866)
197,,"May 09, 2025","May 10, 2025",Complete,High Level Bridge Closure,109 Street NW,97 Avenue NW,88 Avenue NW,Total Closure,1 Night: 9:30pm - 6am,"On the night of May 09, the High Level Bridge will be closed to traffic between 9:30pm and 6am including the east sidewalk.",Bridge Maintenance,Construction,Central,Road and Sidewalk,POINT (-113.50853003569836 53.53418047719651)
751,,"Sep 03, 2025","Sep 03, 2025",Complete,102 AV Westbound Closure,102 Avenue NW,102 Street NW,103 Street NW,Directional Closure,One Day,102 AV westbound closed to vehicle traffic between 09:00-15:30hrs. North sidewalk will be detoured to the south sidewalk.,Crane Lift,Construction,Central,Road and Sidewalk,POINT (-113.49556191937492 53.54308116488235)
433,,"Jul 04, 2025","Aug 30, 2025",Complete,Saskatchewan Dr Traffic Split,Saskatchewan Drive NW,University Avenue NW,87 Avenue NW,Travel Delays,6 Weeks,Starting July 4th @ 9am the westbound lanes will be closed on Saskatchewan Dr. from 87 Ave - Universtity Ave.Two-way traffic will be maintained on the eastbound lanes. Use other routes.,Waterline Install,Construction,Central,Road,POINT (-113.54056982581558 53.5228415408022)
533,,"Jul 22, 2025","Sep 02, 2025",Current,Campbell Rd Reduced to 1 lane Each Way,Campbell Road,156 Street NW,Anthony Henday Drive,Travel Delays,6 Weeks,Campbell Rd will be reduced to 1 lane in each direction. Use other routes.,Road Repairs,Construction,Northwest,Road,POINT (-113.5911600956329 53.611695354332575)
297,,"Jun 04, 2025","Jun 06, 2025",Complete,118 Av Reduced to one Lane each Way,118 Avenue NW,152 Street NW,149 Street NW,Travel Delays,3 Days,118 Av is reduced to 1 lane in each direction for water line repairs.,Emergency Water Repair,Construction,Northwest,Road,POINT (-113.57801775101814 53.57040561500687)
207,,"May 15, 2025","Jun 30, 2025",Complete,102A Ave Lane Reduction,102A Avenue NW,97 Street NW,99 Street NW,Increased Travel Time,6.5 weeks,"102A Ave from 97 St to west of 97 St lane reduction, two way traffic maintainained. South SUP closed, pedestrians and cyclists must detour using the north sidewalk.",Crane Lift,Construction,Central,Road and Sidewalk,POINT (-113.48671552637317 53.54489845310861)
287,,"Jun 17, 2025","Jun 17, 2025",Complete,102 Av Lane Closure,102 Avenue NW,125 Street NW,,Travel Delays,"1 Day, 9am - 3pm",102 Av will be reduced to a single lane and No Left turns permitted at 125 St. Use other routes.,Tree Maintenance,Construction,Central,Road and Sidewalk,POINT (-113.5293241944416 53.543621485121776)
589,,"Aug 17, 2025","Aug 17, 2025",Complete,2025 City Marathon 4/4,102 Avenue NW,124 Street NW,138 Street,Travel Delays,6am to 2pm,"102 Avenue, 124 St - 138 St reduced to a single lane Each Way. Access to streets on the South Side of 102 Av permitted as space between race participants allows",Edmonton Marathon,Special Event,Central,Road,POINT (-113.56024553087487 53.54297037124246)
270,,"May 31, 2025","Jun 09, 2025",Complete,Lane Closure,Scona Road NW,95A Avenue NW,93 Avenue NW,Travel Delays,10 Days,North bound  middle lane on Scona Road  between 95A avenue and 93 Avenue will be closed.,Construction,Construction,Central,Road,POINT (-113.48542107983295 53.52826733910819)
25,,"May 01, 2023","Aug 31, 2025",Complete,106 St Lane Closure,106 Street NW,34 Avenue NW,35 Avenue NW,Travel Delays,Long Term Project,"Starts Mon, May 1st at 9am. 106 St NB, 34 Av - 35 Av will be reduced to a single lane.The 34 Av WB to 106 St NB Right turn bay will be closed. The North East corner will be closed to pedestrians with detours and temporary crosswalks installed.",Drainage Shaft,Construction,Southwest,Road and Sidewalk,POINT (-113.50407836755168 53.46766473303818)
710,,"Aug 27, 2025","Sep 20, 2025",Current,,153 Avenue NW,Castle Downs Road,121 Street NW,Travel Delays,23 Days,"153 Ave reduced to single lanes and split between Castle Downs YMCA parking lot and Castle Downs Skate Park. Split to North side to start, split to South side afterwards.",153 Ave Traffic Splits,Construction,Northeast,Road,POINT (-113.53045752343347 53.61692353279865)
695,,"Sep 06, 2025","Sep 07, 2025",Current,102 ST Lane Closure,102 Street NW,102 Avenue NW,Jasper Avenue NW,Increased Travel Time,Two Days,102 ST southbound reduced to a single lane. Pedestrians detoured to east sidewalk.,Building Maintenance,Construction,Central,Road and Sidewalk,POINT (-113.49556191937492 53.54308116488235)
846,,"Sep 04, 2025","Sep 18, 2025",Current,TOTAL CLOSURE,68A STREET NW,94A AVENUE NW,94B AVENUE NW,Total Closure,15 Days,"68A STREET WILL BE COMPLETELY CLOSED FROM 94A AVENUE TO 94B AVENUE FROM SEPTEMBER 04 - SEPTEMBER 18, 2025. FOR DETOURS FOLLOW DETOUR SIGNAGE.",ROAD CONSTRUCTION,Construction,Southeast,Road and Sidewalk,POINT (-113.433915257859 53.53220034327603)
111,,"Apr 13, 2025","Apr 13, 2025",Complete,Yellowhead Trail Lane Closure,Yellowhead Trail NW,127 Street NW,St Albert Trail NW,Travel Delays,4 Hours,"Yellowhead Trail WB, 127 St - St Albert Tr will be reduced to a single lane from 9 am - 1 pm.",Pavement Marking Realignment,Construction,Northwest,Road,POINT (-113.55691699367259 53.58114638923677)
346,,"Jun 23, 2025","Jul 03, 2025",Complete,Southbound 114 Street Lane Closure,114 Street NW,83 Avenue NW,82 Avenue NW,Travel Delays,10 Days,Starting June 23 @ 19:00 Southbound 114 Street will be reduced to a single lane of traffic. The west turn bay and west travel lane will be closed at University Ave. Use other routes.,LRT Track Repair,Construction,Central,Road,POINT (-113.52549765648824 53.51935313637639)
591,,"Aug 08, 2025","Aug 27, 2025",Current,"83 Av, 84 Av, 85 Av Total Closures",83 Avenue NW,Gateway Boulevard NW,104 Street NW,Total Closure,20 Days,"Total Closure 83 Av / 84 Av / 85 Av, Gateway Boulevard - 104 Street Gateway Boulevard & 104 Street Speed Limit Reduced to 30kph. 83 Avenue Bike Lane Closed. Cyclists dismount.",Fringe Festival Special Event,Special Event,Central,Road,POINT (-113.49506609898567 53.51905985022891)
173,,"Apr 28, 2025","Dec 31, 2027",Revised,Yellowhead Trail Lane Reductions,Yellowhead Trail NW,St Albert Trail NW,97 Street NW,Travel Delays,Long Term Project,"Yellowhead Tr, 97 St - St Albert Tr will be reduced to 2 lanes each way in phases to accommodate the YHT Tr freeway conversion project.",YHT Freeway Conversion,Construction,Northeast,Road,POINT (-113.49210036127148 53.58116276607829)
96,,"Apr 16, 2025","Apr 21, 2025",Complete,Reduced to Single Lane Westbound,STADIUM ROAD NW,92 STREET NW,,Increased Travel Time,1 Week,Starts Wed April 16 for 1 week. Stadium Rd WB reduced to single lane from 92 St to east of 92 St. The east crosswalk at 92 st will be closed. Detour using other route.,Waterline Repair,Construction,Central,Road and Sidewalk,POINT (-113.47925802356895 53.55473524169338)
22,,"Sep 11, 2023","Dec 31, 2026",Revised,YHT/127 St Lane Reductions,Yellowhead Trail NW,127 Street NW,124 Street,Increased Travel Time,Long Term Project,Yellowhead Trail and 127 St will be reduced to two lanes in all four directions with all left turn movements banned.,YHT Freeway Conversion,Construction,Northeast,Road,POINT (-113.54124322478002 53.58070508980353)
35,,"Oct 27, 2023","Oct 31, 2026",Current,Truck Ban NB 178st Bridge over Whitemud Dr,178 Street NW,Whitemud Drive NW,,Directional Closure,Long Term Impact,Trucks will be banned on NB 178st Bridge over Whitemud Dr. Trucks will need to use the NB 170st Bridge.,Bridge Pier Repair,Construction,Southwest,Road,POINT (-113.62994081178164 53.51212071587992)
577,,"Jul 31, 2025","Aug 01, 2025",Complete,118 St Closure,118 Street NW,100 Avenue NW,Jasper Avenue NW,Total Closure,One night 9pm - 6am,118 St will be closed with local access maintained where possible.,Crane Lift,Construction,Central,Road and Sidewalk,POINT (-113.52497913120887 53.53936896910719)
266,,"Jun 01, 2025","Jun 02, 2025",Complete,Single lane closure eastbound,Whitemud Drive NW,Terwillegar Drive NW,122 Street NW,Travel Delays,1 Night,Night work only from 10pm - 6am. Whitemud Dr Eastbound from Terwillegar Dr to 122st will be reduced to one lane. Expect travel delays.,Pavement marking weave,Construction,Southwest,Road,POINT (-113.5708197261924 53.48248635019089)
606,,"Aug 19, 2025","Aug 19, 2025",Current,123 Street total closure,123 Street NW,102 Avenue NW,Jasper Avenue NW,Total Closure,1 days,"123 St from 102 Ave to 65 meters south (the area immediately in front of ""The Cobalt"" building, will be closed in both directions. Use 122 St or 124 St for detour",Material Delivery,Construction,Central,Road and Sidewalk,POINT (-113.53412815221492 53.54301657658639)
124,,"Apr 24, 2025","May 02, 2025",Complete,WMD WB to TWD SB Ramp closure,Whitemud Drive NW,Terwillegar Drive NW,,Total Closure,6 Nights,"April 24, 25, 26, 27, 29, and May 1 Nightly from 9pm - 6am (9am on weekends). Whitemud Dr WB to Terwillegar Dr SB ramp will be closed. Follow detour route.",Girder Erection,Construction,Southwest,Road,POINT (-113.5708197261924 53.48248635019089)
120,,"Apr 14, 2025","Oct 31, 2025",Current,132 Avenue West Rehab - Phase 1,132 Avenue NW,115 Street NW,121 Street NW,Total Closure,6 Months,"132 Avenue total closure. North sidewalk closed to start, switching to South sidewalk after North completion.",Arterial Rehab,Construction,Northeast,Road and Sidewalk,POINT (-113.53040761338426 53.59215743142547)
15,,"Apr 03, 2025","Apr 04, 2025",Complete,Westbound Yellowhead Tr On Ramp Closure,Yellowhead Trail NW,156 Street NW,,Travel Delays,1 Night(9pm - 6am),"The westbound service road on ramp to westbound Yellowhead Tr will
be closed from 9pm - 6am. Traffic will be detoured over the 156 St exit.
Use other routes.",Drainage Inspection,Construction,Northwest,Road,POINT (-113.59177943676596 53.578733720210636)
19,,"Apr 12, 2025","Oct 15, 2025",Current,"EB Yellowhead Tr, Victoria Tr-17 St",Yellowhead Trail NW,Victoria Trail NW,17 Street NW,Travel Delays,6 Months (24/7),Eastbound Yellowhead Tr from Victoria Tr to 17 St on Beverly Bridge over the North Saskatchewan River to be reduced to two lanes and speed reduced to 60km/h. The sidewalk on the Southside of the bridge to be closed. Please use other routes.,BRIDGE REHABILITATION,Construction,Northeast,Road and Sidewalk,POINT (-113.38410001063664 53.574258095268185)
280,,"Jun 03, 2025","Jun 06, 2025",Complete,"170 St 2 Lane NB, 100 Av 3 lanes EB",170 Street NW,100 Avenue NW,Stony Plain Road,Travel Delays,4 Days,The 2 far left lanes NB on 170 St N of 100 Av will be closed. The north left turn lanes EB 100 Av to NB 170 St will be closed. Use other routes.,Emergency Manhole Repair,Construction,Northwest,Road,POINT (-113.61465858547055 53.53928717331692)
560,,"Jul 30, 2025","Aug 02, 2025",Complete,122 St to WMD WB Ramp Closure,122 Street NW,Whitemud Drive NW,,Total Closure,4 Days,Starts July 30th @ 9pm. The 122 St to WMD WB Ramp will be closed. Follow detour route.,Bridge Consturction,Construction,Southwest,Road,POINT (-113.54116748362445 53.48307186687647)
618,,"Aug 11, 2025","Aug 15, 2025",Current,107A AV Lane Closure,107A Avenue NW,95 Street NW,92 Street NW,Increased Travel Time,Five Days,107A AV eastbound reduced to a single lane. Keep left.,Power Install,Construction,Central,Road,POINT (-113.47925802356895 53.55473524169338)
180,,"May 31, 2025","May 31, 2025",Complete,River Valley Rd Closure,River Valley Road NW,105 Street NW,Groat Road NW,Total Closure,7 am - 12 pm (5 Hours),Total closure of River Valley Road to accommodate the Kids of Steel event. Golf course access maintained from the West side of River Valley Road. Royal Glenora access maintained from Fortway Dr.,Special Event,Special Event,Central,Road,POINT (-113.50107997650335 53.53057554626964)
617,,"Aug 11, 2025","Aug 15, 2025",Complete,110A Ave total closure,110A Avenue NW,97 Street NW,98 Street NW,Total Closure,5 days,110A Ave will be total closed. Use 109A Ave or 111 Ave for detour,road reconstruction work,Construction,Central,Road and Sidewalk,POINT (-113.49195045301369 53.55810530607649)
177,,"May 18, 2025","May 18, 2025",Complete,Vaisakhi Nagar (Sikh Parade),Mill Woods Road South NW,46 Street NW,Mill Woods Road East NW,Total Closure,1 day,Mill Woods Rd South and Mill Woods Rd East will be closed in stages for the Vaisakhi Nagar Parade.,Special Event Parade,Special Event,Southeast,Road,POINT (-113.40955812690278 53.443590809029224)
245,,"May 26, 2025","Dec 31, 2025",Current,Eastbound Victoria Park Rd Right Lane Closure,Victoria Park Road,River Valley Road,116 Street NW,Travel Delays,6 Months,"Starting May 26 on eastbound Victoria Park Rd: Right lane closed, River Valley Rd - 116 St & speed reduced to 40km/hr. Starting mid-late September 2025, the eastbound right lane will become a permanent bike facility.",Victoria Park Rd Summer Street,Construction,Central,Road,POINT (-113.53906423176834 53.53866795762291)
418,,"Jul 02, 2025","Jul 03, 2025",Complete,50 Street Bridge Closure,50 Street,Whitemud Drive,,Increased Travel Time,1 Night (10 p.m. - 6 a.m.),"Starting at 10 p.m. Wednesday July 2, 50 Street Bridge over Whitemud Drive is closed northbound and southbound for Bridge Work.   Use 34 Street or 66 Street.  Emergency Access over Bridge Deck is maintained in all directions.",Bridge Work,Construction,Southeast,Road,POINT (-113.41817544496175 53.4872421652954)
520,,"Jul 21, 2025","Jul 31, 2025",Complete,101 ST Traffic Split,101 Street NW,Jasper Avenue NW,103 Avenue NW,Increased Travel Time,Ten Nights,101 ST will be reduced to a single lane and split to the east side. Pedestrian traffic will be detoured to east sidewalk. Lane reduction and split to occur nightly 22:00-06:00hrs.,Crane Lift,Construction,Central,Road and Sidewalk,POINT (-113.49397662037548 53.54478955312297)
390,,"Jun 27, 2025","Jun 27, 2025",Complete,78 Ave; 99 St to 100 St - Total Closure,78 Avenue NW,99 Street NW,100 Street NW,Total Closure,1 Day (10:00 am to 12:59 pm),Total Closure of 78 Avenue from 99 Street to 100 Street for a Special Event. Please use alternative routes.,Special Event,Special Event,Central,Road,POINT (-113.48612628345525 53.514210803198644)
200,,"May 07, 2025","May 07, 2025",Complete,Traffic Incident,170 STREET NW,YELLOWHEAD TRAIL NW,,Traffic Incident Delays,Unknown,Stalled vehicle 170 St Northbound at Yellowhead Tr overpass. Left lane blocked.,Traffic Incident,Traffic Incident,Northwest,Road,POINT (-113.61526148697848 53.54584259868697)
136,,"Apr 21, 2025","Jul 14, 2025",Current,156 St Intersection Partial Closure,156 Street NW,Stony Plain Road NW,,Directional Closure,12 Weeks,"Partial intersection closure of Stony Plain Rd - 156 St. 
NB and SB 156 St is a right turn only at Stony Plain Rd.
EB Stony Plain Rd is a left turn only at 156 St.
WB Stony Plain Rd is a total closure at 155 St.",West LRT Construction,Construction,Northwest,Road and Sidewalk,POINT (-113.590326243195 53.54129318977801)
213,,"May 22, 2025","May 29, 2025",Complete,Winterburn total Closure,Winterburn Road NW,45 Avenue NW,Edgemont Boulevard NW,Total Closure,1 Week,May 22nd - May 29th from 9am - 3pm only. Winterburn Rd from 45ave to Edgemont Blvd will be closed due to a power repair.  Use other routes.,Power Repair,Construction,Southwest,Road,POINT (-113.68878920363954 53.468595380111125)
71,,"Apr 07, 2025","Mar 31, 2026",Current,Ellerslie Rd SW Closure,Ellerslie Road SW,Charlesworth Way SW,17 Street SW,Total Closure,12 Months,Ellerslie Rd will be closed from Charlesworth Way to 17 St including through the 34 St intersection.,Road Reconstruction,Construction,Southeast,Road and Sidewalk,POINT (-113.39962340559211 53.42495359245156)
158,,"Apr 26, 2025","Apr 27, 2025",Complete,102 St Closure,102 Street NW,Jasper Avenue NW,102 Avenue NW,Total Closure,Sat at 2am to Sun at 5pm,"102 St Closed from north of Jasper Ave to south of 102 Ave. Commerce Pl parkade access from Jasper Ave only. Manulife Pl and YMCA parkade access from 102 Ave only. West sidewalk closed, pedestrian detour using east sidewalk.",Crane Lift,Construction,Central,Road and Sidewalk,POINT (-113.49556974628355 53.540931215120395)
160,,"May 08, 2025","Jul 09, 2025",Complete,100 Av Reduced to 1 Lane Each Way,100 Avenue NW,158 Street NW,162 Street NW,Travel Delays,9 Weeks,100 Av will be reduced to 1 lane in each direction from May 8 to July 9 from 158 St to 162 St. Use other routes.,Drainage Repair,Construction,Northwest,Road,POINT (-113.59382567659793 53.5392584280006)
4,,"Feb 03, 2025","May 05, 2025",Complete,118 St Closed N/O Jasper Ave,118 Street NW,Jasper Avenue,,Total Closure,3 Months,118 St closed from Jasper Ave to approx. 30m north of Jasper Ave including the east sidewalk. North crosswalk closed at 118 St / Jasper Ave. Westbound right lane of Jasper Ave closed at 118 St.,Drainage Shaft Installation,Construction,Central,Road and Sidewalk,POINT (-113.5337487097703 53.49727422192146)
193,,"May 06, 2025","May 07, 2025",Complete,Lane Closures,Gateway Boulevard,82 Avenue NW,Tommy Banks Way NW,Major Delays,22:00 - 3:30 am,Gateway Boulevard will be one lane between Tommy Banks Way and Whyte (82) Ave. 85 Ave will be closed at Gateway Boulevard. 83 Ave will be closed between Calgary Trial and Gateway Boulevard.,Construction,Construction,Central,Road,POINT (-113.49489699533335 53.5180697441317)
84,,"Apr 07, 2025","Apr 09, 2025",Complete,50 Street Delays,50 Street NW,Whitemud Drive NW,,Travel Delays,"2 Nights, 20:00 - 06:00 hrs",Northbound 50 St will be reduced to a single through lane and a single left turn bay and southbound 50 St will be reduced to a single through lane with no left turns permitted (use Roper Rd in lieu of left turns).,Road work,Construction,Southeast,Road,POINT (-113.41795115236478 53.53768539739798)
666,,"Sep 01, 2025","Sep 25, 2025",Current,115 Av Closure,115 Avenue NW,Groat Road,134 Street NW,Total Closure,3.5 Weeks,115 Av will be closed from Groat Rd to the alley west of Groat Rd. Use other routes.,Drainage Repairs,Construction,Northwest,Road,POINT (-113.55043175630043 53.565094961315886)
567,,"Jul 23, 2025","Aug 06, 2025",Complete,129 Ave Closure,129 Avenue NW,109 Street NW,112 Street NW,Total Closure,Two Weeks,129 Ave Closure. Access to Lauderdale Dog Park from 109 St.,Utility Installation,Construction,Northeast,Road and Sidewalk,POINT (-113.50842755786115 53.5874417225662)
90,,"Apr 14, 2025","Apr 22, 2025",Complete,82 AV Traffic Split,82 Avenue NW,98 Street NW,96 Street NW,Increased Travel Time,9 Days,Road segment reduced to a single lane in each direction and split to the north side.,Water Install,Construction,Central,Road,POINT (-113.48279782379554 53.51804989319084)
222,,"May 20, 2025","Jun 20, 2025",Complete,116 St Lane Reductions at Jasper Ave,116 Street NW,Jasper Avenue,,Travel Delays,5 Weeks,"Starting May 20 at 9am, 116 St at Jasper Ave: SBD reduced to one lane (Traffic in SBD left turn lane - all movements maintained), NBD reduced to one lane (Traffic in NBD right lane - all movements maintained), North and West crosswalks closed.",Imagine Jasper Ave,Construction,Central,Road and Sidewalk,POINT (-113.52132063434321 53.54094139539932)
233,,"May 26, 2025","Jun 16, 2025",Current,Intrsection closure of 89 Ave and 73 St,89 Avenue NW,73 Street NW,,Total Closure,22 Days,Total closure of 89 Ave and 73 Str intersection for an Installation of a water line. Crosswalk will be effected and detours will be in place. Please use other routes.,Water line install,Construction,Southeast,Road and Sidewalk,POINT (-113.43985683136219 53.52426442990402)
53,,"Apr 04, 2025","Apr 04, 2025",Complete,112 Av Closed,112 Avenue NW,143 Street,,Total Closure,1 Day (11:55am to 12:20pm),112 Av will be closed from 143 St to 300m West of 143 St. Use other routes.,Special Event,Construction,Northwest,Road,POINT (-113.49108223351257 53.562213912576475)
570,,"Aug 09, 2025","Aug 09, 2025",Complete,99 Ave Closure,99 Avenue NW,107 Street NW,109 Street NW,Total Closure,Sat. Aug 9 (8am - 2pm),"99 Av, 107 St - 109 St will be totally closed for Cariwest Parade assembly area. No parking permitted. Vehicles will be tagged and towed.",Cariwest Parade,Special Event,Central,Road,POINT (-113.50477383004673 53.53725707805055)
126,,"Apr 22, 2025","Jun 06, 2025",Complete,Jasper Ave reduced to one lane each way,Jasper Avenue,117 Street NW,121 Street NW,Travel Delays,1.5 Months,"At 9am on April 22: Jasper Ave reduced to one lane each direction from 117 St - 121 St, Access to and from 120 St north of Jasper Ave closed, Eastbound Jasper Ave left turns banned at 121 St. Phase #1 still in place (TDN #8 - Jasper Ave, 114 St - 117 St)",Imagine Jasper Ave - Phase #2,Construction,Central,Road,POINT (-113.53082997196275 53.540943710347946)
290,,"Jun 09, 2025","Jun 30, 2025",Complete,Lane Closure,98 Avenue NW,93 Street NW,96A Street NW,Major Delays,21 Days,"98 Avenue, between 93 Street and 96A Street, will be reconfigured to accommodate one lane of traffic in each direction.",Construction,Construction,Central,Road and Sidewalk,POINT (-113.4700197759166 53.53816103343359)
894,,"Sep 15, 2025","Sep 18, 2025",Current,Southbound Directional Closure,Allan Drive SW,Windermere Boulevard SW,Andrews Loop SW,Directional Closure,4 Days,Starts Sept 15th. Allan Dr southbound will be closed from Windermere blvd to Andrews Loop due to a drainage repair. Use other routes.,Drainage Repair,Construction,Southwest,Road,POINT (-113.58936005044049 53.432057947085056)
641,,"Aug 27, 2025","Aug 28, 2025",Current,104 ST Southbound Closure,104 Street NW,102 Avenue NW,100 Avenue NW,Directional Closure,One Night,104 ST southbound closed to vehicles between the alley north of Jasper AV to the alley south of Jasper AV from 21:00hrs 27-Aug-2025 to 06:00hrs 28-Aug-2025. Local access will be maintained.,Drainage Maintenance,Construction,Central,Road,POINT (-113.49927839584169 53.53884886242321)
324,,"Jun 11, 2025","Jun 11, 2025",Complete,Lane Closure,82 Avenue NW,101 Street NW,98 Street NW,Major Delays,9:00 AM - 3:30 PM,Eastbound 82 Avenue will be reduced to one lane between 101 Street and 98 Street during 9:00 AM and 3:30 PM. Northbound and Southbound turns on 100 Street and 98 Street will be banned.,Construction,Construction,Central,Road and Sidewalk,POINT (-113.49126925599182 53.518063721903665)
544,,"Jul 24, 2025","Jul 24, 2025",Complete,Lane Closures,99 Street NW,88 Avenue NW,91 Avenue NW,Major Delays,9:00 am - 3:30 pm,"The northbound and southbound center lanes on 99 Street, between 88 Avenue and 91 Avenue, will be closed. During this period, one lane of traffic will remain open for both directions.",Construction,Construction,Central,Road and Sidewalk,POINT (-113.48609792513302 53.52351841055034)
811,,"Sep 16, 2025","Sep 30, 2025",Current,Baturyn Rehab Stage 11,109 Street NW,168 Avenue NW,Castle Downs Road NW,Total Closure,Two Weeks,"109 St will be closed from the South side of 168 Ave to Castle Downs Road. Local access will be maintained. Pedestrian access will be maintained. Detour using 100 St, 172 Ave, 171 Ave.",Collector Rehab,Construction,Northeast,Road,POINT (-113.51091333359393 53.62922474418999)
464,,"Jul 11, 2025","Jul 13, 2025",Complete,Whyte Avenue Art Walk,105 Street NW,81 Avenue NW,82 Avenue NW,Total Closure,3 Days (Daily 06:00 - 19:00),"105 Street from south side of 82 Avenue to 81 Avenue closed daily from 06:00 to
19:00 for the Whyte Avenue Art Walk. Alley cross traffic maintained.",Special Event,Special Event,Central,Road,POINT (-113.50046426912009 53.517080484518274)
790,,"Sep 03, 5025","Sep 05, 2025",Current,50 St Split to East,50 Street NW,121 Avenue NW,118 Avenue NW,Travel Delays,Three Days,50 St split to the East side from South of 118 Ave to South of 121 Ave.,50 St Split to East,Construction,Northeast,Road,POINT (-113.41838214144374 53.57507185771445)
263,,"Jun 02, 2025","Jun 23, 2025",Complete,80 Avenue Total Closure,80 Avenue NW,107 Street NW,108 Street NW,Total Closure,2 Weeks,Starting June 2nd 80 Ave from 107 St - 108 St will be closed. Bike facility is detoured to 81 Ave. Use other routes.,Paving,Construction,Central,Road,POINT (-113.50631635402577 53.51614408171637)
585,,"Aug 16, 2025","Aug 17, 2025",Complete,2025 City Marathon 1/4,Jasper Avenue NW,95 Street NW,99 Street NW,Total Closure,Sat 6am - Sun 8pm,"Special Event. Total closure of Jasper Av, 99 St - 95 St.",Edmonton Marathon,Special Event,Central,Road,POINT (-113.48858103529824 53.54126615782316)
706,,"Aug 25, 2025","Sep 19, 2025",Current,104 AV Lane Closures,104 Avenue NW,102 Street NW,104 Street NW,Increased Travel Time,Four Weeks,104 AV eastbound and westbound single lane closures between 102-104 ST 9:00-15:30hrs (no lane closures during Roger's event days).,Building Maintenance,Construction,Central,Road,POINT (-113.49553384677675 53.54618111099898)
445,,"Jul 03, 2025","Nov 14, 2025",Current,66 St and 167 Ave North Leg Detour,66 Street NW,167 Avenue NW,,Directional Closure,4.5 Months,"After 9PM, Southbound 66 St will be on a detour road routed to Westbound 167 Ave only. No access to 66 St, South of 167 Ave or Eastbound 167 Ave from 66 St. East side sidewalk closed and detoured through McConachie neighbourhood",66 St and 167 Ave Roundabout,Construction,Northeast,Road and Sidewalk,POINT (-113.44263639842714 53.62849203455579)
363,,"Jun 17, 2025","Jun 17, 2025",Complete,Whitemud Dr; 122 St-111 St,Whitemud Drive,122 Street NW,111 Street NW,Total Closure,1 Day,Eastbound Whitemud Dr Totally Closed between 122 St and 111 St. Use other routes.,Traffic Incident,Traffic Incident,Southwest,Road,POINT (-113.54116748362445 53.48307186687647)
819,,"Sep 04, 2025","Sep 05, 2025",Complete,Single Lane closure Eastbound,Whitemud Drive NW,53 Avenue NW,122 Street NW,Major Delays,1 Night,Night work only from 10am - 6am. Whitemud Dr EB will be reduced to a single lane due to a pavement marking weave installation. Expect Major delays.,Pavement Marking Install,Construction,Southwest,Road,POINT (-113.57201214645684 53.490407577573094)
489,,"Jul 18, 2025","Jul 25, 2025",Complete,98 Street total closure,98 Street NW,108A Avenue NW,109A Avenue NW,Total Closure,8 days,"98 St, from 109A Ave to 30m south will be total closed for water line maintenance. Use 97 St or 101 St as detour.",water line maintenance,Construction,Central,Road and Sidewalk,POINT (-113.49191613918744 53.55459627460541)
506,,"Jul 14, 2025","Jul 17, 2025",Current,Drainage Repair,144 Street NW,106B Avenue NW,107 Avenue NW,Total Closure,3 Days,144 Street between 106B And 107 Avenue will be closed to all traffic for 3 days for a drainage repair.  Detour using 149 Street,Drainage Repair,Construction,Northwest,Road,POINT (-113.56921131739047 53.550403287192054)
633,,"Aug 18, 2025","Aug 23, 2025",Complete,Allan Drive Total Closure,Allan Drive SW,Windermere Boulevard SW,Andrews Loop SW,Total Closure,6 Days,Starts Aug 18th. Allan Dr will be closed from Windermere blvd to Andrews Loop due to a water line installation. Use other routes.,Water Line Install,Construction,Southwest,Road,POINT (-113.58936005044049 53.432057947085056)
700,,"Aug 28, 2025","Aug 29, 2025",Current,Jasper AV & 102 ST Obstructions,Jasper Avenue NW,101 Street NW,103 Street NW,Increased Travel Time,One Night,"Following obstructions between 21:00hrs Aug.28 to 06:00hrs Aug.29; Jasper AV westbound reduced to a single lane at 102 ST, no left turns onto 102 ST. No right turns from 102 ST southbound onto Jasper AV eastoubnd. No left turns & no thru traffic on 102 ST northbound at Jasper AV.",Drainage Maintenance,Construction,Central,Road,POINT (-113.49372678450347 53.54093775116459)
62,,"Apr 08, 2025","Apr 08, 2025",Complete,Lane Closure,87 Avenue NW,112 Street NW,111 Street NW,Increased Travel Time,9:00 am - 2:00 pm,"Eastbound 87 Avenue will be closed between 112 Street and 111 Street. To maintain traffic flow, westbound 87 Avenue will be split to accommodate two-way traffic.",Construction,Construction,Central,Road,POINT (-113.52085572454202 53.52289966741331)
563,,"Aug 08, 2025","Aug 22, 2025",Current,Baturyn Rehab Stage 8,172 Avenue NW,106 Street NW,109 Street NW,Total Closure,Two Weeks,172 Ave from the West side of 106 St to 109 St will be closed. Pedestrian access will be maintained. Detour using 100 St or 109 St.,Collector Rehab,Construction,Northeast,Road,POINT (-113.50621386463487 53.633430388845404)
187,,"May 05, 2025","May 12, 2025",Complete,Lane Closure,86 Street NW,63 Avenue NW,51 Avenue NW,Travel Delays,7 Days,The southbound direction of 86 Street will be reduced to a single lane between 63 Avenue and 51 Avenue,Construction,Construction,Central,Road,POINT (-113.45823534159632 53.50035006530778)
632,,"Aug 13, 2025","Aug 15, 2025",Complete,#1 Single lane closure Westbound,Whitemud Drive NW,122 Street NW,Terwillegar Drive NW,Travel Delays,2 Nights,Night work only from 10pm - 6am. Whitemud Drive Westbound will be reduced to a single lane due to bridge construction. Expect travel delays.,Bridge Construction,Construction,Southwest,Road,POINT (-113.54116748362445 53.48307186687647)
675,,"Oct 01, 2025","Oct 31, 2025",Current,90 Av Reduced to 1 Lane EB,90 Avenue NW,175 Street NW,178 Street NW,Travel Delays,1 Month,90 Av will be reduced to 1 lane EB between 175 St to 178 St for approxiamtely 1 month. Use other routes.,Power Duct Repair,Construction,Northwest,Road,POINT (-113.62993977684127 53.524668807270245)
274,,"Jun 03, 2025","Jun 03, 2025",Complete,Lane closure,82 Avenue NW,100 Street NW,98 Street NW,Major Delays,Between 9:00 pm and 3:30 am,"Westbound 82 Avenue will be reduced to a single lane between 100 Street and 98 Street from 9:00 PM to 3:30 AM. Additionally, all left turns will be prohibited at the intersection of 99 Street and 82 Avenue during these hours.",Construction,Construction,Central,Road,POINT (-113.48871004719527 53.518059076165265)
839,,"Sep 11, 2025","Oct 02, 2025",REVISED,153 Av closed from 18 St - Victoria Tr,153 Avenue NW,18 Street NW,Victoria Trail,Total Closure,3 Weeks,153 Av will be closed starting on September 11 from 18 St to Victoria Tr.,Utility Installation,Construction,Northwest,Road,POINT (-113.3780908358753 53.61588241667931)
259,,"May 21, 2025","Jul 05, 2025",Complete,Eastbound 118 Ave Curb Lane Closure,118 Avenue NW,52 Street NW,50 Street NW,Travel Delays,3 Weeks,Eastbound 118 Ave reduced to one inside lane. South sidewalk closed.,Sidewalk Repair,Construction,Northeast,Road and Sidewalk,POINT (-113.42153827923993 53.57042110282554)
438,,"Jul 03, 2025","Jul 03, 2025",Complete,Filming,Queen Elizabeth Park Road,Saskatchewan Drive,Walterdale Hill,Total Closure,1 hour (12a.m. - 1a.m.),Detour using 99 Street.  Emergency Vehicle and ETS access maintained.,Filming,Special Event,Central,Road,POINT (-113.4935585708168 53.52418933310096)
594,,"Aug 05, 2025","Dec 31, 2025",Current,Reduced to single lane each direction,103A Avenue NW,97 Street NW,101 Street NW,Increased Travel Time,,103A Ave reduced to a single lane in each direction. Northside sidewalk closure from 99 St - 100 St. Southside crosswalk closure at 99 St & 103A Ave.,Pedway construction,Construction,Central,Road and Sidewalk,POINT (-113.48723889205047 53.54661818140958)
514,,"Jul 16, 2025","Jul 25, 2025",Complete,124 St NB Directional Closure,124 Street,126 Avenue NW,Yellowhead Trail,Directional Closure,1.5 Weeks,NB 124 St closed at the North service road of Yellowhead Trail to ~100m South of 126 Ave. Detour using 123 Street. Right turn access from YHT WB to 123 St NB will be opened for this work. Large trucks detour via 123 St or 127 St,Utility Installation,Construction,Northeast,Road,POINT (-113.53596071979747 53.58237323451095)
525,,"Jul 18, 2025","Sep 05, 2025",Current,Northbound 116 St Delays,116 Street NW,102 Avenue NW,,Travel Delays,50 Days,116 St will be reduced to a single lane on Northbound 116 St at 102 Av.,Utility Construction,Construction,Central,Road,POINT (-113.52129034608352 53.54302639714378)
738,,"Sep 04, 2025","Sep 04, 2025",Current,Closure on 117 Street from 102 Avenue to Jasper Avenue,117 Street NW,102 Avenue,Jasper Avenue,Total Closure,One Day (9am-3pm),117 Street will be closed use other routes,Crane Lift,Construction,Central,Road,POINT (-113.52314118472339 53.54302451950703)
316,,"Jun 09, 2025","Jul 18, 2025",Current,Reduced to one lane westbound,Ellerslie Road,70 Street,75 Street,Increased Travel Time,40 Days,Ellerslie Road is reduced to one lane westbound; keep left.,Developer Construction,Construction,Southeast,Road,POINT (-113.4466073556792 53.424883482102075)
216,,"May 15, 2025","May 15, 2025",Complete,Traffic Incident,WHITEMUD DRIVE NW,99 STREET NW,,Traffic Incident Delays,Unknonw,Traffic Incident Whitemud Drive westbound - east of 99 St. Left lane blocked.,Traffic Incident,Traffic Incident,Southeast,Road,POINT (-113.5304417803415 53.493770973792785)
876,,"Sep 09, 2025","Oct 09, 2025",Current,,66 STREET SW,25 AVENUE SW,ORCHARDS BOULEVARD SW,Travel Delays,31 Days,"Starting September 9, 2025, until October 9, 2025, traffic on 66 Street SW travelling in both directions will be reduced, for a brief distance at the intersection of Orchards Blvd to a split traffic. Please choose alternate routes.",DRAINAGE INSTALL,Construction,Southeast,Road and Sidewalk,POINT (-113.44278379505887 53.404028144941684)
398,,"Jun 28, 2025","Jun 28, 2025",Complete,108 St Closure,108 Street NW,Jasper Avenue NW,102 Avenue NW,Total Closure,One Day,"108 St will be closed, use other routes.",Concrete Pour,Construction,Central,Road and Sidewalk,POINT (-113.50659617479108 53.54093118360785)
285,,"Jun 15, 2025","Jun 22, 2025",Complete,170 St Closed Over Anthony Henday Dr,170 Street NW,137 Avenue NW,Levassure Road,Total Closure,8 Nights (8pm to 530am),170 St will be closed from 137 Av to Levassure Rd in St Albert. Use other routes.,Bridge Maintenance,Construction,Northwest,Road,POINT (-113.61500150758171 53.599377876318144)
283,,"Jun 14, 2025","Jun 16, 2025",Complete,Single Lane closure Westbound,23 Avenue NW,119 Street NW,,Travel Delays,3 Days,Single lane closure on 23ave Westbound just east of 119st due to a water valve repair. Closure to go through AM peak. Expect travel delays.,Water Valve Repair,Construction,Southwest,Road,POINT (-113.48127566206044 53.45399875584176)
612,,"Aug 07, 2025","Aug 25, 2025",Revised,Ottewell Road/94b Avenue Intersection Closure,Ottewell Road NW,94 Avenue NW,95 Avenue NW,Total Closure,19 Days,"The intersection of Ottewell Rd and 94b Ave will be closed. Use other routes. Local pedestrian access maintained, follow signage on site",Road Reconstruction,Construction,Southeast,Road and Sidewalk,POINT (-113.4345628496376 53.530746205089066)
414,,"Jul 01, 2025","Jul 01, 2025",Complete,Emily Murphy Park Road Closure,Emily Murphy Park Road,Groat Road,116 Street NW,Total Closure,7:00am - 9:00am,"Total closure of Emily Murphy Park Rd, Groat Rd - 116 St to accommodate the Canada Day Road Race.",Canada Day Road Race,Construction,Central,Road,POINT (-113.5307681404429 53.53085203161314)
780,,"Aug 29, 2025","Sep 02, 2025",Complete,University Ave Eastbound Single Lane Closure,University Avenue NW,115 Street NW,114 Street NW,Travel Delays,5 Days(Fri 6pm - Tue 3pm),Starting Friday @ 6pm the Eastbound University Ave #1 turning lane (EB to SB) from 115 St - 114 St will be closed for a waterline install. The south service road will be closed and local traffic maintained. Use other routes.,Waterline Install,Construction,Central,Road,POINT (-113.52884402100275 53.51697419868827)
360,,"Jun 23, 2025","Oct 24, 2025",Current,170 St Reduced to a Single per direction,170 Street SW,Windermere Boulevard SW,Ellerslie Road SW,Travel Delays,4 Months,Starts June 23rd. 170 St SW from Windermere Blvd to Ellerslie Rd will be reduced to a single lane per directions due to road construction. Expect travel delays.,Road Construction,Construction,Southwest,Road,POINT (-113.61515076986626 53.42337858501319)
449,,"Jul 01, 2025","Aug 18, 2025",Current,Eastbound 92 Av Closed,92 Avenue NW,34 Street NW,50 Street NW,Directional Closure,50 days,"Starting July 1, 2025 eastbound 92 Ave will be closed from 34 St to 50 St. Westbound traffic will be maintained.",Utility Construction,Construction,Southeast,Road,POINT (-113.4183465419633 53.52674178877888)
311,,"Jul 14, 2025","Jul 24, 2025",Complete,113A St Southbound Road Repair,113A Street NW,136 Avenue NW,137 Avenue NW,Travel Delays,Two Weeks,Southbound 113A St reduced to one inside lane.,Road Repair,Construction,Northeast,Road,POINT (-113.5166100794296 53.598387209360844)
652,,"Aug 18, 2025","Sep 01, 2025",Current,154 St closure,154 Street NW,94 Avenue NW,94a Avenue NW,Total Closure,12 Days,94 St will be closed in front of 9421 - 154 Street for drainage repair. Detour using 93 Ave and 155 St,DRAINAGE REPAIR REPLACE,Construction,Northwest,Road and Sidewalk,POINT (-113.58681351551736 53.52997715197457)
744,,"Sep 08, 2025","Sep 12, 2025",Current,104 Street Directional Closure Northbound from 100 Avenue,104 Street,100 Avenue,Jasper Avenue,Directional Closure,5 days,104 St NBD will be directionally closed for off peak (9 am - 3:30 pm) just north of 100 Ave. Use 99 Ave or Jasper as detour.,Tree removal and planting,Construction,Central,Road,POINT (-113.49927839584169 53.53884886242321)
509,,"Jul 21, 2025","Jul 21, 2025",Complete,103 St NBD directional closure,103 Street NW,100 Avenue NW,Jasper Avenue,Directional Closure,1 night,103 St will be directionally closed for northbound traffic from 100 Ave - Jasper Ave. Use 102 St or 104 St as detour. 1 night from 9:00 pm - 6:00 am.,Drainage maintenance,Construction,Central,Road,POINT (-113.49738338079794 53.53882879982644)
580,,"Aug 04, 2025","Aug 11, 2025",Complete,106 Street Total Closure,106 Street NW,62 Avenue NW,63 Avenue NW,Total Closure,1 Week,Starting August 4 @ 9am 106 Street willl be closed from 62 Ave - 63 Ave. The west sidewalk and bike lane will be closed and detoured. Use other routes.,Drainage Installation,Construction,Central,Road and Sidewalk,POINT (-113.50441029235577 53.49904257206282)
87,,,,Complete,Traffic Incident Delays,WHITEMUD DRIVE NW,FOX DRIVE NW,,Traffic Incident Delays,,Stalled vehicle Whitemud Drive westbound - west of Quesnell Bridge. Centre lane is blocked.,Traffic Incident Delays,Traffic Incident,Southwest,Road,POINT (-113.5304417803415 53.493770973792785)
32,,"Feb 07, 2024","Oct 31, 2025",Current,111 St SB reduced to a single lane,111 Street NW,34 Avenue NW,29A Avenue NW,Travel Delays,Long Term Project,"Starts Weds, February 7th @ 9am. 111st SB just north of 29 A Ave will be reduced to a single lane. SB to EB left turn will be banned. Expect travel delays.",Drainage Tunnel Shaft,Construction,Southwest,Road,POINT (-113.51599569889139 53.461257856039985)
12,,"Mar 26, 2023","Dec 31, 2026",Current,87 Ave lane reductions,87 Avenue NW,159 Street NW,182 Street NW,Travel Delays,Long Term Constrcution,"87 Av will be reduced to 1 lane in each direction in various phases from
159 St to 189 St. 
For more information visit https://marigoldinfra.ca/current-construction-notices/",WLRT Construction,Construction,Northwest,Road and Sidewalk,POINT (-113.63714975318233 53.52160623176661)
107,,"Apr 15, 2025","Nov 30, 2025",Current,"South Access Closure at ""114 St"" & 104 Ave",104 Avenue NW,116 Street NW,112 Street NW,Total Closure,7.5 Months,"Total closure of south access at ""114 St"" & 104 Ave. 
For more information, visit marigoldinfra.ca/current-construction-notices/ or Edmonton.ca/projects_plans/transit/valley-line-west",West LRT Construction,Construction,Central,Road and Sidewalk,POINT (-113.51391840799961 53.54622765446929)
129,,"Apr 15, 2025","Apr 15, 2025",Complete,Traffic Incident,WHITEMUD DRIVE NW,53 AVENUE NW,,Traffic Incident Delays,Unknown,Traffic Incident Whitemud Drive eastbound - beyond 53 Ave.,Traffic Incident,Traffic Incident,Southwest,Road,POINT (-113.57201214645684 53.490407577573094)
602,,"Aug 08, 2025","Aug 11, 2025",Current,107 St NB Left turn to Yellowhead Trail WB,107 Street NW,Yellowhead Trail,,Total Closure,Friday 10PM to Monday 6AM,107 Street Northbound to Yellowhead Trail Westbound double left turn will be closed while utility work on Yellowhead Trail crosses 107 St intersection. Detour using 97 Street,Yellowhead Tr Freeway Program,Construction,Northeast,Road,POINT (-113.50880512703432 53.54789056895558)
45,,"Mar 27, 2025","May 31, 2025",Complete,99 Av Closure,99 Avenue NW,150 Street NW,151 Street NW,Total Closure,3 Years,99 Av will be closed from 150 St - 151 St for the construction of a drainage tunnel shaft. Use other routes.,Drainage Shaft Construction,Construction,Northwest,Road and Sidewalk,POINT (-113.57977757224818 53.53771875210941)
732,,"Aug 27, 2025","Aug 28, 2025",Complete,53 Ave to WMD SB Ramp Closure,53 Avenue NW,Whitemud Drive NW,,Total Closure,1 Night,Night work only from 10pm to 6am. 53 Ave to Whitemud Dr EB ramp will be closed due to a pavement marking install. Use detour route.,Pavement Marking Install,Construction,Southwest,Road,POINT (-113.55868614568186 53.4901720728705)
42,,"Apr 29, 2024","Aug 05, 2025",Complete,Reduced to Single Lane Each Direction,103A Avenue NW,97 Street NW,101 Street NW,Increased Travel Time,14 Months,"Starts Monday Apr 29/24 until July 31/25. Reduced to single lane in each direction & north sidewalk closures from 99 St-100 St. Alternating xwalk closures on 99 St-103A Ave int. 104 Ave, 99 St-100 St closed, access to CN Tower parkade maintained.",99 St LRT  Pedway Project,Construction,Central,Road and Sidewalk,POINT (-113.48723889205047 53.54661818140958)
757,,"Aug 25, 2025","Sep 09, 2025",Current,inside lanes EB and WB,151 Avenue NW,26 Street NW,25 Street NW,Travel Delays,2 Weeks,151 Avenue between 25 and 26 Street will be reduced to one lane in each direction for approximately 2 weeks due to a subsidence.  Keep right through the construction,Road Subsidence,Construction,Northeast,Road,POINT (-113.37814337872638 53.61316470716728)
117,,"Apr 16, 2025","Apr 17, 2025",Complete,Westbound Yellowhead Off Ramp to 149 St Closure,Yellowhead Trail NW,St Albert Trail NW,149 Street NW,Travel Delays,1 Night (9pm - 6am),The Westbound Yellowhead Trail off ramp to the westbound service road and access to 149 St will be closed for 1 night (9pm - 6am). Follow posted detour route.,Drainage Inspections,Construction,Northwest,Road,POINT (-113.55691699367259 53.58114638923677)
182,,"May 01, 2025","May 04, 2025",Complete,65 St total closure,65 Street NW,19 Avenue NW,,Total Closure,4 days,65 St from 19 Ave to the lane north will be total closed for Drainage work. Use 61 St from 19A Ave as detour,Drainage Work,Construction,Southeast,Road and Sidewalk,POINT (-113.4374825450298 53.55484604906639)
485,,"Jul 11, 2025","Jul 12, 2025",Complete,Double lane clousre Eastbound,Whitemud Drive NW,111 Street NW,,Travel Delays,2 Days,July 11th @ 10pm to July 12th @ 8pm. Whitemud Dr @ 111st Overpass will be reduced to 2 lanes eastbound. Both left turning lanes will be closed. Left turns permitted from the #2 lane. Expect delays.,LRT Track Repair,Construction,Southwest,Road,POINT (-113.5304417803415 53.493770973792785)
294,,"Jun 04, 2025","Oct 01, 2025",Revised,101A Ave; 97 St-96 St,Okisikow Way NW,97 Street NW,,Total Closure,4 Months (24/7),101A Avenue NW closed from 97 St - 96 St. North sidewalk closed. Pedestrian detour using south sidewalk. Vehicle detour using Jasper Ave and 96 St from Jasper Ave.,Road Rehab,Construction,Central,Road and Sidewalk,POINT (-113.48585141952232 53.543146463375926)
620,,"Aug 29, 2025","Sep 04, 2025",Current,97 ST Lane Closure,97 Street NW,112 Avenue NW,118 Avenue NW,Increased Travel Time,One Week,97 ST northbound and southbound will be reduced to a single lane between 09:00-15:30hrs daily. Keep right.,Tree/Shrub Install,Construction,Central,Road,POINT (-113.49203430163989 53.57038968237327)
870,,"Sep 15, 2025","Sep 22, 2025",Current,WMD EB @ 53ave on and off ramps closed,Whitemud Drive NW,53 Avenue NW,,Total Closure,7 Nights,Nightly from 9pm - 6am. WMD EB @ 53 Ave on and off ramps both closed due to milling and paving. Follow detour route.,Milling and Paving,Construction,Southwest,Road,POINT (-113.57201214645684 53.490407577573094)
342,,"Jun 16, 2025","Aug 22, 2025",Revised,SB 66 St Outside Lane Closure,66 STREET NW,134 AVENUE NW,131A AVENUE NW,Travel Delays,11 Weeks,SB 66 St reduced to one inside lane through 132 Ave intersection. Pedestrians maintained.,132 Avenue Rehab,Construction,Northeast,Road,POINT (-113.44297808085781 53.591279645382)
243,,"May 29, 2025","Oct 31, 2025",Revised,18 St over Horsehills Creek Bridge Replacement,18 Street NW,195 Avenue NW,227 Avenue NW,Travel Delays,5 Months,18 St will be closed from ~150m North of 195 Ave to ~2.75km South of 227 Ave NW,Bridge Replacement,Construction,Northeast,Road,POINT (-113.36892257011127 53.65718967417557)
421,,"Jul 04, 2025","Jul 07, 2025",Complete,23 Ave Eastbound single lane closure,23 Avenue NW,110 Street NW,109 Street NW,Travel Delays,4 Days,July 4th @ 8pm - July 7th @ 3pm. 23 Ave will be reduced to 1 lane eastbound due to a water valve repair. Expect travel delays.,Water Valve Repair,Construction,Southwest,Road,POINT (-113.5131255933576 53.45391444717285)
60,,"Mar 04, 2025",,Current,Reduced to single lane,34 Street NW,Sherwood Park Freeway,,Travel Delays,,34 St over Sherwood Park Freeway is reduced to a single lane each direction and speed reduced to 30km/hr for bridge repairs. No left turns onto freeway permitted. Use 17 St or 50 St for detour.,Bridge Repairs,Construction,Southeast,Road,POINT (-113.3939909888171 53.51682137386834)
73,,"Apr 01, 2025","Apr 03, 2025",Complete,Single Lane Closures,199 Street NW,62 Avenue,,Travel Delays,3 Days,199 St & 62 Ave will be reduced to signle straight through lane westbound and souhtbound due to an emergency drainage repair. Expect travel delays.,Emergency Drainage Repair,Construction,Southwest,Road,POINT (-113.66576533527477 53.49384935580956)
169,,"Nov 01, 2024","Nov 01, 2026",Current,Capital Line LRT Project,111 Street,9 Avenue,29A Avenue,Increased Travel Time,2 year,Various lane closure for LRT Construction,LRT Construction,Construction,Southwest,Road and Sidewalk,POINT (-113.51825745689013 53.43939857725276)
148,,"Apr 29, 2025","Apr 30, 2025",Complete,Yellowhead Trail Service Rd Closure,Yellowhead Trail NW,142 Street NW,St Albert Trail NW,Total Closure,1 Night (9 pm - 6 am),Total closure of the Yellowhead Tr EB service road from 142 St to St Albert Trail including the on-ramp to YHT EB.,YHT Freeway Conversion,Construction,Northwest,Road,POINT (-113.55691699367259 53.58114638923677)
211,,"May 15, 2025","Oct 09, 2025",Current,"108 Ave Closed, 124 St - 123 St",108 Avenue NW,124 Street NW,123 Street NW,Total Closure,5 Months (Thursdays 2pm- 8pm),"108 Av, 124 St - 123 St will be closed on Thursdays from 2pm - 8pm starting May 15th for the 124 St Grand Market.",124 St Grand Market,Special Event,Central,Road,POINT (-113.53589832340887 53.55255290357252)
332,,"Jun 17, 2025","Jul 15, 2025",Current,Total Closure,62 St,Austin O''Brien Road,97A Avenue,Total Closure,4 Weeks,"Starting June 17, 2025 62 Street will be closed between Austing O'Brien Road and 97A Avenue. Please use other routes.",Drainage Install,Construction,Southeast,Road and Sidewalk,POINT (-113.42680702144729 53.53612440247594)
568,,"Jul 30, 2025","Aug 12, 2025",Current,107 St/130 Ave Intersection Closure,107 Street NW,130 Avenue NW,,Total Closure,Two Weeks,,Utility Installation,Construction,Northeast,Road and Sidewalk,POINT (-113.50408452106679 53.58958182320726)
219,,"May 17, 2025","May 17, 2025",Complete,195 Ave Total Closure,195 Avenue NW,18 Street NW,34 Street NW,Total Closure,"One Day, 10AM to 2PM",195 Ave closed at 34 St and 18 St. Detour to 227 Ave. Local access maintained.,Rail Crossing Repair,Construction,Northeast,Road,POINT (-113.39351237034913 53.65775880134406)
82,,"Apr 08, 2025","Apr 08, 2025",Complete,"102 Ave Staged Closures, 121 St - 111 St",102 Avenue NW,121 Street NW,111 Street NW,Total Closure,1 Day (9am - 3:30pm),Staged block-by-block closures of 102 Ave from 121 St - 111 St. Local access to properties maintained via flag person control. Cyclist access on 102 Ave maintained within the road closures.,Drainage Inspection,Construction,Central,Road,POINT (-113.51210610877588 53.54301820373625)
319,,"Jun 14, 2025","Jun 14, 2025",Complete,53 Avenue; 87 Street ot 89 Street - Closure,53 Avenue NW,87 Street NW,89 Street NW,Total Closure,1 Day,One day closure event on Saturday June 14th from 07:00 to 18:00. Parking Ban in effect. Rivercity Motors Annual Charity Show and Shine.,Special Event,Special Event,Central,Road,POINT (-113.46409302432248 53.4898219114007)
687,,"Sep 15, 2025","Mar 15, 2027",Current,102 Av - Wellington Bridge Closure,102 Avenue NW,Wellington Crescent,132 Street NW,Total Closure,18 Months,102 Av will be closed from Wellington Cres / 130 St to west of 132 St for replacement of the Wellington Bridge. The closure includes the sidewalks on both sides of the bridge and the trail underneath.  Access to/from 130 St at 102 Ave and the 132 St /102 Ave intersection will also be closed as part of the work.,Bridge Repairs,Construction,Northwest,Road and Sidewalk,POINT (-113.54655339015358 53.54303920708547)
229,,"May 26, 2025","May 28, 2025",Current,Total Closure,35 Avenue,84 Street,87 Street,Total Closure,3 Days,Local Access Maintaned.,EPCOR Drainage Repair,Construction,Southeast,Road,POINT (-113.46012975517665 53.467600734328556)
55,,"Apr 03, 2025","Aug 15, 2025",Current,Various lane closures,Whitemud Drive,50 Street,,Increased Travel Time,135 Days,Whitemud Drive ramps to 50 St will be reduced in capacity in various phases for bridge rehabilitation construction. Use other routes.,Bridge Rehabilitation,Construction,Southeast,Road and Sidewalk,POINT (-113.52375994564702 53.49338159384114)
682,,"Aug 22, 2025","Aug 24, 2025",Complete,Multiple Lane Closure's,34 Avenue NW,106 Street NW,Calgary Trail NW,Travel Delays,3 Days,"Friday @ 10pm until Sunday @ 4pm. Multiple lane closure's at the intersection of 106st & 34ave. Left turns will be banned for west, south and northbound traffic. Use other routes.",Drainage Repair,Construction,Southwest,Road and Sidewalk,POINT (-113.49582618721489 53.467670442052956)
765,,"Sep 12, 2025","Sep 13, 2025",Current,102 ST Total Closure,102 Street NW,Jasper Avenue NW,102 Avenue NW,Total Closure,Two Days,Road segment closed to vehicle traffic between 19:00hrs 12-Sep-2025 to 20:00hrs 13-Sep-2025. West sidewalk detoured to east sidewalk. Local access will be maintained.,Crane Lift,Construction,Central,Road and Sidewalk,POINT (-113.49556974628355 53.540931215120395)
671,,"Aug 22, 2025","Sep 13, 2025",REVISED,184 St Reduced to 1 Lane NB,184 Street NW,105 Avenue NW,107 Avenue NW,Travel Delays,2.5 Weeks,184 St will be reduced to 1 lane NB from South of 107 Av to 107 Av. The east sidewalk will be closed as well. Use other routes.,Emergency Drainage Repair,Construction,Northwest,Road and Sidewalk,POINT (-113.63982939113912 53.54859772775772)
714,,"Aug 25, 2025","Aug 26, 2025",Current,106 St Closure,106 Street NW,Jasper Avneue Nw,100 Avenue NW,Total Closure,1 Night 9pm-2am,106 St will be closed from Jasper Av to the alley south of Jasper Av for Utility work.,Utility Work,Construction,Central,Road,POINT (-113.50292151367864 53.538834998994695)
203,,"May 20, 2025","Jun 01, 2025",Complete,145 Ave; 20 St-21 St (Total Closure),145 Avenue NW,20 Street NW,21 Street NW,Total Closure,15 Days (24/7),"145 Ave from 20 St to 21 St will be closed to vehicle traffic. Please use other
routes.",DRAINAGE REPAIR REPLACE,Construction,Northeast,Road,POINT (-113.37289041483925 53.607105586633075)
458,,"Jul 10, 2025","Jul 21, 2025",Complete,105 Av Reduced to 1 Lane Each Way,105 Avenue NW,174 Street NW,176 Street NW,Travel Delays,12 Days,105 Av will be reduced to 1 lane each way from 174 St to 176 St. Use other routes.,Power Installation,Construction,Northwest,Road,POINT (-113.62038922558239 53.54861930307397)
371,,"Jul 02, 2025","Jul 25, 2025",Complete,113 Street Closure,113 Street NW,11 Avenue NW,10A Avenue NW,Total Closure,3 Weeks,113 St from 11 Ave to 10A Ave will be closed due to Drainage maintenance. Use other routes.,Drainage Maintenance,Construction,Southwest,Road,POINT (-113.52476677727853 53.44165979627631)
139,,"Apr 28, 2025","Jul 09, 2025",Complete,Eastbound to Southbound Turning lane closure,53 Avenue NW,Whitemud Drive NW,,Travel Delays,2.5 Months,Starts April 28th @ 9am. 53ave Eastbound to Whitemud Drive Southbound right turning lane will be closed. Eastbound traffic must turn right at the intersection to access Whitemud Dr Southbound. Expect travel delays.,Road Construction,Construction,Southwest,Road,POINT (-113.55868614568186 53.4901720728705)
794,,"Aug 28, 2025","Aug 29, 2025",Complete,98 Ave; 85 St-91 St Night Flagging,98 Avenue NW,85 Street NW,91 Street NW,Travel Delays,1 night (10pm-6am),98 Ave will be under flagperson control between 85 St and 91 St.,SEWER MAINTENANCE,Construction,Central,Road,POINT (-113.45578088661335 53.53744991122922)
548,,"Jul 23, 2025","Sep 27, 2025",Cancelled,Lane Closures,156 Street NW,79A Avenue NW,77A Avenue NW,Travel Delays,2 Months,"Southbound 156 street on the bridge will be converted to two-way traffic, accommodating both Northbound and Southbound lanes. This change will be affect the section between 79A Avenue and 77A Avenue. East bound 159 street off ramp will be closed.",Construction,Construction,Southwest,Road and Sidewalk,POINT (-113.59035788756594 53.50985087347888)
386,,"Jun 23, 2025","Jun 23, 2025",Complete,Traffic Incident,YELLOWHEAD TRAIL NW,124 STREET NW,,Traffic Incident Delays,Unknown,Stalled vehicle Yellowhead Trail westbound at 124 Street. Right lane blocked.,Traffic Incident,Traffic Incident,Northeast,Road,POINT (-113.5249490750496 53.57821620245865)
447,,"Jun 27, 2025","Sep 30, 2025",Current,132 Ave East Rehab - Phase II,132 Avenue NW,69 Street NW,72 Street NW,Total Closure,Three Months,"132 Ave close from 69 Street to 72 Street. North sidewalk closed to start, South sidewalk closed after completion of North side.",Arterial Rehab,Construction,Northeast,Road and Sidewalk,POINT (-113.4475805112448 53.592199205339696)
535,,"Jul 10, 2025","Jul 25, 2025",Complete,87 Ave Eastbound Single Lane Closure,87 Avenue NW,116 Street NW,114 Street NW,Travel Delays,2 Weeks,Eastbound 87 Ave from 116 St - 114 is reduced to a single lane for an emergency drainage repair. Use other routes.,Emergency Drainage Repair,Construction,Central,Road,POINT (-113.5306301816127 53.522944487812836)
473,,"Jul 03, 2025","Jul 10, 2025",Complete,97 St 132 Ave Delays,97 Street NW,132 Avenue NW,,Travel Delays,One Week,Northbound 97 St outside lane closed at 132 Ave. Westbound 132 Ave reducued to one outside lane. East crosswalk closed.,Utility Repair,Construction,Northeast,Road and Sidewalk,POINT (-113.49198217461417 53.59206680451622)
335,,"Jun 16, 2025","Dec 31, 2026",Current,Ellerslie Road Travel Delays,Ellerslie Road SW,Rabbit Hill Road SW,Heritage Valley Trail SW,Travel Delays,Long Term Project,Starts June 16th. Ellerslie Rd from East of Rabbit Hill Rd to Heritage Valley Trail will be undergoing road construction. Full time speed reduction in place.  Expect travel delays.,Road Construction,Construction,Southwest,Road,POINT (-113.58983573962888 53.425074385191095)
834,,"Sep 06, 2025","Sep 14, 2025",Current,Jasper AV Lane Closure,Jasper Avenue NW,100 Street NW,100A Street NW,Increased Travel Time,Two Weekends,"Jasper AV eastbound reduced to a single lane Sept. 6,7,13,14 between the hours of 07:00-19:00hrs. South sidewalk of road segment detoured to the north sidewalk.",Building Maintenance,Construction,Central,Road and Sidewalk,POINT (-113.49077366153999 53.54112419016741)
145,,"May 02, 2025","May 02, 2025",Complete,Road Closure,107 Street NW,78 Avenue NW,79 Avenue NW,Total Closure,9:00 am - 3:00 pm,107 Street will be closed between 78 Avenue and 79 Avenue.,Construction,Construction,Central,Road and Sidewalk,POINT (-113.50632395781406 53.51424728480858)
412,,"Jul 01, 2025","Jul 01, 2025",Complete,Groat Road SBD Closure,Groat Road,River Valley Road,Emily Murphy Park Road,Directional Closure,6am - 8:30am,"Total closure of southbound Groat Road & Bridge,  River Valley Rd - Emily Murphy Park Rd and single lane closure on southbound Groat Road , 107 Av - River Valley Rd to accommodate the Canada Day Road Race.",Canada Day Road Race,Special Event,Central,Road,POINT (-113.53686440013828 53.53798523953657)
340,,"Jun 13, 2025","Jun 13, 2025",Complete,Traffic Incident,FORT ROAD NW,YELLOWHEAD TRAIL NW,,Traffic Incident Delays,Unknown,Traffic Incident Fort Road northbound at Yellowhead Trail overpass.,Traffic Incident,Traffic Incident,Northeast,Road,POINT (-113.45291388507447 53.58066450309068)
306,,"Jun 15, 2025","Jun 19, 2025",Complete,WMD WB to TWD SB Ramp Closure,Whitemud Drive NW,Terwillegar Drive NW,,Total Closure,2 Nights,Night of June 15th & 18th only from 9:30pm - 6am. Whitemud Drive WB to Terwillegar Dr SB ramp will be closed due to a pavement marking install. Follow detour route.,Pavement marking Install,Construction,Southwest,Road,POINT (-113.5708197261924 53.48248635019089)
821,,"Sep 06, 2025","Sep 07, 2025",Current,101 ST Northbound Lane Closure,101 Street NW,Jasper Avenue NW,103 Avenue NW,Increased Travel Time,Two Days,101 ST northbound reduced to two lanes.,Crane Lift,Construction,Central,Road,POINT (-113.49372678450347 53.54093775116459)
238,,"Jun 12, 2025","Jun 12, 2025",Complete,#1 Single lane closure Northbound,Whitemud Drive NW,Fox Drive NW,149 Street NW,Travel Delays,1 Day,June 12th from 9am - 3pm Only. #1 Northbound lane closure on Whitemud Drive from Fox Dr - 149 St. Speed reduced accordingly. Expect travel delays.,Pump Station Inspection,Construction,Southwest,Road,POINT (-113.56559641293937 53.502879927141066)
500,,"Aug 05, 2025","Nov 22, 2025",REVISED,EB 51 Ave west of 99 St (Lane Closures),51 Avenue NW,Gateway Boulevard,99 Street NW,Travel Delays,4 Months (24/7),EB 51 Ave to be reduced to a single lane from 10025 51 Ave to 50m West of 99 St.,DRAINAGE REPAIR REPLACE,Construction,Central,Road,POINT (-113.49185093360715 53.488195976395644)
151,,"Apr 23, 2025","Apr 23, 2025",Complete,Traffic Incident,GATEWAY BOULEVARD NW,WHITEMUD DRIVE NW,,Traffic Incident Delays,Unknown,Traffic Incident Gateway Blvd NB - Whitemud Drive overpass.,Traffic Incident,Traffic Incident,Southwest,Road,POINT (-113.49292190286717 53.48557651480033)
630,,"Aug 23, 2025","Aug 23, 2025",Complete,Groat Rd Closure,Groat Road NW,107 Avenue NW,River Valley Road NW,Total Closure,1 Day (6 am - 2pm),Groat Road from 107 Ave to River Valley Road will be closed. 107 Avenue overtop of Groat Road will be split to the North side of the bridge deck.,Do North - Special Event,Special Event,Central,Road,POINT (-113.5498195217147 53.55104723023151)
66,,"Mar 29, 2025","Apr 05, 2025",Complete,113 ST Traffic Split,113 Street NW,67 Avenue NW,72 Avenue NW,Increased Travel Time,Eight Days,"Road segment will be reduced to a single lane in each direction, and split to the west",Drainage Repairs,Construction,Central,Road,POINT (-113.5234323717252 53.50839007222448)
775,,"Aug 27, 2025","Sep 17, 2025",Current,,94B AVENUE NW,OTTEWELL ROAD NW,68A STREET NW,Total Closure,3 WEEKS,94B AVENUE WILL BE CLOSED FROM OTTEWELL ROAD TO 68A STREET.PEDESTRIANS DETOUR IN EFFECT. FOLLW DETOUR SIGNS FOR ALTERNATE ROUTES.,ROAD CONSTRUCTION,Construction,Southeast,Road and Sidewalk,POINT (-113.43586289016964 53.53270155716321)
713,,"Aug 22, 2025","Aug 25, 2025",Current,101 ST Traffic Split,101 Street NW,Jasper Avenue NW,103 Avenue NW,Increased Travel Time,Four Days,101 ST will be reduced to a single lane and split to the east side. Pedestrian traffic will be detoured to east sidewalk. Lane reduction and split setup at 21:00hrs 22-Aug-2025 to 06:00hrs 25-Aug-2025.,Crane Lift,Construction,Central,Road and Sidewalk,POINT (-113.49397662037548 53.54478955312297)
